constituency_code,constitunecy_number,constituency,State_Short,state_code,Phase,Date,Nomination,Category,State
S01-1,1,ADILABAD,TS,S01,1,11-04-2019,25-03-2019,ST,TELANGANA
S01-10,10,CHEVELLA,TS,S01,1,11-04-2019,25-03-2019,GEN,TELANGANA
S01-11,11,MAHBUBNAGAR,TS,S01,1,11-04-2019,25-03-2019,GEN,TELANGANA
S01-12,12,NAGARKURNOOL,TS,S01,1,11-04-2019,25-03-2019,SC,TELANGANA
S01-13,13,NALGONDA,TS,S01,1,11-04-2019,25-03-2019,GEN,TELANGANA
S01-14,14,BHONGIR,TS,S01,1,11-04-2019,25-03-2019,GEN,TELANGANA
S01-15,15,WARANGAL,TS,S01,1,11-04-2019,25-03-2019,SC,TELANGANA
S01-16,16,MAHABUBABAD,TS,S01,1,11-04-2019,25-03-2019,ST,TELANGANA
S01-17,17,KHAMMAM,TS,S01,1,11-04-2019,25-03-2019,GEN,TELANGANA
S01-18,18,ARAKU,AP,S01,1,11-04-2019,25-03-2019,ST,ANDHRA PRADESH
S01-19,19,SRIKAKULAM,TS,S01,1,11-04-2019,25-03-2019,GEN,ANDHRA PRADESH
S01-2,2,PEDDAPALLE,AP,S01,1,11-04-2019,25-03-2019,SC,TELANGANA
S01-20,20,VIZIANAGARAM,AP,S01,1,11-04-2019,25-03-2019,GEN,ANDHRA PRADESH
S01-21,21,VISAKHAPATNAM,AP,S01,1,11-04-2019,25-03-2019,GEN,ANDHRA PRADESH
S01-22,22,ANAKAPALLE,AP,S01,1,11-04-2019,25-03-2019,GEN,ANDHRA PRADESH
S01-23,23,KAKINADA,AP,S01,1,11-04-2019,25-03-2019,GEN,ANDHRA PRADESH
S01-24,24,AMALAPURAM,AP,S01,1,11-04-2019,25-03-2019,SC,ANDHRA PRADESH
S01-25,25,RAJAHMUNDRY,AP,S01,1,11-04-2019,25-03-2019,GEN,ANDHRA PRADESH
S01-26,26,NARSAPURAM,AP,S01,1,11-04-2019,25-03-2019,GEN,ANDHRA PRADESH
S01-27,27,ELURU,AP,S01,1,11-04-2019,25-03-2019,GEN,ANDHRA PRADESH
S01-28,28,MACHILIPATNAM,AP,S01,1,11-04-2019,25-03-2019,GEN,ANDHRA PRADESH
S01-29,29,VIJAYAWADA,AP,S01,1,11-04-2019,25-03-2019,GEN,ANDHRA PRADESH
S01-3,3,KARIMNAGAR,TS,S01,1,11-04-2019,25-03-2019,GEN,TELANGANA
S01-30,30,GUNTUR,AP,S01,1,11-04-2019,25-03-2019,GEN,ANDHRA PRADESH
S01-31,31,NARASARAOPET,AP,S01,1,11-04-2019,25-03-2019,GEN,ANDHRA PRADESH
S01-32,32,BAPATLA,AP,S01,1,11-04-2019,25-03-2019,SC,ANDHRA PRADESH
S01-33,33,ONGOLE,AP,S01,1,11-04-2019,25-03-2019,GEN,ANDHRA PRADESH
S01-34,34,NANDYAL,AP,S01,1,11-04-2019,25-03-2019,GEN,ANDHRA PRADESH
S01-35,35,KURNOOL,AP,S01,1,11-04-2019,25-03-2019,GEN,ANDHRA PRADESH
S01-36,36,ANANTAPUR,AP,S01,1,11-04-2019,25-03-2019,GEN,ANDHRA PRADESH
S01-37,37,HINDUPUR,AP,S01,1,11-04-2019,25-03-2019,GEN,ANDHRA PRADESH
S01-38,38,KADAPA,AP,S01,1,11-04-2019,25-03-2019,GEN,ANDHRA PRADESH
S01-39,39,NELLORE,AP,S01,1,11-04-2019,25-03-2019,GEN,ANDHRA PRADESH
S01-4,4,NIZAMABAD,TS,S01,1,11-04-2019,25-03-2019,GEN,TELANGANA
S01-40,40,TIRUPATI,AP,S01,1,11-04-2019,25-03-2019,SC,ANDHRA PRADESH
S01-41,41,RAJAMPET,AP,S01,1,11-04-2019,25-03-2019,GEN,ANDHRA PRADESH
S01-42,42,CHITTOOR,AP,S01,1,11-04-2019,25-03-2019,SC,ANDHRA PRADESH
S01-5,5,ZAHIRABAD,TS,S01,1,11-04-2019,25-03-2019,GEN,TELANGANA
S01-6,6,MEDAK,TS,S01,1,11-04-2019,25-03-2019,GEN,TELANGANA
S01-7,7,MALKAJGIRI,TS,S01,1,11-04-2019,25-03-2019,GEN,TELANGANA
S01-8,8,SECUNDERABAD,TS,S01,1,11-04-2019,25-03-2019,GEN,TELANGANA
S01-9,9,HYDERABAD,TS,S01,1,11-04-2019,25-03-2019,GEN,TELANGANA
S02-1,1,ARUNACHAL WEST,AR,S02,1,11-04-2019,25-03-2019,GEN,ARUNACHAL PRADESH
S02-2,2,ARUNACHAL EAST,AR,S02,1,11-04-2019,25-03-2019,GEN,ARUNACHAL PRADESH
S03-1,1,KARIMGANJ,AS,S03,2,18-04-2019,26-03-2019,SC,ASSAM
S03-10,10,NOWGONG,AS,S03,2,18-04-2019,26-03-2019,GEN,ASSAM
S03-11,11,KALIABOR,AS,S03,1,11-04-2019,25-03-2019,GEN,ASSAM
S03-12,12,JORHAT,AS,S03,1,11-04-2019,25-03-2019,GEN,ASSAM
S03-13,13,DIBRUGARH,AS,S03,1,11-04-2019,25-03-2019,GEN,ASSAM
S03-14,14,LAKHIMPUR,AS,S03,1,11-04-2019,25-03-2019,GEN,ASSAM
S03-2,2,SILCHAR,AS,S03,2,18-04-2019,26-03-2019,GEN,ASSAM
S03-3,3,AUTONOMOUS DISTRICT,AS,S03,2,18-04-2019,26-03-2019,ST,ASSAM
S03-4,4,DHUBRI,AS,S03,3,23-04-2019,04-04-2019,GEN,ASSAM
S03-5,5,KOKRAJHAR,AS,S03,3,23-04-2019,04-04-2019,ST,ASSAM
S03-6,6,BARPETA,AS,S03,3,23-04-2019,04-04-2019,GEN,ASSAM
S03-7,7,GAUHATI,AS,S03,3,23-04-2019,04-04-2019,GEN,ASSAM
S03-8,8,MANGALDOI,AS,S03,2,18-04-2019,26-03-2019,GEN,ASSAM
S03-9,9,TEZPUR,AS,S03,1,11-04-2019,25-03-2019,GEN,ASSAM
S04-1,1,VALMIKI NAGAR,BR,S04,6,12-05-2019,23-04-2019,GEN,BIHAR
S04-2,2,PASCHIM CHAMPARAN,BR,S04,6,12-05-2019,23-04-2019,GEN,BIHAR
S04-3,3,PURVI CHAMPARAN,BR,S04,6,12-05-2019,23-04-2019,GEN,BIHAR
S04-4,4,SHEOHAR,BR,S04,6,12-05-2019,23-04-2019,GEN,BIHAR
S04-5,5,SITAMARHI,BR,S04,5,06-05-2019,18-04-2019,GEN,BIHAR
S04-6,6,MADHUBANI,BR,S04,5,06-05-2019,18-04-2019,GEN,BIHAR
S04-7,7,JHANJHARPUR,BR,S04,3,23-04-2019,04-04-2019,GEN,BIHAR
S04-8,8,SUPAUL,BR,S04,3,23-04-2019,04-04-2019,GEN,BIHAR
S04-9,9,ARARIA,BR,S04,3,23-04-2019,04-04-2019,GEN,BIHAR
S04-10,10,KISHANGANJ,BR,S04,2,18-04-2019,26-03-2019,GEN,BIHAR
S04-11,11,KATIHAR,BR,S04,2,18-04-2019,26-03-2019,GEN,BIHAR
S04-12,12,PURNIA,BR,S04,2,18-04-2019,26-03-2019,GEN,BIHAR
S04-13,13,MADHEPURA,BR,S04,3,23-04-2019,04-04-2019,GEN,BIHAR
S04-14,14,DARBHANGA,BR,S04,4,29-04-2019,09-04-2019,GEN,BIHAR
S04-15,15,MUZAFFARPUR,BR,S04,5,06-05-2019,18-04-2019,GEN,BIHAR
S04-16,16,VAISHALI,BR,S04,6,12-05-2019,23-04-2019,GEN,BIHAR
S04-17,17,GOPALGANJ,BR,S04,6,12-05-2019,23-04-2019,SC,BIHAR
S04-18,18,SIWAN,BR,S04,6,12-05-2019,23-04-2019,GEN,BIHAR
S04-19,19,MAHARAJGANJ,BR,S04,6,12-05-2019,23-04-2019,GEN,BIHAR
S04-20,20,SARAN,BR,S04,5,06-05-2019,18-04-2019,GEN,BIHAR
S04-21,21,HAJIPUR,BR,S04,5,06-05-2019,18-04-2019,SC,BIHAR
S04-22,22,UJIARPUR,BR,S04,4,29-04-2019,09-04-2019,GEN,BIHAR
S04-23,23,SAMASTIPUR,BR,S04,4,29-04-2019,09-04-2019,SC,BIHAR
S04-24,24,BEGUSARAI,BR,S04,4,29-04-2019,09-04-2019,GEN,BIHAR
S04-25,25,KHAGARIA,BR,S04,3,23-04-2019,04-04-2019,GEN,BIHAR
S04-26,26,BHAGALPUR,BR,S04,2,18-04-2019,26-03-2019,GEN,BIHAR
S04-27,27,BANKA,BR,S04,2,18-04-2019,26-03-2019,GEN,BIHAR
S04-28,28,MUNGER,BR,S04,4,29-04-2019,09-04-2019,GEN,BIHAR
S04-29,29,NALANDA,BR,S04,7,19-05-2019,29-04-2019,GEN,BIHAR
S04-30,30,PATNA SAHIB,BR,S04,7,19-05-2019,29-04-2019,GEN,BIHAR
S04-31,31,PATALIPUTRA,BR,S04,7,19-05-2019,29-04-2019,GEN,BIHAR
S04-32,32,ARRAH,BR,S04,7,19-05-2019,29-04-2019,GEN,BIHAR
S04-33,33,BUXAR,BR,S04,7,19-05-2019,29-04-2019,GEN,BIHAR
S04-34,34,SASARAM,BR,S04,7,19-05-2019,29-04-2019,SC,BIHAR
S04-35,35,KARAKAT,BR,S04,7,19-05-2019,29-04-2019,GEN,BIHAR
S04-36,36,JAHANABAD,BR,S04,7,19-05-2019,29-04-2019,GEN,BIHAR
S04-37,37,AURANGABAD,BR,S04,1,11-04-2019,25-03-2019,GEN,BIHAR
S04-38,38,GAYA,BR,S04,1,11-04-2019,25-03-2019,SC,BIHAR
S04-39,39,NAWADA,BR,S04,1,11-04-2019,25-03-2019,GEN,BIHAR
S04-40,40,JAMUI,BR,S04,1,11-04-2019,25-03-2019,SC,BIHAR
S05-2,2,SOUTH GOA,GA,S05,3,23-04-2019,04-04-2019,GEN,GOA
S05-1,1,NORTH GOA,GA,S05,3,23-04-2019,04-04-2019,GEN,GOA
S06-1,1,KACHCHH,GJ,S06,3,23-04-2019,04-04-2019,SC,GUJARAT
S06-2,2,BANASKANTHA,GJ,S06,3,23-04-2019,04-04-2019,GEN,GUJARAT
S06-3,3,PATAN,GJ,S06,3,23-04-2019,04-04-2019,GEN,GUJARAT
S06-4,4,MAHESANA,GJ,S06,3,23-04-2019,04-04-2019,GEN,GUJARAT
S06-5,5,SABARKANTHA,GJ,S06,3,23-04-2019,04-04-2019,GEN,GUJARAT
S06-6,6,GANDHINAGAR,GJ,S06,3,23-04-2019,04-04-2019,GEN,GUJARAT
S06-7,7,AHMEDABAD EAST,GJ,S06,3,23-04-2019,04-04-2019,GEN,GUJARAT
S06-8,8,AHMEDABAD WEST,GJ,S06,3,23-04-2019,04-04-2019,GEN,GUJARAT
S06-9,9,SURENDRANAGAR,GJ,S06,3,23-04-2019,04-04-2019,SC,GUJARAT
S06-10,10,RAJKOT,GJ,S06,3,23-04-2019,04-04-2019,GEN,GUJARAT
S06-11,11,PORBANDAR,GJ,S06,3,23-04-2019,04-04-2019,GEN,GUJARAT
S06-12,12,JAMNAGAR,GJ,S06,3,23-04-2019,04-04-2019,GEN,GUJARAT
S06-13,13,JUNAGADH,GJ,S06,3,23-04-2019,04-04-2019,GEN,GUJARAT
S06-14,14,AMRELI,GJ,S06,3,23-04-2019,04-04-2019,GEN,GUJARAT
S06-15,15,BHAVNAGAR,GJ,S06,3,23-04-2019,04-04-2019,GEN,GUJARAT
S06-16,16,ANAND,GJ,S06,3,23-04-2019,04-04-2019,GEN,GUJARAT
S06-17,17,KHEDA,GJ,S06,3,23-04-2019,04-04-2019,GEN,GUJARAT
S06-18,18,PANCHMAHAL,GJ,S06,3,23-04-2019,04-04-2019,GEN,GUJARAT
S06-19,19,DAHOD,GJ,S06,3,23-04-2019,04-04-2019,ST,GUJARAT
S06-20,20,VADODARA,GJ,S06,3,23-04-2019,04-04-2019,GEN,GUJARAT
S06-21,21,CHHOTA UDAIPUR,GJ,S06,3,23-04-2019,04-04-2019,ST,GUJARAT
S06-22,22,BHARUCH,GJ,S06,3,23-04-2019,04-04-2019,GEN,GUJARAT
S06-23,23,BARDOLI,GJ,S06,3,23-04-2019,04-04-2019,ST,GUJARAT
S06-24,24,SURAT,GJ,S06,3,23-04-2019,04-04-2019,GEN,GUJARAT
S06-25,25,NAVSARI,GJ,S06,3,23-04-2019,04-04-2019,GEN,GUJARAT
S06-26,26,VALSAD,GJ,S06,3,23-04-2019,04-04-2019,ST,GUJARAT
S07-1,1,AMBALA,HR,S07,6,12-05-2019,23-04-2019,SC,HARYANA
S07-2,2,KURUKSHETRA,HR,S07,6,12-05-2019,23-04-2019,GEN,HARYANA
S07-3,3,SIRSA,HR,S07,6,12-05-2019,23-04-2019,SC,HARYANA
S07-5,5,KARNAL,HR,S07,6,12-05-2019,23-04-2019,GEN,HARYANA
S07-6,6,SONIPAT,HR,S07,6,12-05-2019,23-04-2019,GEN,HARYANA
S07-4,4,HISAR,HR,S07,6,12-05-2019,23-04-2019,GEN,HARYANA
S07-7,7,ROHTAK,HR,S07,6,12-05-2019,23-04-2019,GEN,HARYANA
S07-8,8,BHIWANI-MAHENDRAGARH,HR,S07,6,12-05-2019,23-04-2019,GEN,HARYANA
S07-9,9,GURGAON,HR,S07,6,12-05-2019,23-04-2019,GEN,HARYANA
S07-10,10,FARIDABAD,HR,S07,6,12-05-2019,23-04-2019,GEN,HARYANA
S08-3,3,HAMIRPUR,HP,S08,7,19-05-2019,29-04-2019,GEN,HIMACHAL PRADESH
S08-1,1,KANGRA,HP,S08,7,19-05-2019,29-04-2019,GEN,HIMACHAL PRADESH
S08-4,4,SHIMLA,HP,S08,7,19-05-2019,29-04-2019,SC,HIMACHAL PRADESH
S08-2,2,MANDI,HP,S08,7,19-05-2019,29-04-2019,GEN,HIMACHAL PRADESH
S09-4,4,LADAKH,JK,S09,5,06-05-2019,18-04-2019,GEN,JAMMU AND KASHMIR
S09-6,6,JAMMU,JK,S09,1,11-04-2019,25-03-2019,GEN,JAMMU AND KASHMIR
S09-2,2,SRINAGAR,JK,S09,2,18-04-2019,26-03-2019,GEN,JAMMU AND KASHMIR
S09-3,3,ANANTNAG,JK,S09,3,23-04-2019,04-04-2019,GEN,JAMMU AND KASHMIR
S09-1,1,BARAMULLA,JK,S09,1,11-04-2019,25-03-2019,GEN,JAMMU AND KASHMIR
S09-5,5,UDHAMPUR,JK,S09,2,18-04-2019,26-03-2019,GEN,JAMMU AND KASHMIR
S10-1,1,CHIKKODI,KA,S10,3,23-04-2019,04-04-2019,GEN,KARNATAKA
S10-10,10,HAVERI,KA,S10,3,23-04-2019,04-04-2019,GEN,KARNATAKA
S10-11,11,DHARWAD,KA,S10,3,23-04-2019,04-04-2019,GEN,KARNATAKA
S10-12,12,UTTARA KANNADA,KA,S10,3,23-04-2019,04-04-2019,GEN,KARNATAKA
S10-13,13,DAVANAGERE,KA,S10,3,23-04-2019,04-04-2019,GEN,KARNATAKA
S10-14,14,SHIMOGA,KA,S10,3,23-04-2019,04-04-2019,GEN,KARNATAKA
S10-15,15,UDUPI CHIKMAGALUR,KA,S10,2,18-04-2019,26-03-2019,GEN,KARNATAKA
S10-16,16,HASSAN,KA,S10,2,18-04-2019,26-03-2019,GEN,KARNATAKA
S10-17,17,DAKSHINA KANNADA,KA,S10,2,18-04-2019,26-03-2019,GEN,KARNATAKA
S10-18,18,CHITRADURGA,KA,S10,2,18-04-2019,26-03-2019,SC,KARNATAKA
S10-19,19,TUMKUR,KA,S10,2,18-04-2019,26-03-2019,GEN,KARNATAKA
S10-2,2,BELGAUM,KA,S10,3,23-04-2019,04-04-2019,GEN,KARNATAKA
S10-20,20,MANDYA,KA,S10,2,18-04-2019,26-03-2019,GEN,KARNATAKA
S10-21,21,MYSORE,KA,S10,2,18-04-2019,26-03-2019,GEN,KARNATAKA
S10-22,22,CHAMARAJANAGAR,KA,S10,2,18-04-2019,26-03-2019,SC,KARNATAKA
S10-23,23,BANGALORE RURAL,KA,S10,2,18-04-2019,26-03-2019,GEN,KARNATAKA
S10-24,24,BANGALORE NORTH,KA,S10,2,18-04-2019,26-03-2019,GEN,KARNATAKA
S10-25,25,BANGALORE CENTRAL,KA,S10,2,18-04-2019,26-03-2019,GEN,KARNATAKA
S10-26,26,BANGALORE SOUTH,KA,S10,2,18-04-2019,26-03-2019,GEN,KARNATAKA
S10-27,27,CHIKKBALLAPUR,KA,S10,2,18-04-2019,26-03-2019,GEN,KARNATAKA
S10-28,28,KOLAR,KA,S10,2,18-04-2019,26-03-2019,SC,KARNATAKA
S10-3,3,BAGALKOT,KA,S10,3,23-04-2019,04-04-2019,GEN,KARNATAKA
S10-4,4,BIJAPUR,KA,S10,3,23-04-2019,04-04-2019,SC,KARNATAKA
S10-5,5,GULBARGA,KA,S10,3,23-04-2019,04-04-2019,SC,KARNATAKA
S10-6,6,RAICHUR,KA,S10,3,23-04-2019,04-04-2019,ST,KARNATAKA
S10-7,7,BIDAR,KA,S10,3,23-04-2019,04-04-2019,GEN,KARNATAKA
S10-8,8,KOPPAL,KA,S10,3,23-04-2019,04-04-2019,GEN,KARNATAKA
S10-9,9,BELLARY,KA,S10,3,23-04-2019,04-04-2019,ST,KARNATAKA
S11-6,6,MALAPPURAM,KL,S11,3,23-04-2019,04-04-2019,GEN,KERALA
S11-17,17,PATHANAMTHITTA,KL,S11,3,23-04-2019,04-04-2019,GEN,KERALA
S11-16,16,MAVELIKKARA,KL,S11,3,23-04-2019,04-04-2019,SC,KERALA
S11-20,20,THIRUVANANTHAPURAM,KL,S11,3,23-04-2019,04-04-2019,GEN,KERALA
S11-8,8,PALAKKAD,KL,S11,3,23-04-2019,04-04-2019,GEN,KERALA
S11-10,10,THRISSUR,KL,S11,3,23-04-2019,04-04-2019,GEN,KERALA
S11-9,9,ALATHUR,KL,S11,3,23-04-2019,04-04-2019,SC,KERALA
S11-1,1,KASARAGOD,KL,S11,3,23-04-2019,04-04-2019,GEN,KERALA
S11-19,19,ATTINGAL,KL,S11,3,23-04-2019,04-04-2019,GEN,KERALA
S11-3,3,VADAKARA,KL,S11,3,23-04-2019,04-04-2019,GEN,KERALA
S11-5,5,KOZHIKODE,KL,S11,3,23-04-2019,04-04-2019,GEN,KERALA
S11-2,2,KANNUR,KL,S11,3,23-04-2019,04-04-2019,GEN,KERALA
S11-11,11,CHALAKUDY,KL,S11,3,23-04-2019,04-04-2019,GEN,KERALA
S11-13,13,IDUKKI,KL,S11,3,23-04-2019,04-04-2019,GEN,KERALA
S11-15,15,ALAPPUZHA,KL,S11,3,23-04-2019,04-04-2019,GEN,KERALA
S11-14,14,KOTTAYAM,KL,S11,3,23-04-2019,04-04-2019,GEN,KERALA
S11-18,18,KOLLAM,KL,S11,3,23-04-2019,04-04-2019,GEN,KERALA
S11-12,12,ERNAKULAM,KL,S11,3,23-04-2019,04-04-2019,GEN,KERALA
S11-4,4,WAYANAD,KL,S11,3,23-04-2019,04-04-2019,GEN,KERALA
S11-7,7,PONNANI,KL,S11,3,23-04-2019,04-04-2019,GEN,KERALA
S12-1,1,MORENA,MP,S12,6,12-05-2019,23-04-2019,GEN,MADHYA PRADESH
S12-2,2,BHIND,MP,S12,6,12-05-2019,23-04-2019,SC,MADHYA PRADESH
S12-3,3,GWALIOR,MP,S12,6,12-05-2019,23-04-2019,GEN,MADHYA PRADESH
S12-4,4,GUNA,MP,S12,6,12-05-2019,23-04-2019,GEN,MADHYA PRADESH
S12-5,5,SAGAR,MP,S12,6,12-05-2019,23-04-2019,GEN,MADHYA PRADESH
S12-6,6,TIKAMGARH,MP,S12,5,06-05-2019,18-04-2019,SC,MADHYA PRADESH
S12-7,7,DAMOH,MP,S12,5,06-05-2019,18-04-2019,GEN,MADHYA PRADESH
S12-8,8,KHAJURAHO,MP,S12,5,06-05-2019,18-04-2019,GEN,MADHYA PRADESH
S12-9,9,SATNA,MP,S12,5,06-05-2019,18-04-2019,GEN,MADHYA PRADESH
S12-10,10,REWA,MP,S12,5,06-05-2019,18-04-2019,GEN,MADHYA PRADESH
S12-11,11,SIDHI,MP,S12,4,29-04-2019,09-04-2019,GEN,MADHYA PRADESH
S12-12,12,SHAHDOL,MP,S12,4,29-04-2019,09-04-2019,ST,MADHYA PRADESH
S12-13,13,JABALPUR,MP,S12,4,29-04-2019,09-04-2019,GEN,MADHYA PRADESH
S12-14,14,MANDLA,MP,S12,4,29-04-2019,09-04-2019,ST,MADHYA PRADESH
S12-15,15,BALAGHAT,MP,S12,4,29-04-2019,09-04-2019,GEN,MADHYA PRADESH
S12-16,16,CHHINDWARA,MP,S12,4,29-04-2019,09-04-2019,GEN,MADHYA PRADESH
S12-17,17,HOSHANGABAD,MP,S12,5,06-05-2019,18-04-2019,GEN,MADHYA PRADESH
S12-18,18,VIDISHA,MP,S12,6,12-05-2019,23-04-2019,GEN,MADHYA PRADESH
S12-19,19,BHOPAL,MP,S12,6,12-05-2019,23-04-2019,GEN,MADHYA PRADESH
S12-20,20,RAJGARH,MP,S12,6,12-05-2019,23-04-2019,GEN,MADHYA PRADESH
S12-21,21,DEWAS,MP,S12,7,19-05-2019,29-04-2019,SC,MADHYA PRADESH
S12-22,22,UJJAIN,MP,S12,7,19-05-2019,29-04-2019,SC,MADHYA PRADESH
S12-23,23,MANDSOUR,MP,S12,7,19-05-2019,29-04-2019,GEN,MADHYA PRADESH
S12-24,24,RATLAM,MP,S12,7,19-05-2019,29-04-2019,ST,MADHYA PRADESH
S12-25,25,DHAR,MP,S12,7,19-05-2019,29-04-2019,ST,MADHYA PRADESH
S12-26,26,INDORE,MP,S12,7,19-05-2019,29-04-2019,GEN,MADHYA PRADESH
S12-27,27,KHARGONE,MP,S12,7,19-05-2019,29-04-2019,ST,MADHYA PRADESH
S12-28,28,KHANDWA,MP,S12,7,19-05-2019,29-04-2019,GEN,MADHYA PRADESH
S12-29,29,BETUL,MP,S12,5,06-05-2019,18-04-2019,ST,MADHYA PRADESH
S13-1,1,NANDURBAR,MH,S13,4,29-04-2019,09-04-2019,ST,MAHARASHTRA
S13-2,2,DHULE,MH,S13,4,29-04-2019,09-04-2019,GEN,MAHARASHTRA
S13-3,3,JALGAON,MH,S13,3,23-04-2019,04-04-2019,GEN,MAHARASHTRA
S13-4,4,RAVER,MH,S13,3,23-04-2019,04-04-2019,GEN,MAHARASHTRA
S13-5,5,BULDHANA,MH,S13,2,18-04-2019,26-03-2019,GEN,MAHARASHTRA
S13-6,6,AKOLA,MH,S13,2,18-04-2019,26-03-2019,GEN,MAHARASHTRA
S13-7,7,AMRAVATI,MH,S13,2,18-04-2019,26-03-2019,SC,MAHARASHTRA
S13-8,8,WARDHA,MH,S13,1,11-04-2019,25-03-2019,GEN,MAHARASHTRA
S13-9,9,RAMTEK,MH,S13,1,11-04-2019,25-03-2019,SC,MAHARASHTRA
S13-10,10,NAGPUR,MH,S13,1,11-04-2019,25-03-2019,GEN,MAHARASHTRA
S13-11,11,BHANDARA-GONDIYA,MH,S13,1,11-04-2019,25-03-2019,GEN,MAHARASHTRA
S13-12,12,GADCHIROLI-CHIMUR,MH,S13,1,11-04-2019,25-03-2019,ST,MAHARASHTRA
S13-13,13,CHANDRAPUR,MH,S13,1,11-04-2019,25-03-2019,GEN,MAHARASHTRA
S13-14,14,YAVATMAL-WASHIM,MH,S13,1,11-04-2019,25-03-2019,GEN,MAHARASHTRA
S13-15,15,HINGOLI,MH,S13,2,18-04-2019,26-03-2019,GEN,MAHARASHTRA
S13-16,16,NANDED,MH,S13,2,18-04-2019,26-03-2019,GEN,MAHARASHTRA
S13-17,17,PARBHANI,MH,S13,2,18-04-2019,26-03-2019,GEN,MAHARASHTRA
S13-18,18,JALNA,MH,S13,3,23-04-2019,04-04-2019,GEN,MAHARASHTRA
S13-19,19,AURANGABAD,MH,S13,3,23-04-2019,04-04-2019,GEN,MAHARASHTRA
S13-20,20,DINDORI,MH,S13,4,29-04-2019,09-04-2019,ST,MAHARASHTRA
S13-21,21,NASHIK,MH,S13,4,29-04-2019,09-04-2019,GEN,MAHARASHTRA
S13-22,22,PALGHAR,MH,S13,4,29-04-2019,09-04-2019,ST,MAHARASHTRA
S13-23,23,BHIWANDI,MH,S13,4,29-04-2019,09-04-2019,GEN,MAHARASHTRA
S13-24,24,KALYAN,MH,S13,4,29-04-2019,09-04-2019,GEN,MAHARASHTRA
S13-25,25,THANE,MH,S13,4,29-04-2019,09-04-2019,GEN,MAHARASHTRA
S13-26,26,MUMBAI NORTH,MH,S13,4,29-04-2019,09-04-2019,GEN,MAHARASHTRA
S13-27,27,MUMBAI NORTH-WEST,MH,S13,4,29-04-2019,09-04-2019,GEN,MAHARASHTRA
S13-28,28,MUMBAI NORTH-EAST,MH,S13,4,29-04-2019,09-04-2019,GEN,MAHARASHTRA
S13-29,29,MUMBAI NORTH-CENTRAL,MH,S13,4,29-04-2019,09-04-2019,GEN,MAHARASHTRA
S13-30,30,MUMBAI SOUTH-CENTRAL,MH,S13,4,29-04-2019,09-04-2019,GEN,MAHARASHTRA
S13-31,31,MUMBAI SOUTH,MH,S13,4,29-04-2019,09-04-2019,GEN,MAHARASHTRA
S13-32,32,RAIGAD,MH,S13,3,23-04-2019,04-04-2019,GEN,MAHARASHTRA
S13-33,33,MAVAL,MH,S13,4,29-04-2019,09-04-2019,GEN,MAHARASHTRA
S13-34,34,PUNE,MH,S13,3,23-04-2019,04-04-2019,GEN,MAHARASHTRA
S13-35,35,BARAMATI,MH,S13,3,23-04-2019,04-04-2019,GEN,MAHARASHTRA
S13-36,36,SHIRUR,MH,S13,4,29-04-2019,09-04-2019,GEN,MAHARASHTRA
S13-37,37,AHMEDNAGAR,MH,S13,3,23-04-2019,04-04-2019,GEN,MAHARASHTRA
S13-38,38,SHIRDI,MH,S13,4,29-04-2019,09-04-2019,SC,MAHARASHTRA
S13-39,39,BEED,MH,S13,2,18-04-2019,26-03-2019,GEN,MAHARASHTRA
S13-40,40,OSMANABAD,MH,S13,2,18-04-2019,26-03-2019,GEN,MAHARASHTRA
S13-41,41,LATUR,MH,S13,2,18-04-2019,26-03-2019,SC,MAHARASHTRA
S13-42,42,SOLAPUR,MH,S13,2,18-04-2019,26-03-2019,SC,MAHARASHTRA
S13-43,43,MADHA,MH,S13,3,23-04-2019,04-04-2019,GEN,MAHARASHTRA
S13-44,44,SANGLI,MH,S13,3,23-04-2019,04-04-2019,GEN,MAHARASHTRA
S13-45,45,SATARA,MH,S13,3,23-04-2019,04-04-2019,GEN,MAHARASHTRA
S13-46,46,RATNAGIRI SINDHUDURG,MH,S13,3,23-04-2019,04-04-2019,GEN,MAHARASHTRA
S13-47,47,KOLHAPUR,MH,S13,3,23-04-2019,04-04-2019,GEN,MAHARASHTRA
S13-48,48,HATKANANGLE,MH,S13,3,23-04-2019,04-04-2019,GEN,MAHARASHTRA
S14-1,1,INNER MANIPUR,MN,S14,2,18-04-2019,26-03-2019,ST,MANIPUR
S14-2,2,OUTER MANIPUR,MN,S14,1,11-04-2019,25-03-2019,GEN,MANIPUR
S15-2,2,TURA,ML,S15,1,11-04-2019,25-03-2019,ST,MEGHALAYA
S15-1,1,SHILLONG,ML,S15,1,11-04-2019,25-03-2019,ST,MEGHALAYA
S16-1,1,MIZORAM,MZ,S16,1,11-04-2019,25-03-2019,ST,MIZORAM
S17-1,1,NAGALAND,NL,S17,1,11-04-2019,25-03-2019,GEN,NAGALAND
S18-1,1,BARGARH,OD,S18,2,18-04-2019,26-03-2019,GEN,ORISSA
S18-2,2,SUNDARGARH,OD,S18,2,18-04-2019,26-03-2019,ST,ORISSA
S18-3,3,SAMBALPUR,OD,S18,3,23-04-2019,04-04-2019,GEN,ORISSA
S18-4,4,KEONJHAR,OD,S18,3,23-04-2019,04-04-2019,ST,ORISSA
S18-5,5,MAYURBHANJ,OD,S18,4,29-04-2019,09-04-2019,ST,ORISSA
S18-6,6,BALASORE,OD,S18,4,29-04-2019,09-04-2019,GEN,ORISSA
S18-7,7,BHADRAK,OD,S18,4,29-04-2019,09-04-2019,SC,ORISSA
S18-8,8,JAJPUR,OD,S18,4,29-04-2019,09-04-2019,SC,ORISSA
S18-9,9,DHENKANAL,OD,S18,3,23-04-2019,04-04-2019,GEN,ORISSA
S18-10,10,BOLANGIR,OD,S18,2,18-04-2019,26-03-2019,GEN,ORISSA
S18-11,11,KALAHANDI,OD,S18,1,11-04-2019,25-03-2019,GEN,ORISSA
S18-12,12,NABARANGPUR,OD,S18,1,11-04-2019,25-03-2019,ST,ORISSA
S18-13,13,KANDHAMAL,OD,S18,2,18-04-2019,26-03-2019,GEN,ORISSA
S18-14,14,CUTTACK,OD,S18,3,23-04-2019,04-04-2019,GEN,ORISSA
S18-15,15,KENDRAPARA,OD,S18,4,29-04-2019,09-04-2019,GEN,ORISSA
S18-16,16,JAGATSINGHPUR,OD,S18,4,29-04-2019,09-04-2019,SC,ORISSA
S18-17,17,PURI,OD,S18,3,23-04-2019,04-04-2019,GEN,ORISSA
S18-18,18,BHUBANESWAR,OD,S18,3,23-04-2019,04-04-2019,GEN,ORISSA
S18-19,19,ASKA,OD,S18,2,18-04-2019,26-03-2019,GEN,ORISSA
S18-20,20,BERHAMPUR,OD,S18,1,11-04-2019,25-03-2019,GEN,ORISSA
S18-21,21,KORAPUT,OD,S18,1,11-04-2019,25-03-2019,ST,ORISSA
S19-1,1,GURDASPUR,PB,S19,7,19-05-2019,29-04-2019,GEN,PUNJAB
S19-2,2,AMRITSAR,PB,S19,7,19-05-2019,29-04-2019,GEN,PUNJAB
S19-3,3,KHADOOR SAHIB,PB,S19,7,19-05-2019,29-04-2019,GEN,PUNJAB
S19-4,4,JALANDHAR,PB,S19,7,19-05-2019,29-04-2019,SC,PUNJAB
S19-5,5,HOSHIARPUR,PB,S19,7,19-05-2019,19-05-2019,SC,PUNJAB
S19-6,6,ANANDPUR SAHIB,PB,S19,7,19-05-2019,19-05-2019,GEN,PUNJAB
S19-7,7,LUDHIANA,PB,S19,7,19-05-2019,19-05-2019,GEN,PUNJAB
S19-8,8,FATEHGARH SAHIB,PB,S19,7,19-05-2019,19-05-2019,SC,PUNJAB
S19-9,9,FARIDKOT,PB,S19,7,19-05-2019,19-05-2019,SC,PUNJAB
S19-10,10,FIROZPUR,PB,S19,7,19-05-2019,19-05-2019,GEN,PUNJAB
S19-11,11,BATHINDA,PB,S19,7,19-05-2019,19-05-2019,GEN,PUNJAB
S19-12,12,SANGRUR,PB,S19,7,19-05-2019,19-05-2019,GEN,PUNJAB
S19-13,13,PATIALA,PB,S19,7,19-05-2019,19-05-2019,GEN,PUNJAB
S20-1,1,GANGANAGAR,RJ,S20,5,06-05-2019,18-04-2019,SC,RAJASTHAN
S20-2,2,BIKANER,RJ,S20,5,06-05-2019,18-04-2019,SC,RAJASTHAN
S20-3,3,CHURU,RJ,S20,5,06-05-2019,18-04-2019,GEN,RAJASTHAN
S20-4,4,JHUNJHUNU,RJ,S20,5,06-05-2019,18-04-2019,GEN,RAJASTHAN
S20-5,5,SIKAR,RJ,S20,5,06-05-2019,18-04-2019,GEN,RAJASTHAN
S20-6,6,JAIPUR RURAL,RJ,S20,5,06-05-2019,18-04-2019,GEN,RAJASTHAN
S20-7,7,JAIPUR,RJ,S20,5,06-05-2019,18-04-2019,GEN,RAJASTHAN
S20-8,8,ALWAR,RJ,S20,5,06-05-2019,18-04-2019,GEN,RAJASTHAN
S20-9,9,BHARATPUR,RJ,S20,5,06-05-2019,18-04-2019,SC,RAJASTHAN
S20-10,10,KARAULI-DHOLPUR,RJ,S20,5,06-05-2019,18-04-2019,SC,RAJASTHAN
S20-11,11,DAUSA,RJ,S20,5,06-05-2019,18-04-2019,ST,RAJASTHAN
S20-12,12,TONK-SAWAI MADHOPUR,RJ,S20,4,29-04-2019,09-04-2019,GEN,RAJASTHAN
S20-13,13,AJMER,RJ,S20,4,29-04-2019,09-04-2019,GEN,RAJASTHAN
S20-14,14,NAGAUR,RJ,S20,5,06-05-2019,18-04-2019,GEN,RAJASTHAN
S20-15,15,PALI,RJ,S20,4,29-04-2019,09-04-2019,GEN,RAJASTHAN
S20-16,16,JODHPUR,RJ,S20,4,29-04-2019,09-04-2019,GEN,RAJASTHAN
S20-17,17,BARMER,RJ,S20,4,29-04-2019,09-04-2019,GEN,RAJASTHAN
S20-18,18,JALORE,RJ,S20,4,29-04-2019,09-04-2019,GEN,RAJASTHAN
S20-19,19,UDAIPUR,RJ,S20,4,29-04-2019,09-04-2019,ST,RAJASTHAN
S20-20,20,BANSWARA,RJ,S20,4,29-04-2019,09-04-2019,ST,RAJASTHAN
S20-21,21,CHITTORGARH,RJ,S20,4,29-04-2019,09-04-2019,GEN,RAJASTHAN
S20-22,22,RAJSAMAND,RJ,S20,4,29-04-2019,09-04-2019,GEN,RAJASTHAN
S20-23,23,BHILWARA,RJ,S20,4,29-04-2019,09-04-2019,GEN,RAJASTHAN
S20-24,24,KOTA,RJ,S20,4,29-04-2019,09-04-2019,GEN,RAJASTHAN
S20-25,25,JHALAWAR-BARAN,RJ,S20,4,29-04-2019,09-04-2019,GEN,RAJASTHAN
S21-1,1,SIKKIM,SK,S21,1,11-04-2019,25-03-2019,GEN,SIKKIM
S22-17,17,ERODE,TN,S22,2,18-04-2019,26-03-2019,GEN,TAMIL NADU
S22-37,37,TENKASI,TN,S22,2,18-04-2019,26-03-2019,SC,TAMIL NADU
S22-38,38,TIRUNELVELI,TN,S22,2,18-04-2019,26-03-2019,GEN,TAMIL NADU
S22-39,39,KANNIYAKUMARI,TN,S22,2,18-04-2019,26-03-2019,GEN,TAMIL NADU
S22-20,20,COIMBATORE,TN,S22,2,18-04-2019,26-03-2019,GEN,TAMIL NADU
S22-28,28,MAYILADUTHURAI,TN,S22,2,18-04-2019,26-03-2019,GEN,TAMIL NADU
S22-25,25,PERAMBALUR,TN,S22,2,18-04-2019,26-03-2019,GEN,TAMIL NADU
S22-22,22,DINDIGUL,TN,S22,2,18-04-2019,26-03-2019,GEN,TAMIL NADU
S22-7,7,ARAKKONAM,TN,S22,2,18-04-2019,26-03-2019,GEN,TAMIL NADU
S22-3,3,CHENNAI SOUTH,TN,S22,2,18-04-2019,26-03-2019,GEN,TAMIL NADU
S22-9,9,KRISHNAGIRI,TN,S22,2,18-04-2019,26-03-2019,GEN,TAMIL NADU
S22-12,12,ARANI,TN,S22,2,18-04-2019,26-03-2019,GEN,TAMIL NADU
S22-11,11,TIRUVANNAMALAI,TN,S22,2,18-04-2019,26-03-2019,GEN,TAMIL NADU
S22-5,5,SRIPERUMBUDUR,TN,S22,2,18-04-2019,26-03-2019,GEN,TAMIL NADU
S22-8,8,VELLORE,TN,S22,2,18-04-2019,26-03-2019,GEN,TAMIL NADU
S22-6,6,KANCHEEPURAM,TN,S22,2,18-04-2019,26-03-2019,SC,TAMIL NADU
S22-14,14,KALLAKURICHI,TN,S22,2,18-04-2019,26-03-2019,GEN,TAMIL NADU
S22-19,19,NILGIRIS,TN,S22,2,18-04-2019,26-03-2019,SC,TAMIL NADU
S22-27,27,CHIDAMBARAM,TN,S22,2,18-04-2019,26-03-2019,SC,TAMIL NADU
S22-2,2,CHENNAI NORTH,TN,S22,2,18-04-2019,26-03-2019,GEN,TAMIL NADU
S22-4,4,CHENNAI CENTRAL,TN,S22,2,18-04-2019,26-03-2019,GEN,TAMIL NADU
S22-36,36,THOOTHUKKUDI,TN,S22,2,18-04-2019,26-03-2019,GEN,TAMIL NADU
S22-29,29,NAGAPATTINAM,TN,S22,2,18-04-2019,26-03-2019,SC,TAMIL NADU
S22-1,1,TIRUVALLUR,TN,S22,2,18-04-2019,26-03-2019,SC,TAMIL NADU
S22-13,13,VILUPPURAM,TN,S22,2,18-04-2019,26-03-2019,SC,TAMIL NADU
S22-26,26,CUDDALORE,TN,S22,2,18-04-2019,26-03-2019,GEN,TAMIL NADU
S22-31,31,SIVAGANGA,TN,S22,2,18-04-2019,26-03-2019,GEN,TAMIL NADU
S22-33,33,THENI,TN,S22,2,18-04-2019,26-03-2019,GEN,TAMIL NADU
S22-35,35,RAMANATHAPURAM,TN,S22,2,18-04-2019,26-03-2019,GEN,TAMIL NADU
S22-16,16,NAMAKKAL,TN,S22,2,18-04-2019,26-03-2019,GEN,TAMIL NADU
S22-30,30,THANJAVUR,TN,S22,2,18-04-2019,26-03-2019,GEN,TAMIL NADU
S22-24,24,TIRUCHIRAPPALLI,TN,S22,2,18-04-2019,26-03-2019,GEN,TAMIL NADU
S22-21,21,POLLACHI,TN,S22,2,18-04-2019,26-03-2019,GEN,TAMIL NADU
S22-23,23,KARUR,TN,S22,2,18-04-2019,26-03-2019,GEN,TAMIL NADU
S22-10,10,DHARMAPURI,TN,S22,2,18-04-2019,26-03-2019,GEN,TAMIL NADU
S22-32,32,MADURAI,TN,S22,2,18-04-2019,26-03-2019,GEN,TAMIL NADU
S22-34,34,VIRUDHUNAGAR,TN,S22,2,18-04-2019,26-03-2019,GEN,TAMIL NADU
S22-18,18,TIRUPPUR,TN,S22,2,18-04-2019,26-03-2019,GEN,TAMIL NADU
S22-15,15,SALEM,TN,S22,2,18-04-2019,26-03-2019,GEN,TAMIL NADU
S23-2,2,TRIPURA EAST,TR,S23,2,18-04-2019,26-03-2019,GEN,TRIPURA
S23-1,1,TRIPURA WEST,TR,S23,1,11-04-2019,25-03-2019,ST,TRIPURA
S24-1,1,SAHARANPUR,UP,S24,1,11-04-2019,25-03-2019,GEN,UTTAR PRADESH
S24-2,2,KAIRANA,UP,S24,1,11-04-2019,25-03-2019,GEN,UTTAR PRADESH
S24-3,3,MUZAFFARNAGAR,UP,S24,1,11-04-2019,25-03-2019,GEN,UTTAR PRADESH
S24-4,4,BIJNOR,UP,S24,1,11-04-2019,25-03-2019,GEN,UTTAR PRADESH
S24-5,5,NAGINA,UP,S24,2,18-04-2019,26-03-2019,SC,UTTAR PRADESH
S24-6,6,MORADABAD,UP,S24,3,23-04-2019,04-04-2019,GEN,UTTAR PRADESH
S24-7,7,RAMPUR,UP,S24,3,23-04-2019,04-04-2019,GEN,UTTAR PRADESH
S24-8,8,SAMBHAL,UP,S24,3,23-04-2019,04-04-2019,GEN,UTTAR PRADESH
S24-9,9,AMROHA,UP,S24,2,18-04-2019,26-03-2019,GEN,UTTAR PRADESH
S24-10,10,MEERUT,UP,S24,1,11-04-2019,25-03-2019,GEN,UTTAR PRADESH
S24-11,11,BAGHPAT,UP,S24,1,11-04-2019,25-03-2019,GEN,UTTAR PRADESH
S24-12,12,GHAZIABAD,UP,S24,1,11-04-2019,25-03-2019,GEN,UTTAR PRADESH
S24-13,13,GAUTAM BUDDHA NAGAR,UP,S24,1,11-04-2019,25-03-2019,GEN,UTTAR PRADESH
S24-14,14,BULANDSHAHR,UP,S24,2,18-04-2019,26-03-2019,SC,UTTAR PRADESH
S24-15,15,ALIGARH,UP,S24,2,18-04-2019,26-03-2019,GEN,UTTAR PRADESH
S24-16,16,HATHRAS,UP,S24,2,18-04-2019,26-03-2019,SC,UTTAR PRADESH
S24-17,17,MATHURA,UP,S24,2,18-04-2019,26-03-2019,GEN,UTTAR PRADESH
S24-18,18,AGRA,UP,S24,2,18-04-2019,26-03-2019,SC,UTTAR PRADESH
S24-19,19,FATEHPUR SIKRI,UP,S24,2,18-04-2019,26-03-2019,GEN,UTTAR PRADESH
S24-20,20,FIROZABAD,UP,S24,3,23-04-2019,04-04-2019,GEN,UTTAR PRADESH
S24-21,21,MAINPURI,UP,S24,3,23-04-2019,04-04-2019,GEN,UTTAR PRADESH
S24-22,22,ETAH,UP,S24,3,23-04-2019,04-04-2019,GEN,UTTAR PRADESH
S24-23,23,BADAUN,UP,S24,3,23-04-2019,04-04-2019,GEN,UTTAR PRADESH
S24-24,24,AONLA,UP,S24,3,23-04-2019,04-04-2019,GEN,UTTAR PRADESH
S24-25,25,BAREILLY,UP,S24,3,23-04-2019,04-04-2019,GEN,UTTAR PRADESH
S24-26,26,PILIBHIT,UP,S24,3,23-04-2019,04-04-2019,GEN,UTTAR PRADESH
S24-27,27,SHAHJAHANPUR,UP,S24,4,29-04-2019,09-04-2019,SC,UTTAR PRADESH
S24-28,28,KHERI,UP,S24,4,29-04-2019,09-04-2019,GEN,UTTAR PRADESH
S24-29,29,DHAURAHRA,UP,S24,5,06-05-2019,18-04-2019,GEN,UTTAR PRADESH
S24-30,30,SITAPUR,UP,S24,5,06-05-2019,18-04-2019,GEN,UTTAR PRADESH
S24-31,31,HARDOI,UP,S24,4,29-04-2019,09-04-2019,SC,UTTAR PRADESH
S24-32,32,MISRIKH,UP,S24,4,29-04-2019,09-04-2019,SC,UTTAR PRADESH
S24-33,33,UNNAO,UP,S24,4,29-04-2019,09-04-2019,GEN,UTTAR PRADESH
S24-34,34,MOHANLALGANJ,UP,S24,5,06-05-2019,18-04-2019,SC,UTTAR PRADESH
S24-35,35,LUCKNOW,UP,S24,5,06-05-2019,18-04-2019,GEN,UTTAR PRADESH
S24-36,36,RAE BARELI,UP,S24,5,06-05-2019,18-04-2019,GEN,UTTAR PRADESH
S24-37,37,AMETHI,UP,S24,5,06-05-2019,18-04-2019,GEN,UTTAR PRADESH
S24-38,38,SULTANPUR,UP,S24,6,12-05-2019,23-04-2019,GEN,UTTAR PRADESH
S24-39,39,PRATAPGARH,UP,S24,6,12-05-2019,23-04-2019,GEN,UTTAR PRADESH
S24-40,40,FARRUKHABAD,UP,S24,4,29-04-2019,09-04-2019,GEN,UTTAR PRADESH
S24-41,41,ETAWAH,UP,S24,4,29-04-2019,09-04-2019,SC,UTTAR PRADESH
S24-42,42,KANNAUJ,UP,S24,4,29-04-2019,09-04-2019,GEN,UTTAR PRADESH
S24-43,43,KANPUR,UP,S24,4,29-04-2019,09-04-2019,GEN,UTTAR PRADESH
S24-44,44,AKBARPUR,UP,S24,4,29-04-2019,09-04-2019,GEN,UTTAR PRADESH
S24-45,45,JALAUN,UP,S24,4,29-04-2019,09-04-2019,SC,UTTAR PRADESH
S24-46,46,JHANSI,UP,S24,4,29-04-2019,09-04-2019,GEN,UTTAR PRADESH
S24-47,47,HAMIRPUR,UP,S24,4,29-04-2019,09-04-2019,GEN,UTTAR PRADESH
S24-48,48,BANDA,UP,S24,5,06-05-2019,18-04-2019,GEN,UTTAR PRADESH
S24-49,49,FATEHPUR,UP,S24,5,06-05-2019,18-04-2019,GEN,UTTAR PRADESH
S24-50,50,KAUSHAMBI,UP,S24,5,06-05-2019,18-04-2019,SC,UTTAR PRADESH
S24-51,51,PHULPUR,UP,S24,6,12-05-2019,23-04-2019,GEN,UTTAR PRADESH
S24-52,52,ALLAHABAD,UP,S24,6,12-05-2019,23-04-2019,GEN,UTTAR PRADESH
S24-53,53,BARABANKI,UP,S24,5,06-05-2019,18-04-2019,SC,UTTAR PRADESH
S24-54,54,FAIZABAD,UP,S24,5,06-05-2019,18-04-2019,GEN,UTTAR PRADESH
S24-55,55,AMBEDKAR NAGAR,UP,S24,6,12-05-2019,23-04-2019,GEN,UTTAR PRADESH
S24-56,56,BAHRAICH,UP,S24,5,06-05-2019,18-04-2019,SC,UTTAR PRADESH
S24-57,57,KAISERGANJ,UP,S24,5,06-05-2019,18-04-2019,GEN,UTTAR PRADESH
S24-58,58,SHRAWASTI,UP,S24,6,12-05-2019,23-04-2019,GEN,UTTAR PRADESH
S24-59,59,GONDA,UP,S24,5,06-05-2019,18-04-2019,GEN,UTTAR PRADESH
S24-60,60,DOMARIYAGANJ,UP,S24,6,12-05-2019,23-04-2019,GEN,UTTAR PRADESH
S24-61,61,BASTI,UP,S24,6,12-05-2019,23-04-2019,GEN,UTTAR PRADESH
S24-62,62,SANT KABIR NAGAR,UP,S24,6,12-05-2019,23-04-2019,GEN,UTTAR PRADESH
S24-63,63,MAHARAJGANJ,UP,S24,7,19-05-2019,19-05-2019,GEN,UTTAR PRADESH
S24-64,64,GORAKHPUR,UP,S24,7,19-05-2019,19-05-2019,GEN,UTTAR PRADESH
S24-65,65,KUSHI NAGAR,UP,S24,7,19-05-2019,19-05-2019,GEN,UTTAR PRADESH
S24-66,66,DEORIA,UP,S24,7,19-05-2019,19-05-2019,GEN,UTTAR PRADESH
S24-67,67,BANSGAON,UP,S24,7,19-05-2019,19-05-2019,SC,UTTAR PRADESH
S24-68,68,LALGANJ,UP,S24,6,12-05-2019,23-04-2019,SC,UTTAR PRADESH
S24-69,69,AZAMGARH,UP,S24,6,12-05-2019,23-04-2019,GEN,UTTAR PRADESH
S24-70,70,GHOSI,UP,S24,7,19-05-2019,19-05-2019,GEN,UTTAR PRADESH
S24-71,71,SALEMPUR,UP,S24,7,19-05-2019,19-05-2019,GEN,UTTAR PRADESH
S24-72,72,BALLIA,UP,S24,7,19-05-2019,19-05-2019,GEN,UTTAR PRADESH
S24-73,73,JAUNPUR,UP,S24,6,12-05-2019,23-04-2019,GEN,UTTAR PRADESH
S24-74,74,MACHHLISHAHR,UP,S24,6,12-05-2019,23-04-2019,SC,UTTAR PRADESH
S24-75,75,GHAZIPUR,UP,S24,7,19-05-2019,19-05-2019,GEN,UTTAR PRADESH
S24-76,76,CHANDAULI,UP,S24,7,19-05-2019,19-05-2019,GEN,UTTAR PRADESH
S24-77,77,VARANASI,UP,S24,7,19-05-2019,19-05-2019,GEN,UTTAR PRADESH
S24-78,78,BHADOHI,UP,S24,6,12-05-2019,23-04-2019,GEN,UTTAR PRADESH
S24-79,79,MIRZAPUR,UP,S24,7,19-05-2019,19-05-2019,GEN,UTTAR PRADESH
S24-80,80,ROBERTSGANJ,UP,S24,7,19-05-2019,19-05-2019,SC,UTTAR PRADESH
S25-1,1,COOCHBEHAR,WB,S25,1,11-04-2019,25-03-2019,SC,WEST BENGAL
S25-2,2,ALIPURDUARS,WB,S25,1,11-04-2019,25-03-2019,ST,WEST BENGAL
S25-3,3,JALPAIGURI,WB,S25,2,18-04-2019,26-03-2019,SC,WEST BENGAL
S25-4,4,DARJEELING,WB,S25,2,18-04-2019,26-03-2019,GEN,WEST BENGAL
S25-5,5,RAIGANJ,WB,S25,2,18-04-2019,26-03-2019,GEN,WEST BENGAL
S25-6,6,BALURGHAT,WB,S25,3,23-04-2019,04-04-2019,GEN,WEST BENGAL
S25-7,7,MALDAHA UTTAR,WB,S25,3,23-04-2019,04-04-2019,GEN,WEST BENGAL
S25-8,8,MALDAHA DAKSHIN,WB,S25,3,23-04-2019,04-04-2019,GEN,WEST BENGAL
S25-9,9,JANGIPUR,WB,S25,3,23-04-2019,04-04-2019,GEN,WEST BENGAL
S25-10,10,BAHARAMPUR,WB,S25,4,29-04-2019,09-04-2019,GEN,WEST BENGAL
S25-11,11,MURSHIDABAD,WB,S25,3,23-04-2019,04-04-2019,GEN,WEST BENGAL
S25-12,12,KRISHNANAGAR,WB,S25,4,29-04-2019,09-04-2019,GEN,WEST BENGAL
S25-13,13,RANAGHAT,WB,S25,4,29-04-2019,09-04-2019,SC,WEST BENGAL
S25-14,14,BANGAON,WB,S25,5,06-05-2019,18-04-2019,GEN,WEST BENGAL
S25-15,15,BARRACKPUR,WB,S25,5,06-05-2019,18-04-2019,SC,WEST BENGAL
S25-16,16,DUM DUM,WB,S25,7,19-05-2019,19-05-2019,GEN,WEST BENGAL
S25-17,17,BARASAT,WB,S25,7,19-05-2019,19-05-2019,GEN,WEST BENGAL
S25-18,18,BASIRHAT,WB,S25,7,19-05-2019,19-05-2019,GEN,WEST BENGAL
S25-19,19,JAYNAGAR,WB,S25,7,19-05-2019,19-05-2019,SC,WEST BENGAL
S25-20,20,MATHURAPUR,WB,S25,7,19-05-2019,19-05-2019,SC,WEST BENGAL
S25-21,21,DIAMOND HARBOUR,WB,S25,7,19-05-2019,19-05-2019,GEN,WEST BENGAL
S25-22,22,JADAVPUR,WB,S25,7,19-05-2019,19-05-2019,GEN,WEST BENGAL
S25-23,23,KOLKATA DAKSHIN,WB,S25,7,19-05-2019,19-05-2019,GEN,WEST BENGAL
S25-24,24,KOLKATA UTTAR,WB,S25,7,19-05-2019,19-05-2019,GEN,WEST BENGAL
S25-25,25,HOWRAH,WB,S25,5,06-05-2019,18-04-2019,GEN,WEST BENGAL
S25-26,26,ULUBERIA,WB,S25,5,06-05-2019,18-04-2019,GEN,WEST BENGAL
S25-27,27,SREERAMPUR,WB,S25,5,06-05-2019,18-04-2019,GEN,WEST BENGAL
S25-28,28,HOOGHLY,WB,S25,5,06-05-2019,18-04-2019,GEN,WEST BENGAL
S25-29,29,ARAMBAG,WB,S25,5,06-05-2019,18-04-2019,SC,WEST BENGAL
S25-30,30,TAMLUK,WB,S25,6,12-05-2019,23-04-2019,GEN,WEST BENGAL
S25-31,31,KANTHI,WB,S25,6,12-05-2019,23-04-2019,GEN,WEST BENGAL
S25-32,32,GHATAL,WB,S25,6,12-05-2019,23-04-2019,GEN,WEST BENGAL
S25-33,33,JHARGRAM,WB,S25,6,12-05-2019,23-04-2019,ST,WEST BENGAL
S25-34,34,MEDINIPUR,WB,S25,6,12-05-2019,23-04-2019,GEN,WEST BENGAL
S25-35,35,PURULIA,WB,S25,6,12-05-2019,23-04-2019,GEN,WEST BENGAL
S25-36,36,BANKURA,WB,S25,6,12-05-2019,23-04-2019,GEN,WEST BENGAL
S25-37,37,BISHNUPUR,WB,S25,6,12-05-2019,23-04-2019,SC,WEST BENGAL
S25-38,38,BARDHAMAN PURBA,WB,S25,4,29-04-2019,09-04-2019,SC,WEST BENGAL
S25-39,39,BARDHAMAN-DURGAPUR,WB,S25,4,29-04-2019,09-04-2019,GEN,WEST BENGAL
S25-40,40,ASANSOL,WB,S25,4,29-04-2019,09-04-2019,GEN,WEST BENGAL
S25-41,41,BOLPUR,WB,S25,4,29-04-2019,09-04-2019,SC,WEST BENGAL
S25-42,42,BIRBHUM,WB,S25,4,29-04-2019,09-04-2019,GEN,WEST BENGAL
S26-3,3,JANJGIR-CHAMPA,CH,S26,3,23-04-2019,04-04-2019,SC,CHHATTISGARH
S26-8,8,RAIPUR,CH,S26,3,23-04-2019,04-04-2019,GEN,CHHATTISGARH
S26-1,1,SURGUJA,CH,S26,3,23-04-2019,04-04-2019,ST,CHHATTISGARH
S26-5,5,BILASPUR,CH,S26,3,23-04-2019,04-04-2019,GEN,CHHATTISGARH
S26-6,6,RAJNANDGAON,CH,S26,2,18-04-2019,26-03-2019,GEN,CHHATTISGARH
S26-7,7,DURG,CH,S26,3,23-04-2019,04-04-2019,GEN,CHHATTISGARH
S26-9,9,MAHASAMUND,CH,S26,2,18-04-2019,26-03-2019,GEN,CHHATTISGARH
S26-2,2,RAIGARH,CH,S26,3,23-04-2019,04-04-2019,ST,CHHATTISGARH
S26-11,11,KANKER,CH,S26,2,18-04-2019,26-03-2019,ST,CHHATTISGARH
S26-10,10,BASTAR,CH,S26,1,11-04-2019,25-03-2019,ST,CHHATTISGARH
S26-4,4,KORBA,CH,S26,3,23-04-2019,04-04-2019,GEN,CHHATTISGARH
S27-1,1,RAJMAHAL,JH,S27,7,19-05-2019,29-04-2019,ST,JHARKHAND
S27-2,2,DUMKA,JH,S27,7,19-05-2019,29-04-2019,ST,JHARKHAND
S27-3,3,GODDA,JH,S27,7,19-05-2019,29-04-2019,GEN,JHARKHAND
S27-4,4,CHATRA,JH,S27,4,29-04-2019,09-04-2019,GEN,JHARKHAND
S27-5,5,KODARMA,JH,S27,5,06-05-2019,18-04-2019,GEN,JHARKHAND
S27-6,6,GIRIDIH,JH,S27,6,12-05-2019,23-04-2019,GEN,JHARKHAND
S27-7,7,DHANBAD,JH,S27,6,12-05-2019,23-04-2019,GEN,JHARKHAND
S27-8,8,RANCHI,JH,S27,5,06-05-2019,18-04-2019,GEN,JHARKHAND
S27-9,9,JAMSHEDPUR,JH,S27,6,12-05-2019,23-04-2019,GEN,JHARKHAND
S27-10,10,SINGHBHUM,JH,S27,6,12-05-2019,23-04-2019,ST,JHARKHAND
S27-11,11,KHUNTI,JH,S27,5,06-05-2019,18-04-2019,ST,JHARKHAND
S27-12,12,LOHARDAGA,JH,S27,4,29-04-2019,09-04-2019,ST,JHARKHAND
S27-13,13,PALAMAU,JH,S27,4,29-04-2019,09-04-2019,SC,JHARKHAND
S27-14,14,HAZARIBAGH,JH,S27,5,06-05-2019,18-04-2019,GEN,JHARKHAND
S28-3,3,ALMORA,UK,S28,1,11-04-2019,25-03-2019,SC,UTTARAKHAND
S28-5,5,HARDWAR,UK,S28,1,11-04-2019,25-03-2019,GEN,UTTARAKHAND
S28-1,1,TEHRI GARHWAL,UK,S28,1,11-04-2019,25-03-2019,GEN,UTTARAKHAND
S28-2,2,GARHWAL,UK,S28,1,11-04-2019,25-03-2019,GEN,UTTARAKHAND
S28-4,4,NAINITAL-UDHAMSINGH NAGAR,UK,S28,1,11-04-2019,25-03-2019,GEN,UTTARAKHAND
U01-1,1,ANDAMAN AND NICOBAR ISLANDS,AN,U01,1,11-04-2019,25-03-2019,GEN,ANDAMAN AND NICOBAR ISLANDS
U02-1,1,CHANDIGARH,CG,U02,7,19-05-2019,29-04-2019,GEN,CHANDIGARH
U03-1,1,DADRA AND NAGAR HAVELI,DN,U03,3,23-04-2019,04-04-2019,ST,DADRA AND NAGAR HAVELI
U04-1,1,DAMAN AND DIU,DD,U04,3,23-04-2019,04-04-2019,GEN,DAMAN AND DIU
U05-6,6,WEST DELHI,DL,U05,6,12-05-2019,23-04-2019,GEN,NCT OF DELHI
U05-5,5,NORTH WEST DELHI,DL,U05,6,12-05-2019,23-04-2019,SC,NCT OF DELHI
U05-1,1,CHANDNI CHOWK,DL,U05,6,12-05-2019,23-04-2019,GEN,NCT OF DELHI
U05-2,2,NORTH EAST DELHI,DL,U05,6,12-05-2019,23-04-2019,GEN,NCT OF DELHI
U05-7,7,SOUTH DELHI,DL,U05,6,12-05-2019,23-04-2019,GEN,NCT OF DELHI
U05-3,3,EAST DELHI,DL,U05,6,12-05-2019,23-04-2019,GEN,NCT OF DELHI
U05-4,4,NEW DELHI,DL,U05,6,12-05-2019,23-04-2019,GEN,NCT OF DELHI
U06-1,1,LAKSHADWEEP,LD,U06,1,11-04-2019,25-03-2019,ST,LAKSHADWEEP
U07-1,1,PONDICHERRY,PY,U07,2,18-04-2019,26-03-2019,GEN,PUDUCHERRY
--01 class,0,NONE,JK,S09,,,,,JAMMU AND KASHMIR
