#,AC_NAME,AC_NO,NAME,PARTY,VOTES,YEAR,polled_votes,vote_percent
1,Purola,1,Malchand,BJP,18098,2012,45533,39.75
2,Purola,1,Rajkumar,IND,14266,2012,45533,31.33
3,Purola,1,Rajesh Juwantha,INC,10804,2012,45533,23.73
4,Purola,1,Kishan Lal,BSP,1659,2012,45533,3.64
5,Purola,1,Prakash Devnata,UTPP,706,2012,45533,1.55
1,Yamunotri,2,Pritam Singh Panwar,UKDP,15909,2012,43936,36.21
2,Yamunotri,2,Kedar Singh Rawat,INC,13313,2012,43936,30.3
3,Yamunotri,2,Jagveer Singh,BJP,11961,2012,43936,27.22
4,Yamunotri,2,Mahaveer Singh,IND,1058,2012,43936,2.41
5,Yamunotri,2,Vijendra Prasad,BSP,867,2012,43936,1.97
6,Yamunotri,2,Jeet Singh Bhadkoti,JD(U),454,2012,43936,1.03
7,Yamunotri,2,Murari Lal,UTRM,374,2012,43936,0.85
1,Gangotri,3,Vijaipal Singh Sajwan,INC,20246,2012,50446,40.13
2,Gangotri,3,Gopal Singh Rawat,BJP,13223,2012,50446,26.21
3,Gangotri,3,Suresh Singh,IND,6436,2012,50446,12.76
4,Gangotri,3,Kishan Singh,IND,5595,2012,50446,11.09
5,Gangotri,3,Hari Shankar,IND,1417,2012,50446,2.81
6,Gangotri,3,Dinesh Nautiyal,CPI,1356,2012,50446,2.69
7,Gangotri,3,Hukam Singh,BSP,1080,2012,50446,2.14
8,Gangotri,3,Bhagwati Prasad,UKDP,584,2012,50446,1.16
9,Gangotri,3,Ravindra,UPP,287,2012,50446,0.57
10,Gangotri,3,Narayani,LJP,222,2012,50446,0.44
1,Badrinath,4,Rajendra Singh Bhandri,INC,21492,2012,54994,39.08
2,Badrinath,4,Prem Ballabh Bhatt,BJP,11291,2012,54994,20.53
3,Badrinath,4,Kedar Singh Fonia,UTRM,7511,2012,54994,13.66
4,Badrinath,4,Nandan Singh Bisht,IND,5803,2012,54994,10.55
5,Badrinath,4,Anand Singh,CPI,4681,2012,54994,8.51
6,Badrinath,4,Sabar Singh,BSP,1671,2012,54994,3.04
7,Badrinath,4,Pankaj Vyas,IND,1267,2012,54994,2.3
8,Badrinath,4,Mohan Lal Bharti,LJP,699,2012,54994,1.27
9,Badrinath,4,Alok Meherwal,SP,579,2012,54994,1.05
1,Tharali,5,Dr Jeet Ram,INC,17404,2012,52960,32.86
2,Tharali,5,Magan Lal,BJP,16731,2012,52960,31.59
3,Tharali,5,Rajpal Kanyal,CPM,4256,2012,52960,8.04
4,Tharali,5,Sundra Lal,IND,3473,2012,52960,6.56
5,Tharali,5,Mahes Shankar,IND,3151,2012,52960,5.95
6,Tharali,5,Govind Lal Shah,IND,2027,2012,52960,3.83
7,Tharali,5,Radhaballbh,IND,1723,2012,52960,3.25
8,Tharali,5,Narendra Kumar,BSP,1060,2012,52960,2.0
9,Tharali,5,Manjeet Ram,NCP,630,2012,52960,1.19
10,Tharali,5,Rakesh Lal Khanada,UKDP,598,2012,52960,1.13
11,Tharali,5,Vinod Kumar,LJP,566,2012,52960,1.07
12,Tharali,5,Balak Ram,IND,485,2012,52960,0.92
13,Tharali,5,Bali Ram,JD(U),459,2012,52960,0.87
14,Tharali,5,Prem Ram,SP,397,2012,52960,0.75
1,Karanprayag,6,Ansuya Prasad Maikhuri,INC,11147,2012,48941,22.78
2,Karanprayag,6,Surendra Singh Negi,IND,10920,2012,48941,22.31
3,Karanprayag,6,Harish Pujari,BJP,8343,2012,48941,17.05
4,Karanprayag,6,Anil Nautiyal,IND,6631,2012,48941,13.55
5,Karanprayag,6,Awatar Singh,IND,3576,2012,48941,7.31
6,Karanprayag,6,Neelam Chandra,IND,3093,2012,48941,6.32
7,Karanprayag,6,Arun Maithani,IND,1802,2012,48941,3.68
8,Karanprayag,6,Vijayesh Nawani,UTRM,1543,2012,48941,3.15
9,Karanprayag,6,Chatur Singh Negi,UKDP,738,2012,48941,1.51
10,Karanprayag,6,Indresh Maikhuri,CPI(ML)(L),632,2012,48941,1.29
11,Karanprayag,6,Dhumi Lal,BSP,516,2012,48941,1.05
1,Kedarnath,7,Shaila Rani Rawat,INC,19960,2012,47481,42.04
2,Kedarnath,7,Asha,BJP,17632,2012,47481,37.13
3,Kedarnath,7,Gangadhar Nautiyal,CPM,2395,2012,47481,5.04
4,Kedarnath,7,Ramesh Prasad Chamola,BSP,1918,2012,47481,4.04
5,Kedarnath,7,Dinesh Chandra Semwal,IND,1859,2012,47481,3.92
6,Kedarnath,7,Durgpal Chauhan,UTRM,1501,2012,47481,3.16
7,Kedarnath,7,Laxmi Jaggi,CPI,1492,2012,47481,3.14
8,Kedarnath,7,Om Prakash Vashisth,IND,435,2012,47481,0.92
9,Kedarnath,7,Shambhu Prasad,LJP,289,2012,47481,0.61
1,Rudraprayag,8,Harak Singh Rawat,INC,15469,2012,52180,29.65
2,Rudraprayag,8,Matbar Singh Kandari,BJP,14143,2012,52180,27.1
3,Rudraprayag,8,Bharat Singh Chaudhary,IND,7988,2012,52180,15.31
4,Rudraprayag,8,Arjun Singh,UTRM,6331,2012,52180,12.13
5,Rudraprayag,8,Virendra Singh,IND,3354,2012,52180,6.43
6,Rudraprayag,8,Dheer Singh,BSP,1355,2012,52180,2.6
7,Rudraprayag,8,Kishori Nandan Dobhal,UKDP,910,2012,52180,1.74
8,Rudraprayag,8,Kuldip Singh,SP,720,2012,52180,1.38
9,Rudraprayag,8,Bhagwati Prasad,IND,717,2012,52180,1.37
10,Rudraprayag,8,Kundan Lal,LJP,716,2012,52180,1.37
11,Rudraprayag,8,Vijendra Prasad,IND,477,2012,52180,0.91
1,Ghanshali,9,Bheem Lal Arya,BJP,24254,2012,41356,58.65
2,Ghanshali,9,Dhani Lal Shah,INC,10560,2012,41356,25.53
3,Ghanshali,9,Shoorveer Lal,IND,2439,2012,41356,5.9
4,Ghanshali,9,Achla Khandewal,BSP,1452,2012,41356,3.51
5,Ghanshali,9,Makan Lal,UKDP,930,2012,41356,2.25
6,Ghanshali,9,Nagendra Lal,UTRM,808,2012,41356,1.95
7,Ghanshali,9,Bhagwan Das,ABHM,536,2012,41356,1.3
8,Ghanshali,9,Ramesh Naithwal,NCP,377,2012,41356,0.91
1,Devprayag,10,Mantri Prasad Naithani,IND,12294,2012,40166,30.61
2,Devprayag,10,Diwakar Bhatt,BJP,10753,2012,40166,26.77
3,Devprayag,10,Mahipal Singh,IND,6706,2012,40166,16.7
4,Devprayag,10,Shoorveer Singh Sajwan,INC,6358,2012,40166,15.83
5,Devprayag,10,Jai Krishan (Pummy),BSP,1001,2012,40166,2.49
6,Devprayag,10,Puran Singh Bhandari,IND,611,2012,40166,1.52
7,Devprayag,10,Ved Prakash,IND,456,2012,40166,1.14
8,Devprayag,10,Raghunandan Pandey,SHS,423,2012,40166,1.05
9,Devprayag,10,Jabar Singh Urf,UTRM,418,2012,40166,1.04
10,Devprayag,10,Bilashwar Jhaldiyal,RLD,411,2012,40166,1.02
11,Devprayag,10,Mukesh Chamoli,NCP,370,2012,40166,0.92
12,Devprayag,10,Jai Prakash Upadhyay,UKDP,365,2012,40166,0.91
1,Narendranagar,11,Subodh Uniyal,INC,21220,2012,48816,43.47
2,Narendranagar,11,Om Gopal Rawat,BJP,20819,2012,48816,42.65
3,Narendranagar,11,Sardar Singh,IND,3445,2012,48816,7.06
4,Narendranagar,11,Aditya Kothari,IND,1600,2012,48816,3.28
5,Narendranagar,11,Rukam Singh Pokhriyal,BSP,584,2012,48816,1.2
6,Narendranagar,11,Sanjay Kothiyal,UKDP,575,2012,48816,1.18
7,Narendranagar,11,Soban Singh Negi,UTRM,573,2012,48816,1.17
1,Pratapnagar,12,Vikram Singh Negi,INC,12135,2012,38673,31.38
2,Pratapnagar,12,Vijay Singh,BJP,11593,2012,38673,29.98
3,Pratapnagar,12,Rajeshwar Prasad,IND,7927,2012,38673,20.5
4,Pratapnagar,12,Ramchandra Singh Bisht,UKDP,3282,2012,38673,8.49
5,Pratapnagar,12,Devi Singh,BSP,3007,2012,38673,7.78
6,Pratapnagar,12,Madan Singh,IND,729,2012,38673,1.89
1,Tehri,13,Dinesh Dhanai,IND,12026,2012,40399,29.77
2,Tehri,13,Kishore Upadhyaya,INC,11649,2012,40399,28.83
3,Tehri,13,Dhan Singh Negi,BJP,9828,2012,40399,24.33
4,Tehri,13,Virendar Mohan,UKDP,2237,2012,40399,5.54
5,Tehri,13,Er. Ratan Singh Gunsola,UTRM,1978,2012,40399,4.9
6,Tehri,13,Dr. Pramod Uniyal,BSP,914,2012,40399,2.26
7,Tehri,13,Sundar Lal Bailwal,IND,593,2012,40399,1.47
8,Tehri,13,Shivdayal Bahuguna,IND,559,2012,40399,1.38
9,Tehri,13,Bhagwan Singh Rana,CPM,308,2012,40399,0.76
10,Tehri,13,Asha,IND,307,2012,40399,0.76
1,Dhanolti,14,Mahaveer Singh,BJP,12081,2012,45769,26.4
2,Dhanolti,14,Manmohan Singh,INC,10933,2012,45769,23.89
3,Dhanolti,14,Jot Singh Bisht,IND,10261,2012,45769,22.42
4,Dhanolti,14,Rajesh,IND,6049,2012,45769,13.22
5,Dhanolti,14,Somvari Lal Uniyal,UTRM,2127,2012,45769,4.65
6,Dhanolti,14,Gulab Singh,IND,1499,2012,45769,3.28
7,Dhanolti,14,Devendra Prasad,IND,636,2012,45769,1.39
8,Dhanolti,14,Yeshveer Arya,IND,515,2012,45769,1.13
9,Dhanolti,14,Chintamani,UKDP,503,2012,45769,1.1
10,Dhanolti,14,Mohan Lal,BSP,417,2012,45769,0.91
11,Dhanolti,14,Chait Ram Alias Chaitu,IND,315,2012,45769,0.69
12,Dhanolti,14,Usha Panwar,IND,260,2012,45769,0.57
13,Dhanolti,14,Suraj Mani,SP,173,2012,45769,0.38
1,Chakrata,15,Pritam Singh,INC,33187,2012,64873,51.16
2,Chakrata,15,Munna Singh Chauhan,UJP,26533,2012,64873,40.9
3,Chakrata,15,Kamla Chauhan,BJP,1943,2012,64873,3.0
4,Chakrata,15,Ghansyam Kunwar,BSP,1017,2012,64873,1.57
5,Chakrata,15,Naresh Chauhan,SP,768,2012,64873,1.18
6,Chakrata,15,Bheem Dutt,IND,610,2012,64873,0.94
7,Chakrata,15,Shamsher Singh Rathour,NCP,538,2012,64873,0.83
8,Chakrata,15,Arjuni Rana,UTRM,277,2012,64873,0.43
1,Vikasnagar,16,Nav Prabhat,INC,32742,2012,67730,48.34
2,Vikasnagar,16,Kuldeep Kumar,BJP,22885,2012,67730,33.79
3,Vikasnagar,16,Gurumel Singh,BSP,2877,2012,67730,4.25
4,Vikasnagar,16,Surat Singh,UJP,2695,2012,67730,3.98
5,Vikasnagar,16,Suhail Pasha,IND,1447,2012,67730,2.14
6,Vikasnagar,16,Babita Pundir,IND,829,2012,67730,1.22
7,Vikasnagar,16,Vinay Raj Singh (Pappu,IND,532,2012,67730,0.79
8,Vikasnagar,16,Haridass Kataria,IND,527,2012,67730,0.78
9,Vikasnagar,16,Arvind Sharma,SP,458,2012,67730,0.68
10,Vikasnagar,16,Gopal Singh Dogra,SASP,454,2012,67730,0.67
11,Vikasnagar,16,Liyakat,IND,434,2012,67730,0.64
12,Vikasnagar,16,Chander Mohan Singh,IND,360,2012,67730,0.53
13,Vikasnagar,16,Jasbeer Singh,IND,346,2012,67730,0.51
14,Vikasnagar,16,Ramesh Chandra Azad,IND,345,2012,67730,0.51
15,Vikasnagar,16,M. Islam,NCP,272,2012,67730,0.4
16,Vikasnagar,16,Jamshed Ali,MKD,267,2012,67730,0.39
17,Vikasnagar,16,Satish Kumar,RLD,151,2012,67730,0.22
18,Vikasnagar,16,Inam Babu,JD(S),109,2012,67730,0.16
1,Sahaspur,17,Sahdev Singh Pundir,BJP,26064,2012,83335,31.28
2,Sahaspur,17,Aryendra Sharma,INC,20574,2012,83335,24.69
3,Sahaspur,17,Gulzar Ahmad,IND,9699,2012,83335,11.64
4,Sahaspur,17,Laxmi Agarwal,IND,5650,2012,83335,6.78
5,Sahaspur,17,Rakesh,IND,5181,2012,83335,6.22
6,Sahaspur,17,Sahab Singh Pundir,BSP,4775,2012,83335,5.73
7,Sahaspur,17,Shiv Prasad Devali,CPM,3070,2012,83335,3.68
8,Sahaspur,17,Prakash Joshi,UTRM,1509,2012,83335,1.81
9,Sahaspur,17,Gulfam Ali,SP,1272,2012,83335,1.53
10,Sahaspur,17,Bhoop Singh,IND,953,2012,83335,1.14
11,Sahaspur,17,Ram Bahadur Tamang,IND,874,2012,83335,1.05
12,Sahaspur,17,Riyaz Ahmed,IND,521,2012,83335,0.63
13,Sahaspur,17,Pooja Subba,GDP,474,2012,83335,0.57
14,Sahaspur,17,Inam Babu,IND,455,2012,83335,0.55
15,Sahaspur,17,Vinod Singh Negi,IND,447,2012,83335,0.54
16,Sahaspur,17,Amit,AITC,414,2012,83335,0.5
17,Sahaspur,17,Babulal Gupta,RLD,347,2012,83335,0.42
18,Sahaspur,17,Sansar Singh,IND,280,2012,83335,0.34
19,Sahaspur,17,Satish Kumar,IND,191,2012,83335,0.23
20,Sahaspur,17,Shiv Raj,IND,184,2012,83335,0.22
21,Sahaspur,17,Santosh,IND,162,2012,83335,0.19
22,Sahaspur,17,Irfan Khan,JLKP,133,2012,83335,0.16
23,Sahaspur,17,Zamil Hasan,MUL,106,2012,83335,0.13
1,Dharampur,18,Dinesh Agarwal,INC,37884,2012,75191,50.38
2,Dharampur,18,Prakash Suman Dhyani,BJP,28464,2012,75191,37.86
3,Dharampur,18,Saleem Ahmed,BSP,3805,2012,75191,5.06
4,Dharampur,18,Mo. Tahir,IND,976,2012,75191,1.3
5,Dharampur,18,Bahadur Singh Rawat,UKDP,948,2012,75191,1.26
6,Dharampur,18,Mahesh Kumar,IND,593,2012,75191,0.79
7,Dharampur,18,Ramsukh,BSP(K),379,2012,75191,0.5
8,Dharampur,18,Suresh Singh Rana,IND,338,2012,75191,0.45
9,Dharampur,18,Sushma,JMBP,330,2012,75191,0.44
10,Dharampur,18,Manjoor Hasan,SP,323,2012,75191,0.43
11,Dharampur,18,Gopal Puri,UTRM,178,2012,75191,0.24
12,Dharampur,18,Shailesh Kumar Verma,NCP,160,2012,75191,0.21
13,Dharampur,18,Tarun Ahuja,SHS,154,2012,75191,0.2
14,Dharampur,18,Shambhu Saran,AITC,146,2012,75191,0.19
15,Dharampur,18,Ajijur Rehaman,MUL,142,2012,75191,0.19
16,Dharampur,18,Jagveer Singh,JLKP,141,2012,75191,0.19
16,Dharampur,18,Sardar Khan(Pappu),RLD,141,2012,75191,0.19
18,Dharampur,18,Sanjeevan Ram,LJP,89,2012,75191,0.12
1,Raipur,19,Umesh Sharma (Kau),INC,29900,2012,76577,39.05
2,Raipur,19,Trivendra Singh Rawat,BJP,29426,2012,76577,38.43
3,Raipur,19,Ajay Sood,BSP,5142,2012,76577,6.71
4,Raipur,19,Vinod Bharthwal,SP,4128,2012,76577,5.39
5,Raipur,19,Rajani Rawat,IND,3144,2012,76577,4.11
6,Raipur,19,Pankaj Chetri,IND,705,2012,76577,0.92
7,Raipur,19,Mohan Singh Rawat,IND,639,2012,76577,0.83
8,Raipur,19,Rajendra Prasad,UTRM,536,2012,76577,0.7
9,Raipur,19,Roop Chand,NCP,441,2012,76577,0.58
10,Raipur,19,Manoj Kumar,IND,409,2012,76577,0.53
11,Raipur,19,Anil Pant,IND,273,2012,76577,0.36
12,Raipur,19,Shanti Prasad Bijalwan,IND,245,2012,76577,0.32
13,Raipur,19,Naseem,UTPP,228,2012,76577,0.3
14,Raipur,19,Anuradha,MKD,224,2012,76577,0.29
15,Raipur,19,Maya Mohan Lakhera,IND,197,2012,76577,0.26
16,Raipur,19,Vinod Kumar Maletha,IND,190,2012,76577,0.25
17,Raipur,19,Mahesh Kaushal,AITC,160,2012,76577,0.21
18,Raipur,19,Shusheel Kumar,LJP,153,2012,76577,0.2
19,Raipur,19,Mohammad Sattar,IND,150,2012,76577,0.2
20,Raipur,19,Bhupendra Singh,SHS,106,2012,76577,0.14
21,Raipur,19,Shiv Sagar Thapa,JKNPP,98,2012,76577,0.13
22,Raipur,19,Rajkumar Urf Rajkumar,UPP,83,2012,76577,0.11
1,Rajpur Road,20,Rajkumar,INC,28291,2012,60222,46.98
2,Rajpur Road,20,Ravinder Singh Kataria,BJP,25221,2012,60222,41.88
3,Rajpur Road,20,Tanveer Singh,BSP,5011,2012,60222,8.32
4,Rajpur Road,20,Sanjeev Kumar,IND,449,2012,60222,0.75
5,Rajpur Road,20,Sapna Sonkar,SP,304,2012,60222,0.5
6,Rajpur Road,20,Balesh Bawania,IND,278,2012,60222,0.46
7,Rajpur Road,20,Naresh Vaid,NCP,249,2012,60222,0.41
8,Rajpur Road,20,Vijay Kumar,RJKP,235,2012,60222,0.39
9,Rajpur Road,20,Brij Mohan,LJP,184,2012,60222,0.31
1,Dehradun Cantt.,21,Harbans Kapoor,BJP,29719,2012,62659,47.43
2,Dehradun Cantt.,21,Devendra Singh Sethi,INC,24624,2012,62659,39.3
3,Dehradun Cantt.,21,Rajendra Pant,UTRM,3391,2012,62659,5.41
4,Dehradun Cantt.,21,Noopur Gupta,BSP,1570,2012,62659,2.51
5,Dehradun Cantt.,21,Adesh Garg,IND,1118,2012,62659,1.78
6,Dehradun Cantt.,21,Jyotsna,IND,567,2012,62659,0.9
7,Dehradun Cantt.,21,Bijendar Singh Thapa,AITC,367,2012,62659,0.59
8,Dehradun Cantt.,21,Sanjay Bhatt,UKDP,315,2012,62659,0.5
9,Dehradun Cantt.,21,Subhash Chand Jasoria,SP,295,2012,62659,0.47
10,Dehradun Cantt.,21,Rahul Chauhan,SHS,260,2012,62659,0.41
11,Dehradun Cantt.,21,Indradev Shukla,IND,160,2012,62659,0.26
12,Dehradun Cantt.,21,Rajeev Gupta,RJSD,111,2012,62659,0.18
13,Dehradun Cantt.,21,Beer Singh Rawat,NCP,100,2012,62659,0.16
14,Dehradun Cantt.,21,Pt. Madan Gopal Chove,IJP,62,2012,62659,0.1
1,Mussoorie,22,Ganesh Joshi,BJP,28097,2012,63093,44.53
2,Mussoorie,22,Jot Singh Gunsola,INC,18321,2012,63093,29.04
3,Mussoorie,22,Godavari Thapa Thapli,IND,9248,2012,63093,14.66
4,Mussoorie,22,Bhupendra Singh Chhetri,GDP,2628,2012,63093,4.17
5,Mussoorie,22,Pt. Manoj Sharma,BSP,1854,2012,63093,2.94
6,Mussoorie,22,Mohan Lal Bangwal,IND,593,2012,63093,0.94
7,Mussoorie,22,Pramila Rawat,UKDP,570,2012,63093,0.9
8,Mussoorie,22,Jagdish Chauhan,IND,444,2012,63093,0.7
9,Mussoorie,22,Bhagwan Singh Panwar,IND,257,2012,63093,0.41
10,Mussoorie,22,Kailash Singh Chaudhary,IND,252,2012,63093,0.4
11,Mussoorie,22,Amit Singh,UTRM,229,2012,63093,0.36
12,Mussoorie,22,Manoj Dhyani,NCP,216,2012,63093,0.34
13,Mussoorie,22,Gyanveer Tyagi,UPP,158,2012,63093,0.25
14,Mussoorie,22,Shiv Singh Rawat,AITC,113,2012,63093,0.18
14,Mussoorie,22,Sanjay Goyal,SP,113,2012,63093,0.18
1,Doiwala,23,Ramesh Pokhriyal,BJP,23448,2012,76430,30.68
2,Doiwala,23,Heera Singh Bisht,INC,22176,2012,76430,29.01
3,Doiwala,23,S.P. Singh,IND,11241,2012,76430,14.71
4,Doiwala,23,Jaideep Singh Negi,IND,8589,2012,76430,11.24
5,Doiwala,23,Phool Singh,BSP,5872,2012,76430,7.68
6,Doiwala,23,Jitendra Mohan Sharma,UKDP,674,2012,76430,0.88
7,Doiwala,23,Dinesh Chandra,MOSP,594,2012,76430,0.78
8,Doiwala,23,Bhargav Chandola,UTRM,506,2012,76430,0.66
9,Doiwala,23,Surendra Dutt Petwal,IND,445,2012,76430,0.58
10,Doiwala,23,Heema Bora,SP,382,2012,76430,0.5
11,Doiwala,23,Vijendra Singh Chauhan,IND,368,2012,76430,0.48
12,Doiwala,23,Shamsher Singh Bisht,IND,312,2012,76430,0.41
13,Doiwala,23,Sarvanand,AITC,289,2012,76430,0.38
14,Doiwala,23,Anuj Dimri,IND,286,2012,76430,0.37
15,Doiwala,23,Rishi Kumar,LJP,266,2012,76430,0.35
16,Doiwala,23,Sawan Chand Ramola,JD(U),244,2012,76430,0.32
17,Doiwala,23,Ramesh Kothiyal,IND,242,2012,76430,0.32
18,Doiwala,23,Kamini Gairola,NCP,219,2012,76430,0.29
19,Doiwala,23,Prem Prakash,UPP,177,2012,76430,0.23
20,Doiwala,23,Jaswant Singh Randhava,JD(S),100,2012,76430,0.13
1,Rishikesh,24,Premchand Aggarwal,BJP,29090,2012,81076,35.88
2,Rishikesh,24,Rajpal Kharola,INC,21819,2012,81076,26.91
3,Rishikesh,24,Deep Sharma,IND,17669,2012,81076,21.79
4,Rishikesh,24,Lallan Bharadwaj,BSP,5047,2012,81076,6.23
5,Rishikesh,24,Surandra Singh Kaintura,UTRM,1429,2012,81076,1.76
6,Rishikesh,24,Shobha Ram Raturi,SASP,1360,2012,81076,1.68
7,Rishikesh,24,Anil Kalura,UKDP,1191,2012,81076,1.47
8,Rishikesh,24,Sanjay Pokhriyal,IND,624,2012,81076,0.77
9,Rishikesh,24,Gopal Purohit,IND,592,2012,81076,0.73
10,Rishikesh,24,Yogesh Kumar Uniyal,IND,583,2012,81076,0.72
11,Rishikesh,24,Suresh Chandra Dabral,IND,318,2012,81076,0.39
12,Rishikesh,24,Kripal Singh Rawat,IND,274,2012,81076,0.34
13,Rishikesh,24,Ramsharan Bhatt,IND,193,2012,81076,0.24
14,Rishikesh,24,Virender Bhardwaj,LJP,179,2012,81076,0.22
15,Rishikesh,24,Vishwanath Raturi,SP,173,2012,81076,0.21
16,Rishikesh,24,Arti,JD(U),169,2012,81076,0.21
17,Rishikesh,24,Naresh Chandra Baloni,AITC,143,2012,81076,0.18
18,Rishikesh,24,Ashish,IND,123,2012,81076,0.15
19,Rishikesh,24,Ajay Kathuria,IND,100,2012,81076,0.12
1,Hardwar,25,Madan Kaushik,BJP,42297,2012,82441,51.31
2,Hardwar,25,Satpal Brahamchari,INC,33677,2012,82441,40.85
3,Hardwar,25,Gulshan Arora,BSP,3225,2012,82441,3.91
4,Hardwar,25,Ashok Sharma,IND,748,2012,82441,0.91
5,Hardwar,25,Beer Singh,IND,336,2012,82441,0.41
6,Hardwar,25,Sanju,IND,288,2012,82441,0.35
7,Hardwar,25,Gajinder Singh Sidhu,RKSP,243,2012,82441,0.29
8,Hardwar,25,Harinder Tiwari,IND,228,2012,82441,0.28
9,Hardwar,25,Pankaj Dubey,SHS,201,2012,82441,0.24
10,Hardwar,25,Tripta Sharma,NCP,199,2012,82441,0.24
11,Hardwar,25,Muhammad Mursalin,IND,176,2012,82441,0.21
11,Hardwar,25,Noshad,IND,176,2012,82441,0.21
13,Hardwar,25,Yashpal Singh Rawat,MAJP,164,2012,82441,0.2
14,Hardwar,25,Mukesh Sharma,SP,150,2012,82441,0.18
15,Hardwar,25,Sonia Kinnar,JKNPP,115,2012,82441,0.14
16,Hardwar,25,Dhiraj Bhardwaj,IND,114,2012,82441,0.14
17,Hardwar,25,Swami Nitanand,IND,104,2012,82441,0.13
1,B.H.E.L. Ranipur,26,Adesh Chauhan,BJP,26402,2012,77622,34.01
2,B.H.E.L. Ranipur,26,Ambris Kumar,IND,19791,2012,77622,25.5
3,B.H.E.L. Ranipur,26,Vishal Singh,BSP,14195,2012,77622,18.29
4,B.H.E.L. Ranipur,26,Balvant Singh,INC,10281,2012,77622,13.24
5,B.H.E.L. Ranipur,26,Ataur Rahman,IND,1503,2012,77622,1.94
6,B.H.E.L. Ranipur,26,Munarika Yadav,CPI,582,2012,77622,0.75
7,B.H.E.L. Ranipur,26,Pitambar Baloni,CPM,559,2012,77622,0.72
8,B.H.E.L. Ranipur,26,Arjun Nagyan,IND,534,2012,77622,0.69
9,B.H.E.L. Ranipur,26,Janak Singh,IND,420,2012,77622,0.54
10,B.H.E.L. Ranipur,26,Ex. Capt. Alok Kumar,IND,416,2012,77622,0.54
11,B.H.E.L. Ranipur,26,Mohan Singh Rawat,UTRM,411,2012,77622,0.53
12,B.H.E.L. Ranipur,26,Shreeram Ahuja,IND,409,2012,77622,0.53
13,B.H.E.L. Ranipur,26,Arun Kumar,IND,301,2012,77622,0.39
14,B.H.E.L. Ranipur,26,Kajichaand,SP,298,2012,77622,0.38
15,B.H.E.L. Ranipur,26,Sarita Purohit,UKDP,247,2012,77622,0.32
16,B.H.E.L. Ranipur,26,Pankaj Gupta,NCP,205,2012,77622,0.26
17,B.H.E.L. Ranipur,26,Shalu Gahalavat,IND,199,2012,77622,0.26
17,B.H.E.L. Ranipur,26,Nayeem Ahamed,RLD,199,2012,77622,0.26
19,B.H.E.L. Ranipur,26,Mukesh Kumar Upadhyay,SHS,189,2012,77622,0.24
20,B.H.E.L. Ranipur,26,Vasisth Pasvan,LJP,183,2012,77622,0.24
21,B.H.E.L. Ranipur,26,Murshaleen Quresi,IND,116,2012,77622,0.15
22,B.H.E.L. Ranipur,26,Sushil Chand Thapliyal,JKNPP,98,2012,77622,0.13
23,B.H.E.L. Ranipur,26,Rati Bhan Saini,JD(U),84,2012,77622,0.11
1,Jwalapur,27,Chander Shakhar,BJP,21303,2012,70408,30.26
2,Jwalapur,27,Madan Lal,BSP,20745,2012,70408,29.46
3,Jwalapur,27,Braj Rani,INC,20649,2012,70408,29.33
4,Jwalapur,27,Kavita,RLNP,2926,2012,70408,4.16
5,Jwalapur,27,Subhash Chanchal,IND,2792,2012,70408,3.97
6,Jwalapur,27,Raju Singh,NCP,479,2012,70408,0.68
7,Jwalapur,27,Babu Ram,IND,387,2012,70408,0.55
8,Jwalapur,27,Rajan Rathore,SP,348,2012,70408,0.49
9,Jwalapur,27,Pradeep Kumar,SHS,269,2012,70408,0.38
10,Jwalapur,27,Jag Jeevan,IND,263,2012,70408,0.37
11,Jwalapur,27,Rekha Balmiki,UTRM,130,2012,70408,0.18
12,Jwalapur,27,Seema,MUL,117,2012,70408,0.17
1,Bhagwanpur,28,Surendra Rakesh,BSP,36828,2012,78542,46.89
2,Bhagwanpur,28,Satyapal Singh,INC,30047,2012,78542,38.26
3,Bhagwanpur,28,Suresh Rathor,BJP,10650,2012,78542,13.56
4,Bhagwanpur,28,Menpal,LJP,545,2012,78542,0.69
5,Bhagwanpur,28,Bishamber Singh,SP,472,2012,78542,0.6
1,Jhabrera,29,Hari Dass,BSP,22781,2012,69312,32.87
2,Jhabrera,29,Rajpal,INC,18972,2012,69312,27.37
3,Jhabrera,29,Vaiyajanti Mala,BJP,16173,2012,69312,23.33
4,Jhabrera,29,Budh Singh,RLD,3981,2012,69312,5.74
5,Jhabrera,29,Rajendra Kumar Badi,SP,3031,2012,69312,4.37
6,Jhabrera,29,Bimla,RLNP,1373,2012,69312,1.98
7,Jhabrera,29,Madan Singh Khalsa,CPI,881,2012,69312,1.27
8,Jhabrera,29,Nauratu Singh,IND,612,2012,69312,0.88
9,Jhabrera,29,Sanjay Kumar,IND,496,2012,69312,0.72
10,Jhabrera,29,Jaiprakash,MKD,407,2012,69312,0.59
11,Jhabrera,29,Satyapal,IVD,336,2012,69312,0.48
12,Jhabrera,29,Vinod Kumar,AITC,269,2012,69312,0.39
1,Pirankaliyar,30,Furkan Ahmad,INC,25870,2012,73813,35.05
2,Pirankaliyar,30,Shahzad,BSP,23926,2012,73813,32.41
3,Pirankaliyar,30,Shyambeer,BJP,21648,2012,73813,29.33
4,Pirankaliyar,30,Rao Irshad,IND,442,2012,73813,0.6
5,Pirankaliyar,30,Sulekh Chand,IND,368,2012,73813,0.5
6,Pirankaliyar,30,Mahak Singh,IND,301,2012,73813,0.41
7,Pirankaliyar,30,Mohd. Iqbal,SP,192,2012,73813,0.26
8,Pirankaliyar,30,Yogesh,NCP,164,2012,73813,0.22
9,Pirankaliyar,30,Lalit Kumar,UKDP,160,2012,73813,0.22
10,Pirankaliyar,30,Anuj Verma,IND,127,2012,73813,0.17
11,Pirankaliyar,30,Rekha Devi,MD,121,2012,73813,0.16
12,Pirankaliyar,30,Devanand,UTRM,116,2012,73813,0.16
13,Pirankaliyar,30,Mohd. Furkan,IND,115,2012,73813,0.16
14,Pirankaliyar,30,Charan Singh,RLD,110,2012,73813,0.15
15,Pirankaliyar,30,Wazid Ali,JD(U),79,2012,73813,0.11
16,Pirankaliyar,30,Brahmanand,LJP,74,2012,73813,0.1
1,Roorkee,31,Pardeep Batra,INC,23164,2012,61326,37.77
2,Roorkee,31,Suresh Chand Jain,BJP,22363,2012,61326,36.47
3,Roorkee,31,Nayyer Azam,BSP,9772,2012,61326,15.93
4,Roorkee,31,Manohar Lal Sharma,IND,3228,2012,61326,5.26
5,Roorkee,31,Bharat Bhushan Kalra,IND,1200,2012,61326,1.96
6,Roorkee,31,Satish Rohela Advocate,IND,855,2012,61326,1.39
7,Roorkee,31,Munesh Tyagi,SP,257,2012,61326,0.42
8,Roorkee,31,Rajendra Singh Pundir,IND,102,2012,61326,0.17
9,Roorkee,31,Manisha,IND,96,2012,61326,0.16
10,Roorkee,31,Sunil Kumar Saini,SHS,87,2012,61326,0.14
11,Roorkee,31,Balvir Siingh,IND,81,2012,61326,0.13
12,Roorkee,31,Prema,JD(U),67,2012,61326,0.11
13,Roorkee,31,Naveen Jain,IND,54,2012,61326,0.09
1,Khanpur,32,Kunwar Pranav Singh,INC,23072,2012,87874,26.26
2,Khanpur,32,Ch. Kulveer Singh,BSP,20241,2012,87874,23.03
3,Khanpur,32,Ravinder Singh,BJP,19596,2012,87874,22.3
4,Khanpur,32,Riyasat,IND,18730,2012,87874,21.31
5,Khanpur,32,Abdul Mannan,MD,2408,2012,87874,2.74
6,Khanpur,32,Sanjay Pal,UTRM,2172,2012,87874,2.47
7,Khanpur,32,Sadat Masood,RLD,467,2012,87874,0.53
8,Khanpur,32,Yakoob,IND,340,2012,87874,0.39
9,Khanpur,32,Jagpal Singh,MAJP,268,2012,87874,0.3
10,Khanpur,32,Tasin,AITC,193,2012,87874,0.22
11,Khanpur,32,Nar Singh,LJP,162,2012,87874,0.18
12,Khanpur,32,Sayeed Hassan,SP,145,2012,87874,0.17
13,Khanpur,32,Saddam Hussain,MUL,80,2012,87874,0.09
1,Manglaur,33,Sarwat Kareem Ansari,BSP,24706,2012,72597,34.03
2,Manglaur,33,Qazi Md. Nizamuddin,INC,24008,2012,72597,33.07
3,Manglaur,33,Gaurav Chaudhary,RLD,19354,2012,72597,26.66
4,Manglaur,33,Kaleem,BJP,2061,2012,72597,2.84
5,Manglaur,33,Sanjeev Tomar,IND,732,2012,72597,1.01
6,Manglaur,33,Naresh Kumar,MKD,545,2012,72597,0.75
7,Manglaur,33,Anuj,SP,447,2012,72597,0.62
8,Manglaur,33,Pradeep Kumar (Dhiman),UKDP,310,2012,72597,0.43
9,Manglaur,33,Anil Kumar,IVD,242,2012,72597,0.33
10,Manglaur,33,Braj Bhushan,IND,118,2012,72597,0.16
11,Manglaur,33,Junaid Akbar,IND,74,2012,72597,0.1
1,Laksar,34,Sanjay Gupta,BJP,25945,2012,65836,39.41
2,Laksar,34,Haji Taslim Ahmed,BSP,15551,2012,65836,23.62
3,Laksar,34,Tahir Hasan,IND,13042,2012,65836,19.81
4,Laksar,34,Ram Singh Saini,INC,8001,2012,65836,12.15
5,Laksar,34,Prem Singh,MD,1301,2012,65836,1.98
6,Laksar,34,Surendra Kumar Namdev,IND,391,2012,65836,0.59
7,Laksar,34,Padam Singh Gujjar,SP,284,2012,65836,0.43
8,Laksar,34,Rajkumar,RLD,264,2012,65836,0.4
9,Laksar,34,Asrar,MUL,206,2012,65836,0.31
10,Laksar,34,Rajkumar Saini,SHS,202,2012,65836,0.31
11,Laksar,34,Abdul Sattar,IND,173,2012,65836,0.26
12,Laksar,34,Rajbeer,IND,161,2012,65836,0.24
13,Laksar,34,Gulam Rasool,AITC,154,2012,65836,0.23
14,Laksar,34,Satendra Kumar Saini,UTPP,87,2012,65836,0.13
15,Laksar,34,Machhala Devi,NAP,74,2012,65836,0.11
1,Hardwar Rural,35,Yatishvaranand,BJP,25159,2012,77656,32.4
2,Hardwar Rural,35,Irshad Ali,INC,21284,2012,77656,27.41
3,Hardwar Rural,35,Sheshraj Singh,BSP,19158,2012,77656,24.67
4,Hardwar Rural,35,Shrikant Verma,UTRM,6452,2012,77656,8.31
5,Hardwar Rural,35,Mahaveer Singh,IND,1721,2012,77656,2.22
6,Hardwar Rural,35,Jitendra Kumar,SP,467,2012,77656,0.6
7,Hardwar Rural,35,Ranveer Singh Rana,UKDP,460,2012,77656,0.59
8,Hardwar Rural,35,Dharampal Sahgal,NCP,411,2012,77656,0.53
9,Hardwar Rural,35,Hitanshu Chopra,RLD,361,2012,77656,0.46
10,Hardwar Rural,35,Ramesh,IND,335,2012,77656,0.43
11,Hardwar Rural,35,Aladdin,MAJP,319,2012,77656,0.41
12,Hardwar Rural,35,Arjun Kumar,LJP,303,2012,77656,0.39
13,Hardwar Rural,35,Kuldeep,IND,277,2012,77656,0.36
14,Hardwar Rural,35,Ravidutt Bakshi,SHS,263,2012,77656,0.34
15,Hardwar Rural,35,Sayyad Ali,IND,247,2012,77656,0.32
16,Hardwar Rural,35,Ha. Rao Mo. Asgar,IND,174,2012,77656,0.22
17,Hardwar Rural,35,Javed Aalam,IND,172,2012,77656,0.22
18,Hardwar Rural,35,Ghalib,MUL,93,2012,77656,0.12
1,Yamakeshwar,36,Vijay Brathwal,BJP,13842,2012,42994,32.2
2,Yamakeshwar,36,Sarojani Devi,INC,10301,2012,42994,23.96
3,Yamakeshwar,36,Renu Bisht,UTRM,8541,2012,42994,19.87
4,Yamakeshwar,36,Dr Shakti Shail,UKDP,3539,2012,42994,8.23
5,Yamakeshwar,36,Manoj Kulashri,IND,2149,2012,42994,5.0
6,Yamakeshwar,36,Shurbir Singh Bisht,SASP,1212,2012,42994,2.82
7,Yamakeshwar,36,Chandra Prakash,IND,859,2012,42994,2.0
8,Yamakeshwar,36,Col. Harpal Singh Bist,IND,853,2012,42994,1.98
9,Yamakeshwar,36,Kuldeep Singh Rawat,BSP,545,2012,42994,1.27
10,Yamakeshwar,36,Shatrughan Prasad,IND,542,2012,42994,1.26
11,Yamakeshwar,36,Ashok Singh,IND,378,2012,42994,0.88
12,Yamakeshwar,36,Anil Kumar,IND,233,2012,42994,0.54
1,Pauri,37,Sunder Lal Mandrawal,INC,19389,2012,45283,42.82
2,Pauri,37,Ghananand,BJP,16483,2012,45283,36.4
3,Pauri,37,Manohar Lal,UTRM,6685,2012,45283,14.76
4,Pauri,37,Bhagwan Singh Tamta,BSP,1102,2012,45283,2.43
5,Pauri,37,Rajesh Singh Raja,IND,816,2012,45283,1.8
6,Pauri,37,Ganesh Lal,IND,486,2012,45283,1.07
7,Pauri,37,Manoj Kumar,IND,322,2012,45283,0.71
1,Sri Nagar,38,Ganesh Godiyal,INC,27993,2012,54603,51.27
2,Sri Nagar,38,Dr Dhan Singh Rawat,BJP,22930,2012,54603,41.99
3,Sri Nagar,38,Shiv Singh,IND,833,2012,54603,1.53
4,Sri Nagar,38,Devendra Singh,IND,695,2012,54603,1.27
5,Sri Nagar,38,Arvind,UKDP,672,2012,54603,1.23
6,Sri Nagar,38,Sarvender Singh Panwar,IND,631,2012,54603,1.16
7,Sri Nagar,38,Bikram Singh,NCP,577,2012,54603,1.06
8,Sri Nagar,38,Rajeswer Prasad,BSP,272,2012,54603,0.5
1,Chaubattakhal,39,Teerath Singh,BJP,14741,2012,43640,33.78
2,Chaubattakhal,39,Rajpal Singh Bisht,INC,12777,2012,43640,29.28
3,Chaubattakhal,39,Yashpal Benam,IND,6253,2012,43640,14.33
4,Chaubattakhal,39,Rajesh Kandari,BSP,4725,2012,43640,10.83
5,Chaubattakhal,39,Dr Harender Singh,IND,2915,2012,43640,6.68
6,Chaubattakhal,39,Brig. (Retd) Surender,UTRM,894,2012,43640,2.05
7,Chaubattakhal,39,Ramesh Chandra Juyal,IND,534,2012,43640,1.22
8,Chaubattakhal,39,Bharat Bhushan,IND,422,2012,43640,0.97
9,Chaubattakhal,39,Jaspal Singh,IND,379,2012,43640,0.87
1,Lansdowne,40,Daleep Singh Rawat,BJP,15324,2012,39599,38.7
2,Lansdowne,40,Lt Gen (Retd) Tejpal Singh,UTRM,9886,2012,39599,24.97
3,Lansdowne,40,Km Jyoti Rautela,INC,8849,2012,39599,22.35
4,Lansdowne,40,Shishupal Singh Rawat,BSP,2733,2012,39599,6.9
5,Lansdowne,40,Anand Prakash,UKDP,675,2012,39599,1.7
6,Lansdowne,40,Madhu Bisht,IND,672,2012,39599,1.7
7,Lansdowne,40,Manoj Kumar Kuksal,IND,632,2012,39599,1.6
8,Lansdowne,40,Deepak Singh Bisht,IND,432,2012,39599,1.09
9,Lansdowne,40,Manish Sundriyal,IND,396,2012,39599,1.0
1,Kotdwar,41,Surendra Singh Negi,INC,31797,2012,62113,51.19
2,Kotdwar,41,Maj Gen (Retd) Bhuwan,BJP,27174,2012,62113,43.75
3,Kotdwar,41,Raje Singh,BSP,1486,2012,62113,2.39
4,Kotdwar,41,Sur Singh Gusain,IND,583,2012,62113,0.94
5,Kotdwar,41,Gita Ram Sundriyal,UTRM,337,2012,62113,0.54
6,Kotdwar,41,Rajendra Singh Arya,IND,310,2012,62113,0.5
7,Kotdwar,41,Mahesh Chandra Negi,UTPP,287,2012,62113,0.46
8,Kotdwar,41,Manish Bhatt,SP,139,2012,62113,0.22
1,Dharchula,42,Harish Dhami,INC,15739,2012,47419,33.19
2,Dharchula,42,Khushal Singh,BJP,10433,2012,47419,22.0
3,Dharchula,42,Kashi Singh Airy,UKDP,6685,2012,47419,14.1
4,Dharchula,42,Rajendara Singh Kutiyal,BSP,4389,2012,47419,9.26
5,Dharchula,42,Gagan Singh Rajwar,IND,2990,2012,47419,6.31
6,Dharchula,42,Virendra Singh Pal,UTRM,2347,2012,47419,4.95
7,Dharchula,42,Jagat Martolia,CPI(ML)(L),1864,2012,47419,3.93
8,Dharchula,42,Shankar Lal,IND,1131,2012,47419,2.39
9,Dharchula,42,Laxmi Datt Pant,IND,627,2012,47419,1.32
10,Dharchula,42,Jewan Singh Danu,IND,479,2012,47419,1.01
11,Dharchula,42,Govind Singh,IND,374,2012,47419,0.79
12,Dharchula,42,Dinesh Singh,UPP,361,2012,47419,0.76
1,Didihat,43,Bishan Singh Chuphal,BJP,21089,2012,45081,46.78
2,Didihat,43,Rewati Joshi,INC,10472,2012,45081,23.23
3,Didihat,43,Jagjiwan Kanyal,BSP,10183,2012,45081,22.59
4,Didihat,43,Diwan Singh,NCP,1273,2012,45081,2.82
5,Didihat,43,Krishnanand,UPP,839,2012,45081,1.86
6,Didihat,43,Jagdish Chand,IND,817,2012,45081,1.81
7,Didihat,43,Moti Ram Sagar,UTRM,408,2012,45081,0.91
1,Pithoragarh,44,Mayukh Singh,INC,33976,2012,56901,59.71
2,Pithoragarh,44,Prakash Pant,BJP,20779,2012,56901,36.52
3,Pithoragarh,44,Ram Datt Joshi,BSP,918,2012,56901,1.61
4,Pithoragarh,44,Guljar Khan,IND,686,2012,56901,1.21
5,Pithoragarh,44,Santosh Rawat,SHS,542,2012,56901,0.95
1,Gangolihat,45,Narayanram Arya,INC,24648,2012,48579,50.74
2,Gangolihat,45,Geeta Thakur Gowal,BJP,16768,2012,48579,34.52
3,Gangolihat,45,Narayan Ram Sanguri,BSP,3120,2012,48579,6.42
4,Gangolihat,45,Dinesh Arya,UKDP,1576,2012,48579,3.24
5,Gangolihat,45,Harish Prashad,IND,1186,2012,48579,2.44
6,Gangolihat,45,Jyoti Rani,LJP,788,2012,48579,1.62
7,Gangolihat,45,Bachi Ram Koli,UTRM,493,2012,48579,1.01
1,Kapkot,46,Lalit Farswan,INC,22335,2012,51346,43.5
2,Kapkot,46,Balwant Singh,BJP,20966,2012,51346,40.83
3,Kapkot,46,Karam Singh Danu,BSP,1934,2012,51346,3.77
4,Kapkot,46,Govind Singh Bhandari,IND,1493,2012,51346,2.91
5,Kapkot,46,Harish Chandra Pathak,UKDP,1318,2012,51346,2.57
6,Kapkot,46,Himmat Singh Aithani,IND,1218,2012,51346,2.37
7,Kapkot,46,Ram Singh,IND,997,2012,51346,1.94
8,Kapkot,46,Sundar Singh Mehara,UTRM,449,2012,51346,0.87
9,Kapkot,46,Anand Singh Kapkoti,IND,396,2012,51346,0.77
10,Kapkot,46,Har Govind Joshi,HND,240,2012,51346,0.47
1,Bageshwar,47,Chandan Ram Dass,BJP,23396,2012,60131,38.91
2,Bageshwar,47,Ram Prasad Tamta,INC,21485,2012,60131,35.73
3,Bageshwar,47,Bahadur Ram Dhauni,BSP,9877,2012,60131,16.43
4,Bageshwar,47,Kamaljeet Narayan Das,UKDP,1883,2012,60131,3.13
5,Bageshwar,47,Jagdish Prasad Tamta,SASP,1212,2012,60131,2.02
6,Bageshwar,47,Deep Chandra Arya,IND,996,2012,60131,1.66
7,Bageshwar,47,Deep Chandra,IND,738,2012,60131,1.23
8,Bageshwar,47,Hari Ram Shastry,SP,544,2012,60131,0.9
1,Dwarahat,48,Madan Singh Bisht,INC,14798,2012,43576,33.96
2,Dwarahat,48,Pushpesh Tripathi,UKDP,11472,2012,43576,26.33
3,Dwarahat,48,Narendra Singh,BJP,11096,2012,43576,25.46
4,Dwarahat,48,Pramod Kumar,BSP,2004,2012,43576,4.6
5,Dwarahat,48,Rajendra Singh,IND,1152,2012,43576,2.64
6,Dwarahat,48,P.C.Tewari,UPP,1066,2012,43576,2.45
7,Dwarahat,48,Birendra Singh Bajetha,IND,675,2012,43576,1.55
8,Dwarahat,48,Devi Dutt Joshi,IND,458,2012,43576,1.05
9,Dwarahat,48,Pawan Chandra Pandey,IND,430,2012,43576,0.99
10,Dwarahat,48,Vipin Chandra,UTRM,425,2012,43576,0.98
1,Salt,49,Surendra Singh Jeena,BJP,23956,2012,46901,51.08
2,Salt,49,Ranjeet Rawat,INC,18512,2012,46901,39.47
3,Salt,49,Bhuwan Joshi,IND,822,2012,46901,1.75
4,Salt,49,Dinesh Chandra Singh,UTRM,784,2012,46901,1.67
5,Salt,49,Purushottam Sharma,CPI(ML)(L),741,2012,46901,1.58
6,Salt,49,Narayan Singh,UPP,681,2012,46901,1.45
7,Salt,49,Anoop Ram Kohali,BSP,635,2012,46901,1.35
8,Salt,49,Pan Singh,UKDP,485,2012,46901,1.03
9,Salt,49,Bhupendar,RLD,285,2012,46901,0.61
1,Ranikhet,50,Ajay Bhatt,BJP,14089,2012,39271,35.88
2,Ranikhet,50,Karan Mahara,INC,14011,2012,39271,35.68
3,Ranikhet,50,Puran Singh,BSP,9346,2012,39271,23.8
4,Ranikhet,50,Mahendra Singh Bisht,IND,765,2012,39271,1.95
5,Ranikhet,50,Kishan Lal,IND,476,2012,39271,1.21
6,Ranikhet,50,Puran Chandra Joshi,SP,315,2012,39271,0.8
7,Ranikhet,50,Pratibha Negi,UKDP,269,2012,39271,0.68
1,Someshwar,51,Ajay Tamta,BJP,17288,2012,43609,39.64
2,Someshwar,51,Rekha Arya,IND,14597,2012,43609,33.47
3,Someshwar,51,Rajendra Barakoti,INC,9716,2012,43609,22.28
4,Someshwar,51,Smt. Shudha Nand,BSP,1120,2012,43609,2.57
5,Someshwar,51,Captain) Amar Ram,SASP,888,2012,43609,2.04
1,Almora,52,Manoj Tiwari,INC,16211,2012,47577,34.07
2,Almora,52,Raghunath Singh,BJP,15030,2012,47577,31.59
3,Almora,52,Shekhar Lakhchaura,BSP,6781,2012,47577,14.25
4,Almora,52,Kailash Sharma,IND,6582,2012,47577,13.83
5,Almora,52,Bala Devi,IND,977,2012,47577,2.05
6,Almora,52,Nandan Ram Tamta,IND,543,2012,47577,1.14
7,Almora,52,Jaswant Singh Adhikari,IND,507,2012,47577,1.07
8,Almora,52,Shobha Joshi,UTRM,421,2012,47577,0.88
9,Almora,52,Arjun Bhakuni,SP,274,2012,47577,0.58
10,Almora,52,Ad. Govind Lal Verma,UPP,251,2012,47577,0.53
1,Jageshwar,53,Govind Singh Kunjwal,INC,18175,2012,46593,39.01
2,Jageshwar,53,Bachi Singh,BJP,14310,2012,46593,30.71
3,Jageshwar,53,Subhash Pandey,UKDP,9270,2012,46593,19.9
4,Jageshwar,53,Tara Datt,BSP,2830,2012,46593,6.07
5,Jageshwar,53,Surendra Sahay Gupta,IND,1288,2012,46593,2.76
6,Jageshwar,53,Kiran Arya,UPP,720,2012,46593,1.55
1,Lohaghat,54,Sri Puran Singh,BJP,30429,2012,51510,59.07
2,Lohaghat,54,Sri Mahendra Singh,INC,18894,2012,51510,36.68
3,Lohaghat,54,Sri Govind Pandey,BSP,2187,2012,51510,4.25
1,Champawat,55,Sri Hemesh Kharkwal,INC,20330,2012,50184,40.51
2,Champawat,55,Sri Madan Singh,BSP,13377,2012,50184,26.66
3,Champawat,55,Smt Haripriya Joshi Alias,BJP,8610,2012,50184,17.16
4,Champawat,55,Sri Pan Dev,IND,2661,2012,50184,5.3
5,Champawat,55,Sri Harshvardhan Singh,UKDP,2042,2012,50184,4.07
6,Champawat,55,Smt Lila Wati Gahtori,IND,867,2012,50184,1.73
7,Champawat,55,Sri Rakesh Agarwal,IND,824,2012,50184,1.64
8,Champawat,55,Sri Manoj Kumar Bhatt,SP,430,2012,50184,0.86
9,Champawat,55,Sri Tahir Husen,IND,382,2012,50184,0.76
10,Champawat,55,Sri Kailash Chandra Ray,IND,245,2012,50184,0.49
11,Champawat,55,Sri Anand Prakash Gupta,IND,209,2012,50184,0.42
12,Champawat,55,Sri Shyam Sundar Singh,AITC,207,2012,50184,0.41
1,Lalkuan,56,Harish Chandra,IND,25189,2012,67403,37.37
2,Lalkuan,56,Nawin Chandra Dumka,BJP,16341,2012,67403,24.24
3,Lalkuan,56,Harendra Singh,INC,13863,2012,67403,20.57
4,Lalkuan,56,Devki Nandan Suyal,BSP,3719,2012,67403,5.52
5,Lalkuan,56,Basant Joshi,UKDP,1849,2012,67403,2.74
6,Lalkuan,56,Bhuwan Chandra,IND,1803,2012,67403,2.67
7,Lalkuan,56,Kamal Joshi,IND,1218,2012,67403,1.81
8,Lalkuan,56,Man Singh Pal,CPI(ML)(L),945,2012,67403,1.4
9,Lalkuan,56,Prakash Joshi,IND,654,2012,67403,0.97
10,Lalkuan,56,Sanjay Singh,SP,627,2012,67403,0.93
11,Lalkuan,56,Verenderpuri,IND,569,2012,67403,0.84
12,Lalkuan,56,Mahesh Chandra,BCP,251,2012,67403,0.37
13,Lalkuan,56,Sunder Singh Khanka,UTRM,195,2012,67403,0.29
14,Lalkuan,56,Mukesh Chandola,UPP,180,2012,67403,0.27
1,Bhimtal,57,Dan Singh Bhandari,BJP,21494,2012,56787,37.85
2,Bhimtal,57,Mohan Pal,BSP,15051,2012,56787,26.5
3,Bhimtal,57,Ram Singh Kera,INC,14452,2012,56787,25.45
4,Bhimtal,57,Dr. Suresh Singh Negi,IND,1733,2012,56787,3.05
5,Bhimtal,57,Kailash Singh,IND,920,2012,56787,1.62
6,Bhimtal,57,Puran Singh Mehra,UKDP,829,2012,56787,1.46
7,Bhimtal,57,Naveen Chandra,UPP,605,2012,56787,1.07
8,Bhimtal,57,Ganesh Chandra,IND,485,2012,56787,0.85
9,Bhimtal,57,Nirmala Joshi,IND,472,2012,56787,0.83
10,Bhimtal,57,Rajendra Kumar Pant,IND,369,2012,56787,0.65
11,Bhimtal,57,Virendra Danai,SP,232,2012,56787,0.41
12,Bhimtal,57,Sudershan Shah,UTRM,145,2012,56787,0.26
1,Naini Tal,58,Sarita Arya,INC,25563,2012,51422,49.71
2,Naini Tal,58,Hem Chandra Arya,BJP,19255,2012,51422,37.45
3,Naini Tal,58,Snjay Kumar Alias Sanju,BSP,4460,2012,51422,8.67
4,Naini Tal,58,Padma Arya,IND,878,2012,51422,1.71
5,Naini Tal,58,Vinod Kumar,UKDP,763,2012,51422,1.48
6,Naini Tal,58,Devanand Alias Deva,SP,503,2012,51422,0.98
1,Haldwani,59,Indira Hridyesh,INC,42627,2012,80596,52.89
2,Haldwani,59,Renu Adhikari,BJP,19044,2012,80596,23.63
3,Haldwani,59,Abdul Matin Siddiqi,SP,13453,2012,80596,16.69
4,Haldwani,59,Raisul Hasan,BSP,3043,2012,80596,3.78
5,Haldwani,59,Mohmmad Asad Raza,IND,617,2012,80596,0.77
6,Haldwani,59,Rupendra Nagar,SHS,376,2012,80596,0.47
7,Haldwani,59,Bhuwan Chandra Joshi,UKDP,365,2012,80596,0.45
8,Haldwani,59,Dr. Narayan Singh,UTRM,286,2012,80596,0.35
9,Haldwani,59,Anil Kumar,IND,178,2012,80596,0.22
10,Haldwani,59,Samir Ulla Khan,AITC,165,2012,80596,0.2
11,Haldwani,59,Kevlanand,BCP,130,2012,80596,0.16
12,Haldwani,59,Nisar Ahmad,IND,125,2012,80596,0.16
13,Haldwani,59,Krishna Avatar Singh,IND,122,2012,80596,0.15
14,Haldwani,59,Bhuwan Chandra Joshi,LJP,65,2012,80596,0.08
1,Kaladhungi,60,Banshidhar Bhagat,BJP,22744,2012,78729,28.89
2,Kaladhungi,60,Prakash Joshi,INC,20374,2012,78729,25.88
3,Kaladhungi,60,Mahesh Sharma,IND,11809,2012,78729,15.0
4,Kaladhungi,60,Diwan Singh,BSP,9636,2012,78729,12.24
5,Kaladhungi,60,"Bhoopendra Singh ""Bhai",IND,8925,2012,78729,11.34
6,Kaladhungi,60,Narayan Singh Jantawal,UKDP,2843,2012,78729,3.61
7,Kaladhungi,60,Veer Singh,IND,746,2012,78729,0.95
8,Kaladhungi,60,Surendra Singh Nigaltiya,UTRM,625,2012,78729,0.79
9,Kaladhungi,60,Janardan Pant,IND,395,2012,78729,0.5
10,Kaladhungi,60,Umesh Sharma,SP,371,2012,78729,0.47
11,Kaladhungi,60,Fidhaurrehman,AITC,261,2012,78729,0.33
1,Ramnagar,61,Amrita Rawat,INC,23851,2012,64468,37.0
2,Ramnagar,61,Diwan Singh,BJP,20122,2012,64468,31.21
3,Ramnagar,61,Kishori Lal,BSP,11406,2012,64468,17.69
4,Ramnagar,61,Hem Chandra,IND,4438,2012,64468,6.88
5,Ramnagar,61,Abdul Gaffar,SP,1493,2012,64468,2.32
6,Ramnagar,61,Prabhat Dhyani,UPP,592,2012,64468,0.92
7,Ramnagar,61,Md. Sami,IND,555,2012,64468,0.86
8,Ramnagar,61,Prem Chandra Joshi,UKDP,484,2012,64468,0.75
9,Ramnagar,61,Havivurahaman,IND,462,2012,64468,0.72
10,Ramnagar,61,Kamlesh,IND,359,2012,64468,0.56
11,Ramnagar,61,Manohar Lal,IND,244,2012,64468,0.38
12,Ramnagar,61,Liladhar,UTRM,180,2012,64468,0.28
13,Ramnagar,61,Mehboob Ali,RLD,159,2012,64468,0.25
14,Ramnagar,61,Ajay Arya,IND,123,2012,64468,0.19
1,Jaspur,62,Dr. Shailendra Mohan,INC,25533,2012,76582,33.34
2,Jaspur,62,Mohammad Umar,BSP,22753,2012,76582,29.71
3,Jaspur,62,Adesh Singh Chauhan,BJP,21604,2012,76582,28.21
4,Jaspur,62,Sultan Bharti,SP,4021,2012,76582,5.25
5,Jaspur,62,Shahnawaz,IND,615,2012,76582,0.8
6,Jaspur,62,Chandrapal Singh,IND,576,2012,76582,0.75
7,Jaspur,62,Navneet Kumar,RLD,348,2012,76582,0.45
8,Jaspur,62,Anand Singh,UKDP,290,2012,76582,0.38
9,Jaspur,62,Mohd. Akram,IND,269,2012,76582,0.35
10,Jaspur,62,Mohd. Anees,IND,204,2012,76582,0.27
11,Jaspur,62,Faryad Ahmed,IND,192,2012,76582,0.25
12,Jaspur,62,Mohd. Iqbal,IND,177,2012,76582,0.23
1,Kashipur,63,Harbhajan Singh Cheema,BJP,31734,2012,81952,38.72
2,Kashipur,63,Manoj Joshi,INC,29352,2012,81952,35.82
3,Kashipur,63,Haseen Khan,BSP,13211,2012,81952,16.12
4,Kashipur,63,Mohd. Yamin Siddiqui,UTRM,3667,2012,81952,4.47
5,Kashipur,63,Abdul Aziz Qureshi,SP,1216,2012,81952,1.48
6,Kashipur,63,Ram Vilas,IND,1074,2012,81952,1.31
7,Kashipur,63,Mohd. Anas Ansari,RLD,439,2012,81952,0.54
8,Kashipur,63,Krishna Gopal,IND,389,2012,81952,0.47
9,Kashipur,63,Mohd. Naeem,AITC,236,2012,81952,0.29
10,Kashipur,63,Aale Nabi,IND,180,2012,81952,0.22
11,Kashipur,63,Vikas Agrawal,SHS,151,2012,81952,0.18
12,Kashipur,63,Mathuri Lal Gautam,IJP,127,2012,81952,0.15
13,Kashipur,63,Amarjeet Singh,IND,99,2012,81952,0.12
14,Kashipur,63,Shahzad Hussaon,MUL,77,2012,81952,0.09
1,Bajpur,64,Yashpal Arya,INC,38524,2012,83861,45.94
2,Bajpur,64,Rajesh Kumar,BJP,23393,2012,83861,27.89
3,Bajpur,64,Maheelal Gautam,BSP,13002,2012,83861,15.5
4,Bajpur,64,Rajkumar,IND,7436,2012,83861,8.87
5,Bajpur,64,Gavindra Singh,SP,567,2012,83861,0.68
6,Bajpur,64,Anita,LJP,490,2012,83861,0.58
7,Bajpur,64,Jagdish Singh,IND,449,2012,83861,0.54
1,Gadarpur,65,Arvind Pande,BJP,27976,2012,84768,33.0
2,Gadarpur,65,Jarnail Singh,IND,22843,2012,84768,26.95
3,Gadarpur,65,Tarak Bachhar,BSP,14396,2012,84768,16.98
4,Gadarpur,65,Manishi Chandra Tiwari,INC,10042,2012,84768,11.85
5,Gadarpur,65,Shaherum,SP,7519,2012,84768,8.87
6,Gadarpur,65,Vijay Singh,IND,1213,2012,84768,1.43
7,Gadarpur,65,Dulal Mandal,AITC,534,2012,84768,0.63
8,Gadarpur,65,Ramkaran,SBSP,245,2012,84768,0.29
1,Rudrapur,66,Raj Kumar Thukral,BJP,37291,2012,93747,39.78
2,Rudrapur,66,Tilak Raj Behar,INC,33337,2012,93747,35.56
3,Rudrapur,66,Premananad Mahajan,BSP,18681,2012,93747,19.93
4,Rudrapur,66,Tajindra Singh,SP,1785,2012,93747,1.9
5,Rudrapur,66,Sanjay Sahni,IND,843,2012,93747,0.9
6,Rudrapur,66,Kailash Chandra,IND,442,2012,93747,0.47
7,Rudrapur,66,Bhupal Singh Dangwal,UKDP,316,2012,93747,0.34
8,Rudrapur,66,Vijay Singh,IND,300,2012,93747,0.32
9,Rudrapur,66,Rajesh Kumar,IND,287,2012,93747,0.31
10,Rudrapur,66,Shakeel Ahmmad,PECP,157,2012,93747,0.17
11,Rudrapur,66,K.K. Bora,CPI(ML)(L),131,2012,93747,0.14
12,Rudrapur,66,Somnath,BCP,101,2012,93747,0.11
13,Rudrapur,66,Rani Devi,LJP,76,2012,93747,0.08
1,Kichha,67,Rajesh Shukla,BJP,33388,2012,72865,45.82
2,Kichha,67,Sarwar Yar Khan,INC,25162,2012,72865,34.53
3,Kichha,67,Rajesh Pratap Singh,BSP,8072,2012,72865,11.08
4,Kichha,67,Suresh Agarwal,UTRM,3287,2012,72865,4.51
5,Kichha,67,Iqbal Qureshi,SP,743,2012,72865,1.02
6,Kichha,67,Mahendra Singh Rawat,UKDP,559,2012,72865,0.77
7,Kichha,67,Mohmmad Yasin,IND,520,2012,72865,0.71
8,Kichha,67,Harish Chander Joshi,BCP,480,2012,72865,0.66
9,Kichha,67,Artaim Kathaayat,IND,462,2012,72865,0.63
10,Kichha,67,Keshar Lal,LJP,192,2012,72865,0.26
1,Sitarganj,68,Kiran Chand Mandal,BJP,29280,2012,73768,39.69
2,Sitarganj,68,Narayan Pal,BSP,16668,2012,73768,22.6
3,Sitarganj,68,Suresh Kumar,INC,15508,2012,73768,21.02
4,Sitarganj,68,Anwar Ahmad,IND,7085,2012,73768,9.6
5,Sitarganj,68,Vinay Krishna Mondal,SP,1456,2012,73768,1.97
6,Sitarganj,68,Ishwari Prasad,IND,1338,2012,73768,1.81
7,Sitarganj,68,Harcharan Singh,IJP,841,2012,73768,1.14
8,Sitarganj,68,Sartaj Ali,PECP,667,2012,73768,0.9
9,Sitarganj,68,Shaheen Khan,UKDP,393,2012,73768,0.53
10,Sitarganj,68,Bachan Singh,LJP,294,2012,73768,0.4
11,Sitarganj,68,Ram Chandra,SHS,238,2012,73768,0.32
1,Nanak Matta,69,Prem Singh,BJP,26652,2012,67363,39.56
2,Nanak Matta,69,Gopal Singh Rana,INC,21021,2012,67363,31.21
3,Nanak Matta,69,Bhim Singh,BSP,9521,2012,67363,14.13
4,Nanak Matta,69,Ansuiya Rana,SP,4213,2012,67363,6.25
5,Nanak Matta,69,Jasveer Singh,UKDP,1529,2012,67363,2.27
6,Nanak Matta,69,Ramesh Chandra Rana,NCP,1432,2012,67363,2.13
7,Nanak Matta,69,Mahendra Singh,IND,1303,2012,67363,1.93
8,Nanak Matta,69,Hari Singh,CPM,1014,2012,67363,1.51
9,Nanak Matta,69,Beer Singh,IND,678,2012,67363,1.01
1,Khatima,70,Pushkar Singh Dhami,BJP,20586,2012,68830,29.91
2,Khatima,70,Davendra Chand,INC,15192,2012,68830,22.07
3,Khatima,70,Ramesh Singh Rana,IND,13845,2012,68830,20.11
4,Khatima,70,Dr.G.C.Pandey,BSP,9475,2012,68830,13.77
5,Khatima,70,Kunwar Jaivardhan Singh,SP,4056,2012,68830,5.89
6,Khatima,70,Ramesh Chandar Joshi,IND,1804,2012,68830,2.62
7,Khatima,70,Chaudhary Sudeshpal,MKD,640,2012,68830,0.93
8,Khatima,70,Vinod Chand,UKDP,564,2012,68830,0.82
9,Khatima,70,Manvinder Singh Khaira,IND,543,2012,68830,0.79
10,Khatima,70,Chetram,IND,469,2012,68830,0.68
11,Khatima,70,Daya Krishna Joshi Urf,IND,467,2012,68830,0.68
12,Khatima,70,Ramesh Chandra Gahtori,NCP,370,2012,68830,0.54
13,Khatima,70,Vimal E-Tyagi,ARVP,319,2012,68830,0.46
14,Khatima,70,Ram Vriksha,PECP,268,2012,68830,0.39
15,Khatima,70,Jagdish Chand Rajwar,UPP,121,2012,68830,0.18
16,Khatima,70,Rakesh Shukla,SHS,111,2012,68830,0.16
1,Purola,1,Rajkumar,INC,17798,2017,49532,35.93
2,Purola,1,Malchand,BJP,16785,2017,49532,33.89
3,Purola,1,Durgeshwar Lal,IND,13508,2017,49532,27.27
5,Purola,1,Ramlal,BSP,679,2017,49532,1.37
4,Purola,1,None Of The Above,NOTA,762,2017,49532,1.54
1,Yamunotri,2,Kedar Singh,BJP,19800,2017,47104,42.03
2,Yamunotri,2,Sanjay Dobhal,INC,13840,2017,47104,29.38
3,Yamunotri,2,Prakash Chand Ramola,IND,7061,2017,47104,14.99
4,Yamunotri,2,Ranveer Singh,IND,4613,2017,47104,9.79
5,Yamunotri,2,Rajbahadur Singh Bauddh,BSP,530,2017,47104,1.13
7,Yamunotri,2,Jaiprakash,SVP,342,2017,47104,0.73
8,Yamunotri,2,Dharmanand Bijalwan,IND,248,2017,47104,0.53
9,Yamunotri,2,Purushottam Uniyal,UKD,246,2017,47104,0.52
6,Yamunotri,2,None Of The Above,NOTA,424,2017,47104,0.9
1,Gangotri,3,Gopal Singh Rawat,BJP,25683,2017,55652,46.15
2,Gangotri,3,Vijaypal Singh Sajwan,INC,16073,2017,55652,28.88
3,Gangotri,3,Suratram Nautiyal,IND,9491,2017,55652,17.05
4,Gangotri,3,Bhupendra Singh,IND,1526,2017,55652,2.74
6,Gangotri,3,Vijaypal Tangani,BSP,576,2017,55652,1.04
7,Gangotri,3,Mahaveer Prasad,CPI,553,2017,55652,0.99
8,Gangotri,3,Rajbeer Singh Parmar,RJSD,412,2017,55652,0.74
9,Gangotri,3,Ratan Lal Verma,IND,213,2017,55652,0.38
10,Gangotri,3,Vishnupal Singh Rawat,UKD,192,2017,55652,0.35
5,Gangotri,3,None Of The Above,NOTA,933,2017,55652,1.68
1,Badrinath,4,Mahendra Bhatt,BJP,29676,2017,63408,46.8
2,Badrinath,4,Rajendra Singh Bhandari,INC,24042,2017,63408,37.92
3,Badrinath,4,Bharat Singh Kunwar,CPI,2380,2017,63408,3.75
4,Badrinath,4,Vinod Fonia,IND,2370,2017,63408,3.74
5,Badrinath,4,Mukesh Lal Koshwal,BSP,1652,2017,63408,2.61
6,Badrinath,4,Aruna Danwashi,IND,916,2017,63408,1.44
7,Badrinath,4,Keerat Singh Bhandari,SP,859,2017,63408,1.35
9,Badrinath,4,Devendra Singh Negi,UKD,487,2017,63408,0.77
10,Badrinath,4,Laxmi Prasad Sati,IND,335,2017,63408,0.53
8,Badrinath,4,None Of The Above,NOTA,691,2017,63408,1.09
1,Tharali,5,Magan Lal Shah,BJP,25810,2017,58593,44.05
2,Tharali,5,Dr. Jeet Ram,INC,20889,2017,58593,35.65
3,Tharali,5,Guddu Lal,IND,7088,2017,58593,12.1
5,Tharali,5,Mohan Lal Kanyal,BSP,848,2017,58593,1.45
6,Tharali,5,Rajpal Kanyal,CPM,750,2017,58593,1.28
7,Tharali,5,Capt. (Retd) Ganesh Kumar,IND,591,2017,58593,1.01
8,Tharali,5,Kasbi Lal Shah,UKD,335,2017,58593,0.57
9,Tharali,5,Birendra Lal Tamta,SP,270,2017,58593,0.46
10,Tharali,5,Radha Ballabh Kanyal,PP,255,2017,58593,0.44
4,Tharali,5,None Of The Above,NOTA,1757,2017,58593,3.0
1,Karnprayag,6,Surendra Singh Negi,BJP,28159,2017,54442,51.72
2,Karnprayag,6,Dr. Ansuya Parsad Maikhuri,INC,20610,2017,54442,37.86
3,Karnprayag,6,Indresh Maikhuri,CPML,1331,2017,54442,2.44
4,Karnprayag,6,Balwant Singh Negi,UKD,1232,2017,54442,2.26
5,Karnprayag,6,Jyoti Kanwasi,BSP,857,2017,54442,1.57
7,Karnprayag,6,Bhagat Singh Negi,IND,673,2017,54442,1.24
8,Karnprayag,6,Mohan Singh Negi,IND,300,2017,54442,0.55
9,Karnprayag,6,Padam Singh,IND,281,2017,54442,0.52
10,Karnprayag,6,Anandmani Dutt Joshi Jhalmama,IND,189,2017,54442,0.35
6,Karnprayag,6,None Of The Above,NOTA,810,2017,54442,1.49
1,Kedarnath,7,Manoj Rawat,INC,13906,2017,56204,24.74
2,Kedarnath,7,Kuldeep Singh Rawat,IND,13037,2017,56204,23.2
3,Kedarnath,7,Asha,IND,11786,2017,56204,20.97
4,Kedarnath,7,Shaila Rani Rawat,BJP,11472,2017,56204,20.41
5,Kedarnath,7,Gangadhar,UKD,2734,2017,56204,4.86
6,Kedarnath,7,Gangadhar,CPM,1001,2017,56204,1.78
8,Kedarnath,7,Shambhu Prasad Bhatt,IND,650,2017,56204,1.16
9,Kedarnath,7,Vikram Singh,SSP,456,2017,56204,0.81
10,Kedarnath,7,Kundan Lal,BSP,447,2017,56204,0.8
7,Kedarnath,7,None Of The Above,NOTA,715,2017,56204,1.27
1,Rudraprayag,8,Bharat Singh,BJP,29333,2017,58176,50.42
2,Rudraprayag,8,Laxmi Singh Rana,INC,14701,2017,58176,25.27
3,Rudraprayag,8,Pradeep Prasad Thapliyal,IND,5818,2017,58176,10.0
4,Rudraprayag,8,Jagmohan Singh Rauthan,IND,3342,2017,58176,5.74
6,Rudraprayag,8,Surjeet Lal,BSP,801,2017,58176,1.38
7,Rudraprayag,8,Lalita Prasad,CPI,746,2017,58176,1.28
8,Rudraprayag,8,Bhagwati Prasad,IND,711,2017,58176,1.22
9,Rudraprayag,8,Jai Om Prakash,IND,642,2017,58176,1.1
10,Rudraprayag,8,Jagdish Singh,IND,359,2017,58176,0.62
11,Rudraprayag,8,Devendra Prasad,UKD,237,2017,58176,0.41
12,Rudraprayag,8,Anil Rawat,IND,220,2017,58176,0.38
5,Rudraprayag,8,None Of The Above,NOTA,1266,2017,58176,2.18
1,Ghanshali,9,Shakti Lal Shah,BJP,22103,2017,44794,49.34
2,Ghanshali,9,Dhanilal Shah,IND,10450,2017,44794,23.33
3,Ghanshali,9,Bheem Lal Arya,INC,4963,2017,44794,11.08
4,Ghanshali,9,Prem Lal,IND,3062,2017,44794,6.84
5,Ghanshali,9,Makan Lal,URM,1458,2017,44794,3.25
7,Ghanshali,9,Kamal Das,IND,715,2017,44794,1.6
8,Ghanshali,9,Pingal Dass,BSP,653,2017,44794,1.46
9,Ghanshali,9,Siman Lal Arya,UKD,395,2017,44794,0.88
6,Ghanshali,9,None Of The Above,NOTA,995,2017,44794,2.22
1,Devprayag,10,Vinod Kandari,BJP,13824,2017,43541,31.75
2,Devprayag,10,Diwakar Bhatt,IND,10325,2017,43541,23.71
3,Devprayag,10,Mantri Prasad Naithani,INC,8742,2017,43541,20.08
4,Devprayag,10,Shoorbeer Singh Sajwan,IND,6681,2017,43541,15.34
5,Devprayag,10,Sameer Raturi,PP,728,2017,43541,1.67
6,Devprayag,10,Ganesh Bhatt,UKDD,702,2017,43541,1.61
7,Devprayag,10,Sundar Singh Rana,IND,547,2017,43541,1.26
8,Devprayag,10,Sitaram Ranakoti,SSP,454,2017,43541,1.04
9,Devprayag,10,Anil Bahuguna,IBP,319,2017,43541,0.73
10,Devprayag,10,Deena Devi,IND,309,2017,43541,0.71
12,Devprayag,10,Gauree Sanker,BSP,204,2017,43541,0.47
13,Devprayag,10,Jamuna Prasad Raiwani,SVP,171,2017,43541,0.39
14,Devprayag,10,Raju Maurya,UKD,156,2017,43541,0.36
15,Devprayag,10,Raghunandan Prasad Pandey,SHI,85,2017,43541,0.2
11,Devprayag,10,None Of The Above,NOTA,294,2017,43541,0.68
1,Narendranagar,11,Subodh Uniyal,BJP,24104,2017,52545,45.87
2,Narendranagar,11,Om Gopal Rawat,IND,19132,2017,52545,36.41
3,Narendranagar,11,Himanshu Bijalwan,INC,4328,2017,52545,8.24
4,Narendranagar,11,Sardar Singh,UKD,3314,2017,52545,6.31
6,Narendranagar,11,Jagdish Kuliyal,CPI,427,2017,52545,0.81
7,Narendranagar,11,Hakim Singh,BSP,417,2017,52545,0.79
8,Narendranagar,11,Usha Negi,SSP,260,2017,52545,0.49
5,Narendranagar,11,None Of The Above,NOTA,563,2017,52545,1.07
1,Pratapnagar,12,Vijay Singh Panwar(Guddu Bhai),BJP,15058,2017,41330,36.43
2,Pratapnagar,12,Vikram Singh Negi,INC,13119,2017,41330,31.74
3,Pratapnagar,12,Rajeshwar Prasad Painuly,IBP,5594,2017,41330,13.53
4,Pratapnagar,12,Murari Lal Khandwal,IND,3774,2017,41330,9.13
5,Pratapnagar,12,Pankaj Vyas,UKD,1078,2017,41330,2.61
6,Pratapnagar,12,Vijaypal Singh Rawat,IND,1025,2017,41330,2.48
8,Pratapnagar,12,Mohan Singh Negi,IND,503,2017,41330,1.22
9,Pratapnagar,12,Kedar Lal,IND,316,2017,41330,0.76
10,Pratapnagar,12,Kanak Pal Singh,BSP,307,2017,41330,0.74
7,Pratapnagar,12,None Of The Above,NOTA,556,2017,41330,1.35
1,Tehri,13,Dhan Singh Negi,BJP,20896,2017,44357,47.11
2,Tehri,13,Dinesh Dhanai,IND,14056,2017,44357,31.69
3,Tehri,13,Narendra Chand Ramola,INC,4466,2017,44357,10.07
4,Tehri,13,Sushil Chandra Bahuguna,HJP,1067,2017,44357,2.41
5,Tehri,13,Sanjay Kumar Maithani,IND,984,2017,44357,2.22
6,Tehri,13,Trilok Singh Negi,IND,722,2017,44357,1.63
7,Tehri,13,Gopal Dutt Chamoli,IND,585,2017,44357,1.32
8,Tehri,13,Budhi Singh Pundir,UKD,507,2017,44357,1.14
10,Tehri,13,Bhagwan Singh Rana,CPM,285,2017,44357,0.64
11,Tehri,13,Ganesh Kudiyal,IND,180,2017,44357,0.41
12,Tehri,13,Somi Lal,BSP,133,2017,44357,0.3
9,Tehri,13,None Of The Above,NOTA,476,2017,44357,1.07
1,Dhanolti,14,Pritam Singh Panwar,IND,17811,2017,49509,35.98
2,Dhanolti,14,Narayan Singh Rana,BJP,16196,2017,49509,32.71
3,Dhanolti,14,Manmohan Singh Mall (Mannu Bhai),INC,12193,2017,49509,24.63
4,Dhanolti,14,Rakesh Semwal,UKD,789,2017,49509,1.59
6,Dhanolti,14,Dinesh,BSP,551,2017,49509,1.11
7,Dhanolti,14,Uttam Singh,IND,534,2017,49509,1.08
8,Dhanolti,14,Chaman Nautiyal,IND,463,2017,49509,0.94
9,Dhanolti,14,Prem Dutt,IBP,332,2017,49509,0.67
5,Dhanolti,14,None Of The Above,NOTA,640,2017,49509,1.29
1,Chakrata,15,Pritam Singh,INC,34968,2017,71882,48.65
2,Chakrata,15,Madhu Chauhan,BJP,33425,2017,71882,46.5
3,Chakrata,15,Daulat Kunwar,BSP,2375,2017,71882,3.3
4,Chakrata,15,Swaraj Singh,IND,723,2017,71882,1.01
5,Chakrata,15,None Of The Above,NOTA,391,2017,71882,0.54
1,Vikasnagar,16,Munna Singh Chauhan,BJP,38895,2017,77083,50.46
2,Vikasnagar,16,Navprabhat,INC,32477,2017,77083,42.13
3,Vikasnagar,16,Vipul Jain,IND,2412,2017,77083,3.13
4,Vikasnagar,16,Gireesh Kumar,BSP,594,2017,77083,0.77
5,Vikasnagar,16,Sandeep Dubey,IND,499,2017,77083,0.65
7,Vikasnagar,16,Digambar Singh,UKD,392,2017,77083,0.51
8,Vikasnagar,16,Rajeev Kumar,IND,369,2017,77083,0.48
9,Vikasnagar,16,Gurumel Singh,IND,332,2017,77083,0.43
10,Vikasnagar,16,Kaushal Kishor Gautam,SP,258,2017,77083,0.33
11,Vikasnagar,16,Bhaskar Chug,AIFB,197,2017,77083,0.26
12,Vikasnagar,16,Ashok Singh,IND,103,2017,77083,0.13
13,Vikasnagar,16,Dinesh Kumar Sharma,IND,89,2017,77083,0.12
6,Vikasnagar,16,None Of The Above,NOTA,466,2017,77083,0.6
1,Sahaspur,17,Sahdev Singh Pundir,BJP,44055,2017,108777,40.5
2,Sahaspur,17,Kishore Upadhaya,INC,25192,2017,108777,23.16
3,Sahaspur,17,Aryendra Sharma,IND,21888,2017,108777,20.12
4,Sahaspur,17,Laxmi Agarwal,IND,8628,2017,108777,7.93
5,Sahaspur,17,Gaurav Pundir,IND,2963,2017,108777,2.72
6,Sahaspur,17,Prakash Joshi,IND,1410,2017,108777,1.3
7,Sahaspur,17,Shiv Prasad Devli,CPM,1110,2017,108777,1.02
8,Sahaspur,17,Iltaf,BSP,831,2017,108777,0.76
10,Sahaspur,17,Adesh Kumar,SVP,520,2017,108777,0.48
11,Sahaspur,17,Manju Singh,RLD,401,2017,108777,0.37
12,Sahaspur,17,Ram Vachan Ram,IND,332,2017,108777,0.31
13,Sahaspur,17,Omprakash Sharma,IND,315,2017,108777,0.29
14,Sahaspur,17,Shashtri Pawan Maletha,UKDD,294,2017,108777,0.27
15,Sahaspur,17,Chaitanya Anil,SHI,165,2017,108777,0.15
9,Sahaspur,17,None Of The Above,NOTA,673,2017,108777,0.62
1,Dharampur,18,Vinod Chamoli,BJP,53828,2017,106003,50.78
2,Dharampur,18,Dinesh Agarwal,INC,42875,2017,106003,40.45
3,Dharampur,18,Noor Hassan,IND,4117,2017,106003,3.88
4,Dharampur,18,Saleem Ahmed,BSP,951,2017,106003,0.9
5,Dharampur,18,Jogendra Rawat,IND,577,2017,106003,0.54
6,Dharampur,18,Rajani Rawat,IND,541,2017,106003,0.51
7,Dharampur,18,Ramsukh,IND,475,2017,106003,0.45
8,Dharampur,18,Bahadur Singh Rawat,UKD,439,2017,106003,0.41
10,Dharampur,18,Mohammad Ismail,IND,356,2017,106003,0.34
11,Dharampur,18,Rupendra Kumar Tomar,IND,236,2017,106003,0.22
12,Dharampur,18,Niraj Singhal,IND,188,2017,106003,0.18
13,Dharampur,18,Gulista Khanam,IND,180,2017,106003,0.17
14,Dharampur,18,Pritam Singh Kulvanshi,IND,163,2017,106003,0.15
15,Dharampur,18,Anil Kumar Gupta,IND,137,2017,106003,0.13
16,Dharampur,18,Brij Bhushan Karanwal,IND,131,2017,106003,0.12
17,Dharampur,18,Meherban,IND,113,2017,106003,0.11
18,Dharampur,18,Sanjay Srivastava,IND,111,2017,106003,0.1
19,Dharampur,18,Hriday Bhushan Dimri,SVP,109,2017,106003,0.1
20,Dharampur,18,Man Mohan Lakhera,HJP,99,2017,106003,0.09
9,Dharampur,18,None Of The Above,NOTA,377,2017,106003,0.36
1,Raipur,19,Umesh Sharma Kau,BJP,59764,2017,98398,60.74
2,Raipur,19,Prabhu Lal,INC,22993,2017,98398,23.37
3,Raipur,19,Rajni Rawat,IND,7569,2017,98398,7.69
4,Raipur,19,Mahender Singh Negi,IND,2714,2017,98398,2.76
5,Raipur,19,Hari Singh Khorwal,BSP,1680,2017,98398,1.71
6,Raipur,19,Tejendra Singh Rawat,IND,1079,2017,98398,1.1
8,Raipur,19,Rakesh Barthwal,IND,392,2017,98398,0.4
9,Raipur,19,Nirmala Bisht,IND,331,2017,98398,0.34
10,Raipur,19,Anil Dobhal,UKD,293,2017,98398,0.3
11,Raipur,19,Yagya Bhusan Sharma,IND,197,2017,98398,0.2
12,Raipur,19,Nagender Singh,IND,155,2017,98398,0.16
13,Raipur,19,Rukhshar Mansoori,IND,126,2017,98398,0.13
14,Raipur,19,Rajendra Prasad Gairolla,RUP,123,2017,98398,0.13
15,Raipur,19,Usha Nagar,RAP,93,2017,98398,0.09
16,Raipur,19,Mohd. Ehsaan,IND,81,2017,98398,0.08
17,Raipur,19,Rajkumar Tyagi,UPP,77,2017,98398,0.08
18,Raipur,19,Maa Prabha Kiran,SVP,74,2017,98398,0.08
19,Raipur,19,Dhan Singh,BSP,67,2017,98398,0.07
20,Raipur,19,Vijaynath,IND,42,2017,98398,0.04
7,Raipur,19,None Of The Above,NOTA,548,2017,98398,0.56
1,Rajpur Road,20,Khajan Dass,BJP,36601,2017,69459,52.69
2,Rajpur Road,20,Raj Kumar,INC,27969,2017,69459,40.27
3,Rajpur Road,20,Jag Ram Singh,BSP,1959,2017,69459,2.82
4,Rajpur Road,20,Ajay Sonkar,IND,1484,2017,69459,2.14
6,Rajpur Road,20,Manoj Kumar,UKD,297,2017,69459,0.43
7,Rajpur Road,20,T C Bharti,IND,228,2017,69459,0.33
8,Rajpur Road,20,Hari Chand,BSP,125,2017,69459,0.18
9,Rajpur Road,20,Sandeep Kumar Pal,UPP,99,2017,69459,0.14
5,Rajpur Road,20,None Of The Above,NOTA,697,2017,69459,1.0
1,Dehradun Cantt.,21,Shri Harbans Kapoor,BJP,41142,2017,72838,56.48
2,Dehradun Cantt.,21,Shri Suryakant Dhasmana,INC,24472,2017,72838,33.6
3,Dehradun Cantt.,21,Shri Anoop Nautiyal,IND,3285,2017,72838,4.51
4,Dehradun Cantt.,21,Shri Naveen Bisht,IND,1303,2017,72838,1.79
5,Dehradun Cantt.,21,Shri Devendra Kumar,BSP,802,2017,72838,1.1
7,Dehradun Cantt.,21,Kunwar Japendra Singh Uttarakhandi,RLD,325,2017,72838,0.45
8,Dehradun Cantt.,21,Shri Laxman Singh Negi ( Anil Negi),NCP,283,2017,72838,0.39
9,Dehradun Cantt.,21,Shri Kapil Bhatia,IND,159,2017,72838,0.22
10,Dehradun Cantt.,21,Shri Sanjay Goyal,IND,149,2017,72838,0.2
11,Dehradun Cantt.,21,Dr. R.K. Pathak,SP,110,2017,72838,0.15
12,Dehradun Cantt.,21,Shri Sribilash,UKD,103,2017,72838,0.14
13,Dehradun Cantt.,21,Shri Arun Khanna,IND,64,2017,72838,0.09
6,Dehradun Cantt.,21,None Of The Above,NOTA,641,2017,72838,0.88
1,Mussoorie,22,Ganesh Joshi,BJP,41322,2017,75572,54.68
2,Mussoorie,22,Godawari Thapli,INC,29245,2017,75572,38.7
3,Mussoorie,22,Rajkumar Jaiswal,IND,1692,2017,75572,2.24
4,Mussoorie,22,Ashok Panwar,BSP,862,2017,75572,1.14
6,Mussoorie,22,Jai Prakash Upadhyay,UKD,471,2017,75572,0.62
7,Mussoorie,22,Sanjay Kundaliya,IND,404,2017,75572,0.53
8,Mussoorie,22,Aniruddha Sharma,UKDD,253,2017,75572,0.33
9,Mussoorie,22,Sushil Kumar Malhotra,IND,212,2017,75572,0.28
10,Mussoorie,22,Sarika Pradhan,IND,163,2017,75572,0.22
11,Mussoorie,22,Gyanveer Tyagi,UPP,137,2017,75572,0.18
12,Mussoorie,22,Carol Alick Rogers,IND,104,2017,75572,0.14
13,Mussoorie,22,Yeshveer Arya,IND,73,2017,75572,0.1
5,Mussoorie,22,None Of The Above,NOTA,634,2017,75572,0.84
1,Doiwala,23,Trivendra Singh Rawat,BJP,58502,2017,96769,60.46
2,Doiwala,23,Hira Singh Bisht,INC,33633,2017,96769,34.76
3,Doiwala,23,A.Hameed,BSP,1569,2017,96769,1.62
5,Doiwala,23,Subhash Chandra Purohit,UKD,475,2017,96769,0.49
6,Doiwala,23,Gajendra Singh,BSP,313,2017,96769,0.32
7,Doiwala,23,Arun,IND,304,2017,96769,0.31
8,Doiwala,23,Usha Rani,IND,274,2017,96769,0.28
9,Doiwala,23,Prakash Chandra Tiwari,IND,222,2017,96769,0.23
10,Doiwala,23,Balwendra Singh Negi,UKDD,213,2017,96769,0.22
11,Doiwala,23,Surendra Dutt Petwal,HJP,142,2017,96769,0.15
12,Doiwala,23,Shikha Negi,RAP,128,2017,96769,0.13
4,Doiwala,23,None Of The Above,NOTA,994,2017,96769,1.03
1,Rishikesh,24,Premchand Aggarwal,BJP,45082,2017,98348,45.84
2,Rishikesh,24,Rajpal Singh Kharola,INC,30281,2017,98348,30.79
3,Rishikesh,24,Sandeep Gupta,IND,17149,2017,98348,17.44
4,Rishikesh,24,Lallan Bhardwaj Rajbhar,BSP,2866,2017,98348,2.91
5,Rishikesh,24,Vivek Tiwari,IND,889,2017,98348,0.9
7,Rishikesh,24,Rajendra Prasad Gairola,UKD,344,2017,98348,0.35
8,Rishikesh,24,Vijaylaxmi Gusain,IND,240,2017,98348,0.24
9,Rishikesh,24,Mohit Kumar,IND,230,2017,98348,0.23
10,Rishikesh,24,Gurucharan,NCP,217,2017,98348,0.22
11,Rishikesh,24,Ram Krishana Tiwari,SVP,168,2017,98348,0.17
12,Rishikesh,24,Usha Aswal,IND,107,2017,98348,0.11
6,Rishikesh,24,None Of The Above,NOTA,775,2017,98348,0.79
1,Hardwar,25,Madan Kaushik,BJP,61742,2017,93549,66.0
2,Hardwar,25,Brahmswroop Brahmchari,INC,25815,2017,93549,27.6
3,Hardwar,25,Anju Mittal,BSP,2661,2017,93549,2.84
4,Hardwar,25,Ravish Bhatija,IND,1571,2017,93549,1.68
6,Hardwar,25,Rajkumar Aggrwal,IND,364,2017,93549,0.39
7,Hardwar,25,Adesh,UKD,329,2017,93549,0.35
8,Hardwar,25,Vijay Laxmi,IND,232,2017,93549,0.25
9,Hardwar,25,Adesh Kumar,AVP,125,2017,93549,0.13
10,Hardwar,25,Manoj Kumar Sharma,IND,78,2017,93549,0.08
5,Hardwar,25,None Of The Above,NOTA,632,2017,93549,0.68
1,B.H.E.L. Ranipur,26,Adesh Chauhan,BJP,56644,2017,103812,54.56
2,B.H.E.L. Ranipur,26,Ambrish Kumar,INC,34404,2017,103812,33.14
3,B.H.E.L. Ranipur,26,Prashant Rai,BSP,9971,2017,103812,9.6
5,B.H.E.L. Ranipur,26,Pitambar Dutt Baluni,CPM,322,2017,103812,0.31
6,B.H.E.L. Ranipur,26,Naveen Kaushik,SP,282,2017,103812,0.27
7,B.H.E.L. Ranipur,26,Tirath Pal,IND,253,2017,103812,0.24
8,B.H.E.L. Ranipur,26,Sanjay Kumar,BMP,211,2017,103812,0.2
9,B.H.E.L. Ranipur,26,Dhanesh Kumar,IND,204,2017,103812,0.2
10,B.H.E.L. Ranipur,26,Faizan,IND,187,2017,103812,0.18
11,B.H.E.L. Ranipur,26,Irfan Ali,IND,161,2017,103812,0.16
12,B.H.E.L. Ranipur,26,Gulshan Khatri,IND,156,2017,103812,0.15
13,B.H.E.L. Ranipur,26,Toufeeq Ahmad,UKD,154,2017,103812,0.15
14,B.H.E.L. Ranipur,26,Umesh Chandr Mishra,IND,152,2017,103812,0.15
15,B.H.E.L. Ranipur,26,Pankaj Kumar,IND,98,2017,103812,0.09
16,B.H.E.L. Ranipur,26,Anand Kumar Verma,BMF,96,2017,103812,0.09
4,B.H.E.L. Ranipur,26,None Of The Above,NOTA,517,2017,103812,0.5
1,Jwalapur,27,Suresh Rathor,BJP,29513,2017,86877,33.97
2,Jwalapur,27,S.P.Singh Engineer,INC,24725,2017,86877,28.46
3,Jwalapur,27,Mulki Raj,BSP,19483,2017,86877,22.43
4,Jwalapur,27,Braj Rani,IND,9338,2017,86877,10.75
5,Jwalapur,27,Subhash Chanchal,IND,1544,2017,86877,1.78
6,Jwalapur,27,Madan Lal,IND,1077,2017,86877,1.24
8,Jwalapur,27,Arvind Kumar,IND,559,2017,86877,0.64
7,Jwalapur,27,None Of The Above,NOTA,638,2017,86877,0.73
1,Bhagwanpur,28,Mamta Rakesh,INC,44882,2017,93151,48.18
2,Bhagwanpur,28,Subodh Rakesh,BJP,42369,2017,93151,45.48
3,Bhagwanpur,28,Ram Kumar Rana,BSP,4069,2017,93151,4.37
4,Bhagwanpur,28,Prempati,SP,889,2017,93151,0.95
6,Bhagwanpur,28,Bishamber Singh,UKD,167,2017,93151,0.18
7,Bhagwanpur,28,Adesh Kumar,IND,154,2017,93151,0.17
8,Bhagwanpur,28,Prem Singh,IND,153,2017,93151,0.16
9,Bhagwanpur,28,Surendra Kumar,BMP,119,2017,93151,0.13
5,Bhagwanpur,28,None Of The Above,NOTA,349,2017,93151,0.37
1,Jhabrera,29,Desraj Karanwal,BJP,32146,2017,84415,38.08
2,Jhabrera,29,Rajpal Singh,INC,29893,2017,84415,35.41
3,Jhabrera,29,Bhagavat Singh,BSP,20468,2017,84415,24.25
4,Jhabrera,29,Vimla,SP,470,2017,84415,0.56
5,Jhabrera,29,Atar Singh,RLD,409,2017,84415,0.48
7,Jhabrera,29,Mempal,IND,151,2017,84415,0.18
8,Jhabrera,29,Tejpal Singh,BKD,149,2017,84415,0.18
9,Jhabrera,29,Reeta,IND,139,2017,84415,0.16
10,Jhabrera,29,Komal Rani,IND,121,2017,84415,0.14
11,Jhabrera,29,Hav. Harpal Singh,SHI,96,2017,84415,0.11
6,Jhabrera,29,None Of The Above,NOTA,373,2017,84415,0.44
1,Pirankaliyar,30,Furkan Ahmad,INC,29243,2017,90529,32.3
2,Pirankaliyar,30,Jaibhagwan,BJP,27894,2017,90529,30.81
3,Pirankaliyar,30,Shahzad,IND,23843,2017,90529,26.34
4,Pirankaliyar,30,Rao Sajid,BSP,6188,2017,90529,6.84
5,Pirankaliyar,30,Netra Pal,IND,1367,2017,90529,1.51
6,Pirankaliyar,30,Moti Lal Maurya,IND,519,2017,90529,0.57
8,Pirankaliyar,30,Mahak Singh Saini,IND,329,2017,90529,0.36
9,Pirankaliyar,30,Sameer Alvi,IND,227,2017,90529,0.25
10,Pirankaliyar,30,Afzal Ahmed,BSP,215,2017,90529,0.24
11,Pirankaliyar,30,Nitin,UKD,197,2017,90529,0.22
12,Pirankaliyar,30,Sushma,IND,157,2017,90529,0.17
7,Pirankaliyar,30,None Of The Above,NOTA,350,2017,90529,0.39
1,Roorkee,31,Pradeep Batra,BJP,40000,2017,72267,55.35
2,Roorkee,31,Suresh Chand Jain,INC,27458,2017,72267,38.0
3,Roorkee,31,Ram Subhag Singh,BSP,3239,2017,72267,4.48
4,Roorkee,31,Sunita Singh,SP,918,2017,72267,1.27
6,Roorkee,31,Adesh Kumar Sharma,UKD,169,2017,72267,0.23
7,Roorkee,31,Sharad Pandey,PPP,72,2017,72267,0.1
8,Roorkee,31,Yudhvijay Singh,IND,65,2017,72267,0.09
9,Roorkee,31,Narendra Singh,IND,43,2017,72267,0.06
5,Roorkee,31,None Of The Above,NOTA,303,2017,72267,0.42
1,Khanpur,32,Kunwar Parnav Singh Champion,BJP,53192,2017,107134,49.65
2,Khanpur,32,Mufti Riyasat Ali,BSP,39457,2017,107134,36.83
3,Khanpur,32,Choudhary Yashveer Singh,INC,6894,2017,107134,6.43
4,Khanpur,32,Ravinder Singh,IND,4856,2017,107134,4.53
5,Khanpur,32,Sunil,IND,729,2017,107134,0.68
7,Khanpur,32,Pallavi Kukreti,SSP,373,2017,107134,0.35
8,Khanpur,32,Virender Singh,IND,338,2017,107134,0.32
9,Khanpur,32,Sanjay Singh,UKD,267,2017,107134,0.25
10,Khanpur,32,Rishiram,IND,134,2017,107134,0.13
11,Khanpur,32,Mohd. Arshad,IND,132,2017,107134,0.12
12,Khanpur,32,Rajveer,IND,115,2017,107134,0.11
13,Khanpur,32,Pehal Singh,IND,82,2017,107134,0.08
14,Khanpur,32,Anil Kumar,IND,42,2017,107134,0.04
6,Khanpur,32,None Of The Above,NOTA,523,2017,107134,0.49
1,Manglore,33,Qazi Mohd Nizamuddin,INC,31352,2017,81191,38.62
2,Manglore,33,Sarwat Kareem Ansari,BSP,28684,2017,81191,35.33
3,Manglore,33,Rishipal Baliyan,BJP,16964,2017,81191,20.89
4,Manglore,33,Letesh Kumar,RLD,3265,2017,81191,4.02
5,Manglore,33,Usha,IND,333,2017,81191,0.41
7,Manglore,33,Sunil Kumar,BMP,172,2017,81191,0.21
8,Manglore,33,Uberdur Rahaman,IND,143,2017,81191,0.18
6,Manglore,33,None Of The Above,NOTA,278,2017,81191,0.34
1,Laksar,34,Sanjay Gupta,BJP,25248,2017,78070,32.34
2,Laksar,34,Haji Tasleem Ahmad,INC,23644,2017,78070,30.29
3,Laksar,34,Subhash Singh Choudhary,BSP,19656,2017,78070,25.18
4,Laksar,34,Kushalpal Singh,IND,6087,2017,78070,7.8
5,Laksar,34,Sumit,IND,2415,2017,78070,3.09
7,Laksar,34,Narendra,SP,282,2017,78070,0.36
8,Laksar,34,Ratendra Tiwari,IND,199,2017,78070,0.25
9,Laksar,34,Mempal,SHI,96,2017,78070,0.12
10,Laksar,34,Julfukar Ansari,IND,94,2017,78070,0.12
11,Laksar,34,Nidhi Singh,IND,62,2017,78070,0.08
6,Laksar,34,None Of The Above,NOTA,287,2017,78070,0.37
1,Hardwar Rural,35,Yatishwaranand,BJP,44964,2017,98213,45.78
2,Hardwar Rural,35,Harish Chandra Singh Rawat,INC,32686,2017,98213,33.28
3,Hardwar Rural,35,Mukarram,BSP,18383,2017,98213,18.72
5,Hardwar Rural,35,Subash Chand,UKD,514,2017,98213,0.52
6,Hardwar Rural,35,Renu Notiyal,IND,339,2017,98213,0.35
7,Hardwar Rural,35,Vasim Ahmad,IND,334,2017,98213,0.34
8,Hardwar Rural,35,Mustafa,IND,201,2017,98213,0.2
9,Hardwar Rural,35,Nagendra Singh,IND,147,2017,98213,0.15
4,Hardwar Rural,35,None Of The Above,NOTA,645,2017,98213,0.66
1,Yamkeshwar,36,Ritu Khanduri Bhushan,BJP,19671,2017,45731,43.01
2,Yamkeshwar,36,Renu Bisht,IND,10689,2017,45731,23.37
3,Yamkeshwar,36,Shailendra Singh Rawat,INC,10283,2017,45731,22.49
4,Yamkeshwar,36,Prashant Badoni,IND,2698,2017,45731,5.9
6,Yamkeshwar,36,Shanti Prasad Bhatt,UKD,542,2017,45731,1.19
7,Yamkeshwar,36,Jagpal Singh Negi,BSP,375,2017,45731,0.82
8,Yamkeshwar,36,Kirshan Chandra,IND,250,2017,45731,0.55
9,Yamkeshwar,36,(Brig) Govind Prasad Barthwal,IND,235,2017,45731,0.51
5,Yamkeshwar,36,None Of The Above,NOTA,988,2017,45731,2.16
1,Pauri,37,Mukesh Singh Koli,BJP,26469,2017,48651,54.41
2,Pauri,37,Naval Kishor,INC,19439,2017,48651,39.96
4,Pauri,37,Hari Kumar,IND,593,2017,48651,1.22
5,Pauri,37,Ramesh Chander,BSP,364,2017,48651,0.75
6,Pauri,37,Vir Pratap Singh,UKD,323,2017,48651,0.66
7,Pauri,37,Devaki Nandan Shah,IND,282,2017,48651,0.58
8,Pauri,37,Anil Kumar,UKDD,184,2017,48651,0.38
9,Pauri,37,Vijay Singh,IND,153,2017,48651,0.31
10,Pauri,37,Manohar Lal Pahari,URM,151,2017,48651,0.31
3,Pauri,37,None Of The Above,NOTA,693,2017,48651,1.42
1,Srinagar,38,Dr. Dhan Singh Rawat,BJP,30816,2017,60141,51.24
2,Srinagar,38,Ganesh Godiyal,INC,22118,2017,60141,36.78
3,Srinagar,38,Mohan Prasad Kala,IND,4854,2017,60141,8.07
5,Srinagar,38,Naveen Prakash Nautiyal,IND,608,2017,60141,1.01
6,Srinagar,38,Ganesh Prasad,BSP,532,2017,60141,0.88
7,Srinagar,38,Dhirendra Singh Bisht,UKD,516,2017,60141,0.86
4,Srinagar,38,None Of The Above,NOTA,697,2017,60141,1.16
1,Chaubattakhal,39,Satpal Maharaj,BJP,20921,2017,42850,48.82
2,Chaubattakhal,39,Rajpal Singh Bisht,INC,13567,2017,42850,31.66
3,Chaubattakhal,39,Sunder Singh Chauhan,IND,2545,2017,42850,5.94
4,Chaubattakhal,39,Kavinder Istwal,IND,2339,2017,42850,5.46
5,Chaubattakhal,39,Satendra Singh,IND,965,2017,42850,2.25
6,Chaubattakhal,39,Nandan Singh Rawat,IND,433,2017,42850,1.01
7,Chaubattakhal,39,Ramendra Singh Bhandari,IND,323,2017,42850,0.75
8,Chaubattakhal,39,Anu Pant,UKDD,316,2017,42850,0.74
9,Chaubattakhal,39,Manju Rawat,IND,241,2017,42850,0.56
10,Chaubattakhal,39,Poonam Kaintura,PP,212,2017,42850,0.49
11,Chaubattakhal,39,Bhartendu,BSP,211,2017,42850,0.49
13,Chaubattakhal,39,Subodh Pokhriyal,UKD,196,2017,42850,0.46
14,Chaubattakhal,39,Sushil Chandra,RAP,162,2017,42850,0.38
15,Chaubattakhal,39,Prem Sundriyal,UPP,121,2017,42850,0.28
16,Chaubattakhal,39,Chndra Mohan Mundepi,SP,88,2017,42850,0.21
12,Chaubattakhal,39,None Of The Above,NOTA,210,2017,42850,0.49
1,Lansdowne,40,Daleep Singh Rawat,BJP,22246,2017,39776,55.93
2,Lansdowne,40,Lt. Gen(Retd) Tejpal Singh Rawat  P.V.S.M  V.S.M,INC,15771,2017,39776,39.65
4,Lansdowne,40,Vikram Singh Rawat,UKD,450,2017,39776,1.13
5,Lansdowne,40,Ved Prakash Arya,IND,434,2017,39776,1.09
6,Lansdowne,40,Jagmohan Singh Bisht,IND,226,2017,39776,0.57
7,Lansdowne,40,Manish Sundriyal,IND,164,2017,39776,0.41
3,Lansdowne,40,None Of The Above,NOTA,485,2017,39776,1.22
1,Kotdwar,41,(Dr) Harak Singh Rawat,BJP,39859,2017,71086,56.07
2,Kotdwar,41,Surendra Singh Negi,INC,28541,2017,71086,40.15
3,Kotdwar,41,Renu Agarwal,BSP,764,2017,71086,1.07
5,Kotdwar,41,(Dr) Dinesh,UPP,355,2017,71086,0.5
6,Kotdwar,41,Sudhir Kumar Bahuguna,IND,267,2017,71086,0.38
7,Kotdwar,41,Sudha Patwal,IND,266,2017,71086,0.37
8,Kotdwar,41,Harish Chander Dwivedi,UKD,168,2017,71086,0.24
9,Kotdwar,41,Shammi Kapoor,IND,138,2017,71086,0.19
10,Kotdwar,41,Shyam Lal,IND,137,2017,71086,0.19
11,Kotdwar,41,Anoop Thapliyal,IND,68,2017,71086,0.1
12,Kotdwar,41,Mahitab Singh Rawat,IND,64,2017,71086,0.09
4,Kotdwar,41,None Of The Above,NOTA,459,2017,71086,0.65
1,Dharchula,42,Harish Singh,INC,25597,2017,53825,47.56
2,Dharchula,42,Virendra Singh Pal,BJP,22512,2017,53825,41.82
3,Dharchula,42,Durga Prashad,IND,2717,2017,53825,5.05
4,Dharchula,42,Lal Singh,UKD,883,2017,53825,1.64
5,Dharchula,42,Devindra Singh,IND,631,2017,53825,1.17
6,Dharchula,42,Virendra Singh,IND,540,2017,53825,1.0
8,Dharchula,42,Jitendra Kumar,BSP,445,2017,53825,0.83
7,Dharchula,42,None Of The Above,NOTA,500,2017,53825,0.93
1,Didihat,43,Vishan Singh,BJP,17392,2017,51670,33.66
2,Didihat,43,Kishan  Bhandari,IND,15024,2017,51670,29.08
3,Didihat,43,Pradeep Singh Pal,INC,14470,2017,51670,28.0
4,Didihat,43,Kashi Singh Airy,UKD,2896,2017,51670,5.6
6,Didihat,43,Har Govind Pant,BSP,631,2017,51670,1.22
7,Didihat,43,Bikrant Panday,IND,520,2017,51670,1.01
5,Didihat,43,None Of The Above,NOTA,737,2017,51670,1.43
1,Pithoragarh,44,Prakash Pant,BJP,32941,2017,66658,49.42
2,Pithoragarh,44,Mayukh Mahar,INC,30257,2017,66658,45.39
4,Pithoragarh,44,Lalit Mohan Bhatt,IND,613,2017,66658,0.92
5,Pithoragarh,44,Mahendra Singh,IND,529,2017,66658,0.79
6,Pithoragarh,44,Raghuvar Ram,BSP,519,2017,66658,0.78
7,Pithoragarh,44,Sushma Mathur,UKD,304,2017,66658,0.46
8,Pithoragarh,44,Manoj Kumar Joshi,IND,126,2017,66658,0.19
9,Pithoragarh,44,Krishnanand Kapri,IND,111,2017,66658,0.17
10,Pithoragarh,44,Ramesh Bisht,SP,108,2017,66658,0.16
11,Pithoragarh,44,Gulajar,IND,78,2017,66658,0.12
3,Pithoragarh,44,None Of The Above,NOTA,1072,2017,66658,1.61
1,Gangolihat,45,Meena Gangola,BJP,20418,2017,54676,37.34
2,Gangolihat,45,Narayan Ram Arya,INC,19613,2017,54676,35.87
3,Gangolihat,45,Khajan Chandra,IND,10763,2017,54676,19.69
4,Gangolihat,45,Dinesh Kumar,BSD,958,2017,54676,1.75
6,Gangolihat,45,Sumitra Devi,IND,841,2017,54676,1.54
7,Gangolihat,45,Deepak Kumar,BSP,668,2017,54676,1.22
8,Gangolihat,45,Harish Prasad,UKD,550,2017,54676,1.01
5,Gangolihat,45,None Of The Above,NOTA,865,2017,54676,1.58
1,Kapkot,46,Balwant Singh Bhouriyal,BJP,27213,2017,59774,45.53
2,Kapkot,46,Lalit Farswan,INC,21231,2017,59774,35.52
3,Kapkot,46,Bhoopesh Upadhyay,BSP,6964,2017,59774,11.65
4,Kapkot,46,Bhagwat Singh Dasila,IND,1242,2017,59774,2.08
6,Kapkot,46,Ram Singh Aithani,UKD,951,2017,59774,1.59
7,Kapkot,46,Dayal Singh Kapkoti,IND,641,2017,59774,1.07
8,Kapkot,46,Govind Lal,IND,220,2017,59774,0.37
9,Kapkot,46,Karam Singh Danu,IND,196,2017,59774,0.33
5,Kapkot,46,None Of The Above,NOTA,1116,2017,59774,1.87
1,Bageshwar,47,Chandan Ram Dass,BJP,33792,2017,67479,50.08
2,Bageshwar,47,Balkrishan,INC,19225,2017,67479,28.49
3,Bageshwar,47,Basant Kumar,BSP,11038,2017,67479,16.36
5,Bageshwar,47,Jeevan Lal,UKD,1207,2017,67479,1.79
6,Bageshwar,47,Bachi Lal,IND,676,2017,67479,1.0
4,Bageshwar,47,None Of The Above,NOTA,1541,2017,67479,2.28
1,Dwarahat,48,Mahesh Singh Negi,BJP,20221,2017,46800,43.21
2,Dwarahat,48,Madan Singh Bisht,INC,13628,2017,46800,29.12
3,Dwarahat,48,Pushpesh Tripathi,UKD,6581,2017,46800,14.06
4,Dwarahat,48,Kuber Singh Kathayat,IND,2126,2017,46800,4.54
5,Dwarahat,48,Bhupal Singh Alias Pappu Bhandari,IND,1196,2017,46800,2.56
6,Dwarahat,48,Girish Chaudhary,BSP,830,2017,46800,1.77
7,Dwarahat,48,Nandan Giri,IND,776,2017,46800,1.66
9,Dwarahat,48,Kundan Singh Rawat,BKP,503,2017,46800,1.07
10,Dwarahat,48,Jay Prakash Kandpal,IND,342,2017,46800,0.73
8,Dwarahat,48,None Of The Above,NOTA,597,2017,46800,1.28
1,Salt,49,Surender Singh Jeena,BJP,21581,2017,43895,49.17
2,Salt,49,Ganga Pancholi,INC,18677,2017,43895,42.55
4,Salt,49,Bhuvan Joshi,IND,669,2017,43895,1.52
5,Salt,49,Bhole Shankar,BSP,664,2017,43895,1.51
6,Salt,49,Ganga Devi,UKDD,459,2017,43895,1.05
7,Salt,49,Narayan Singh,UPP,268,2017,43895,0.61
8,Salt,49,Mahipal Singh,IND,262,2017,43895,0.6
9,Salt,49,Rakesh Singh Bisht,UKD,187,2017,43895,0.43
10,Salt,49,Bhagawat Singh,IND,184,2017,43895,0.42
11,Salt,49,Kuber Singh Manral,IND,132,2017,43895,0.3
3,Salt,49,None Of The Above,NOTA,812,2017,43895,1.85
1,Ranikhet,50,Karan  Mahara,INC,19035,2017,41010,46.42
2,Ranikhet,50,Ajay Bhatt,BJP,14054,2017,41010,34.27
3,Ranikhet,50,Pramod Nainwal,IND,5701,2017,41010,13.9
4,Ranikhet,50,Kripal Ram,BSP,1169,2017,41010,2.85
6,Ranikhet,50,Pratap Singh Shahi,UKD,414,2017,41010,1.01
5,Ranikhet,50,None Of The Above,NOTA,637,2017,41010,1.55
1,Someshwar,51,Rekha Arya,BJP,21780,2017,45883,47.47
2,Someshwar,51,Rajendra Barakoti,INC,21070,2017,45883,45.92
4,Someshwar,51,Pradeep Kumar Arya,IND,841,2017,45883,1.83
5,Someshwar,51,Himanshu Kohli,BSP,622,2017,45883,1.36
6,Someshwar,51,Puran Chandra,IND,263,2017,45883,0.57
7,Someshwar,51,Chandra Prakash Arya,IND,218,2017,45883,0.48
3,Someshwar,51,None Of The Above,NOTA,1089,2017,45883,2.37
1,Almora,52,Raghunath Singh Chauhan,BJP,26464,2017,51966,50.93
2,Almora,52,Manoj Tewari,INC,21085,2017,51966,40.57
3,Almora,52,Dr.Sanjay Tamta,BSP,1654,2017,51966,3.18
5,Almora,52,Virendra Kumar,IND,517,2017,51966,0.99
6,Almora,52,Mohd Habib,IND,514,2017,51966,0.99
7,Almora,52,Dinesh Pande,CPM,425,2017,51966,0.82
8,Almora,52,Bhuwan Chandra Joshi,IND,219,2017,51966,0.42
9,Almora,52,Rekha Dhasmana,UPP,157,2017,51966,0.3
10,Almora,52,Kundan Singh Bisht,UKD,130,2017,51966,0.25
11,Almora,52,Prakash Chandra Bhatt,IND,106,2017,51966,0.2
12,Almora,52,Jaswant Singh,SP,72,2017,51966,0.14
4,Almora,52,None Of The Above,NOTA,623,2017,51966,1.2
1,Jageshwar,53,Govind Singh Kunjwal,INC,24132,2017,50899,47.41
2,Jageshwar,53,Subhash Pandey,BJP,23733,2017,50899,46.63
3,Jageshwar,53,Taradatt Pandey,BSP,1345,2017,50899,2.64
5,Jageshwar,53,Mahendra Singh Rawat,UKD,793,2017,50899,1.56
4,Jageshwar,53,None Of The Above,NOTA,896,2017,50899,1.76
1,Lohaghat,54,Puran Singh Fartyal,BJP,26468,2017,56497,46.85
2,Lohaghat,54,Khushal Singh,INC,26320,2017,56497,46.59
4,Lohaghat,54,Jyoti Prakash Tamta,IND,710,2017,56497,1.26
5,Lohaghat,54,Prakash Singh,IND,709,2017,56497,1.25
6,Lohaghat,54,Devilal Sharma Alias Raju,BSP,689,2017,56497,1.22
7,Lohaghat,54,Rajendra Singh,IND,363,2017,56497,0.64
3,Lohaghat,54,None Of The Above,NOTA,1238,2017,56497,2.19
1,Champawat,55,Kailash Chandra Gahtori,BJP,36601,2017,58753,62.3
2,Champawat,55,Hemesh Kharkwal,INC,19241,2017,58753,32.75
4,Champawat,55,Trilok Chand Sorari,UKD,939,2017,58753,1.6
5,Champawat,55,Dinesh Chandra,BSP,928,2017,58753,1.58
3,Champawat,55,None Of The Above,NOTA,1044,2017,58753,1.78
1,Lalkuwa,56,Naveen Chandra Dumka,BJP,44293,2017,80812,54.81
2,Lalkuwa,56,Harish Chandra Durgapal,INC,17185,2017,80812,21.27
3,Lalkuwa,56,Harendra Singh Bora,IND,14709,2017,80812,18.2
5,Lalkuwa,56,Rajeev Mohan,BSP,964,2017,80812,1.19
6,Lalkuwa,56,Purushottam Sharma,CPML,793,2017,80812,0.98
7,Lalkuwa,56,Virendra Puri Maharaj,IND,592,2017,80812,0.73
8,Lalkuwa,56,Chandan Singh Rana,SHI,407,2017,80812,0.5
9,Lalkuwa,56,Vijay Joshi,IND,238,2017,80812,0.29
10,Lalkuwa,56,Deepa Bhatt,UKD,224,2017,80812,0.28
11,Lalkuwa,56,Rajender Singh Bisht,IND,191,2017,80812,0.24
4,Lalkuwa,56,None Of The Above,NOTA,1216,2017,80812,1.5
1,Bhimtal,57,Ram Singh Kaira,IND,18878,2017,61230,30.83
2,Bhimtal,57,Govind Singh Bisht,BJP,15432,2017,61230,25.2
3,Bhimtal,57,Dan Singh Bhandari,INC,14702,2017,61230,24.01
4,Bhimtal,57,Tara Datt Pandey,BSP,8444,2017,61230,13.79
6,Bhimtal,57,Govind Singh Bisht,IND,703,2017,61230,1.15
7,Bhimtal,57,Suhail Ahmad,IND,614,2017,61230,1.0
8,Bhimtal,57,Kamal Pathak,LSPS,460,2017,61230,0.75
9,Bhimtal,57,Krishnanand Kandpal,IND,402,2017,61230,0.66
10,Bhimtal,57,Aan Singh,IND,357,2017,61230,0.58
11,Bhimtal,57,Naveen Chandra,UKD,275,2017,61230,0.45
5,Bhimtal,57,None Of The Above,NOTA,963,2017,61230,1.57
1,Nainital,58,Sanjeev Arya,BJP,30036,2017,61261,49.03
2,Nainital,58,Sarita Arya,INC,22789,2017,61261,37.2
3,Nainital,58,Hem Chandra Arya,IND,5505,2017,61261,8.99
4,Nainital,58,K.L Arya,IND,1035,2017,61261,1.69
5,Nainital,58,Sunder Lal Arya,BSP,997,2017,61261,1.63
6,Nainital,58,None Of The Above,NOTA,899,2017,61261,1.47
1,Haldwani,59,Indira Hridayesh,INC,43786,2017,94182,46.49
2,Haldwani,59,Jogendra Pal Singh Rautela,BJP,37229,2017,94182,39.53
3,Haldwani,59,Shoeb Ahmed,SP,10337,2017,94182,10.98
4,Haldwani,59,Shakeel Ahmad,BSP,1324,2017,94182,1.41
6,Haldwani,59,Bhuwan Chandra Joshi,UKD,268,2017,94182,0.28
7,Haldwani,59,Lalit Mohan Joshi,SHI,226,2017,94182,0.24
8,Haldwani,59,Vinod Kumar Sharma,IND,201,2017,94182,0.21
9,Haldwani,59,Tofik Ahmad,IND,156,2017,94182,0.17
5,Haldwani,59,None Of The Above,NOTA,655,2017,94182,0.7
1,Kaladhungi,60,Bansidhar Bhagat,BJP,45704,2017,101800,44.9
2,Kaladhungi,60,Prakash Joshi,INC,25107,2017,101800,24.66
3,Kaladhungi,60,Mahesh Chandra,IND,20214,2017,101800,19.86
4,Kaladhungi,60,Harendra Singh Darmwal,IND,4294,2017,101800,4.22
5,Kaladhungi,60,Varun Pratap Singh Bhakuni,BSP,2384,2017,101800,2.34
7,Kaladhungi,60,Mahendra Kumar Chaudhary,IND,1097,2017,101800,1.08
8,Kaladhungi,60,Dr. Suresh Dalakoti,UKD,889,2017,101800,0.87
9,Kaladhungi,60,Surendra Singh Nigaltiya,UPP,625,2017,101800,0.61
10,Kaladhungi,60,Suman Lata,IND,367,2017,101800,0.36
6,Kaladhungi,60,None Of The Above,NOTA,1119,2017,101800,1.1
1,Ramnagar,61,Diwan Singh Bisht,BJP,35839,2017,77397,46.31
2,Ramnagar,61,Ranjeet Rawat,INC,27228,2017,77397,35.18
3,Ramnagar,61,Rajeev Agarwal,BSP,10766,2017,77397,13.91
4,Ramnagar,61,Prabhat Dhyani,UPP,1229,2017,77397,1.59
6,Ramnagar,61,Dhaneshwari Ghildiyal,IND,397,2017,77397,0.51
7,Ramnagar,61,Vijay,IND,364,2017,77397,0.47
8,Ramnagar,61,Vichitra Singh,IND,318,2017,77397,0.41
9,Ramnagar,61,Akeel,PP,216,2017,77397,0.28
10,Ramnagar,61,Tanjeem,IND,153,2017,77397,0.2
5,Ramnagar,61,None Of The Above,NOTA,887,2017,77397,1.15
1,Jaspur,62,Adesh Singh Chauhan,INC,42551,2017,91798,46.35
2,Jaspur,62,Dr. Shailendra Mohan Singhal,BJP,38347,2017,91798,41.77
3,Jaspur,62,Mohammad Umar,BSP,8666,2017,91798,9.44
5,Jaspur,62,Km. Seema Chauhan,IND,578,2017,91798,0.63
6,Jaspur,62,Jameel Ahmad Mansoori,PP,337,2017,91798,0.37
7,Jaspur,62,Sanjay Dutt,IND,196,2017,91798,0.21
8,Jaspur,62,Lalman Singh,IND,144,2017,91798,0.16
9,Jaspur,62,Mohammad Ajmal Siddiqi,UKDD,138,2017,91798,0.15
10,Jaspur,62,Rakesh Kumar,IND,100,2017,91798,0.11
11,Jaspur,62,Mahender Singh,SHI,97,2017,91798,0.11
4,Jaspur,62,None Of The Above,NOTA,644,2017,91798,0.7
1,Kashipur,63,Harbhajan Singh Cheema,BJP,50156,2017,104918,47.8
2,Kashipur,63,Manoj Joshi,INC,30042,2017,104918,28.63
3,Kashipur,63,Mohd Ashraf Siddiqui,BSP,15426,2017,104918,14.7
4,Kashipur,63,Rajeev Kumar Agarwal,IND,7106,2017,104918,6.77
6,Kashipur,63,Shiv Singh Rawat,IND,416,2017,104918,0.4
7,Kashipur,63,Mohd. Anas,RLD,301,2017,104918,0.29
8,Kashipur,63,Jakir,PP,214,2017,104918,0.2
9,Kashipur,63,Shiv Kumar Singh,UKD,208,2017,104918,0.2
10,Kashipur,63,Gohar Ali,IND,198,2017,104918,0.19
11,Kashipur,63,Surendra Chaudhary,UKDD,101,2017,104918,0.1
12,Kashipur,63,Ashok Kumar,IND,95,2017,104918,0.09
5,Kashipur,63,None Of The Above,NOTA,655,2017,104918,0.62
1,Bajpur,64,Yashpal Arya,BJP,54965,2017,104192,52.75
2,Bajpur,64,Suneeta Tamta,INC,42329,2017,104192,40.63
3,Bajpur,64,Ramavatar,BSP,4511,2017,104192,4.33
5,Bajpur,64,Manisha,SP,651,2017,104192,0.62
6,Bajpur,64,Gautam Kumar,SHI,488,2017,104192,0.47
7,Bajpur,64,Madan Singh,IND,340,2017,104192,0.33
4,Bajpur,64,None Of The Above,NOTA,908,2017,104192,0.87
1,Gadarpur,65,Arvind Pandey,BJP,41530,2017,98060,42.35
2,Gadarpur,65,Rajendra Pal Singh,INC,27424,2017,98060,27.97
3,Gadarpur,65,Jarnail Singh (Kali),BSP,26115,2017,98060,26.63
4,Gadarpur,65,Shankar Singh Nagarkoti,IND,835,2017,98060,0.85
5,Gadarpur,65,Shaheroom,SP,807,2017,98060,0.82
7,Gadarpur,65,Paramjeet Kaur,IND,308,2017,98060,0.31
8,Gadarpur,65,Anand Vishwas,IND,174,2017,98060,0.18
9,Gadarpur,65,Kamlesh,IND,109,2017,98060,0.11
6,Gadarpur,65,None Of The Above,NOTA,758,2017,98060,0.77
1,Rudrapur,66,Rajkumar Thukral,BJP,68754,2017,116753,58.89
2,Rudrapur,66,Tilak Raj Behar,INC,43983,2017,116753,37.67
3,Rudrapur,66,Jaswant Singh,BSP,1471,2017,116753,1.26
5,Rudrapur,66,B.D.Kandpal,UKD,427,2017,116753,0.37
6,Rudrapur,66,Sanjay Sahni,IND,420,2017,116753,0.36
7,Rudrapur,66,Himan Singh Negi,IND,332,2017,116753,0.28
8,Rudrapur,66,Surendra Upadhyay,IND,249,2017,116753,0.21
9,Rudrapur,66,Vinod Kumar,SP,188,2017,116753,0.16
10,Rudrapur,66,Kailash Chandra,IND,132,2017,116753,0.11
11,Rudrapur,66,Surendra Singhal,RLD,107,2017,116753,0.09
12,Rudrapur,66,Manpreet Singh,IND,94,2017,116753,0.08
4,Rudrapur,66,None Of The Above,NOTA,596,2017,116753,0.51
1,Kichha,67,Rajesh Shukla,BJP,40363,2017,88178,45.77
2,Kichha,67,Harish Rawat,INC,38236,2017,88178,43.36
3,Kichha,67,Rajesh Pratap Singh,BSP,7754,2017,88178,8.79
5,Kichha,67,Sanjay Singh,SP,459,2017,88178,0.52
6,Kichha,67,Mohd. Jalees,IND,405,2017,88178,0.46
7,Kichha,67,Sanjay Grover,IND,254,2017,88178,0.29
8,Kichha,67,Anil Kumar Sharma,IND,149,2017,88178,0.17
4,Kichha,67,None Of The Above,NOTA,558,2017,88178,0.63
1,Sitarganj,68,Saurabh Bahuguna,BJP,50597,2017,87460,57.85
2,Sitarganj,68,Malti  Biswas,INC,22147,2017,87460,25.32
3,Sitarganj,68,Navtej Pal Singh,BSP,11892,2017,87460,13.6
4,Sitarganj,68,Yogendra Kumar Yadav,SP,811,2017,87460,0.93
6,Sitarganj,68,Binda Biswas,IND,437,2017,87460,0.5
7,Sitarganj,68,Mobeen Ali,IND,400,2017,87460,0.46
8,Sitarganj,68,Abdul Vaheed,IND,178,2017,87460,0.2
9,Sitarganj,68,Akhtayar Ahamad,IND,155,2017,87460,0.18
10,Sitarganj,68,Hem Chandra,UKD,136,2017,87460,0.16
11,Sitarganj,68,Raghuvir,BSS,127,2017,87460,0.15
5,Sitarganj,68,None Of The Above,NOTA,580,2017,87460,0.66
1,Nanak Matta,69,Dr. Prem Singh,BJP,42785,2017,82839,51.65
2,Nanak Matta,69,Gopal Singh Rana,INC,33254,2017,82839,40.14
3,Nanak Matta,69,Shish Ram Rana,BSP,3174,2017,82839,3.83
4,Nanak Matta,69,Suneeta Rana,IND,1305,2017,82839,1.58
5,Nanak Matta,69,Rita Wati,IND,899,2017,82839,1.09
7,Nanak Matta,69,Mahesh Chandra,IND,386,2017,82839,0.47
8,Nanak Matta,69,Ansuiya,SP,228,2017,82839,0.28
6,Nanak Matta,69,None Of The Above,NOTA,808,2017,82839,0.98
1,Khatima,70,Pushkar Singh Dhami,BJP,29539,2017,80907,36.51
2,Khatima,70,Bhuwan Chandra Kapri,INC,26830,2017,80907,33.16
3,Khatima,70,Ramesh Singh Rana,BSP,17804,2017,80907,22.01
4,Khatima,70,Dr. Lalit Singh,IND,4516,2017,80907,5.58
6,Khatima,70,Ramesh Chandra Rana,IND,452,2017,80907,0.56
7,Khatima,70,Abdul Fareed Siddiqui,UKD,269,2017,80907,0.33
8,Khatima,70,Ramesh Kumar Max,IND,215,2017,80907,0.27
9,Khatima,70,Bhuwal Singh Kushwaha,BSS,156,2017,80907,0.19
10,Khatima,70,Anil Kumar Rastogi,SHI,121,2017,80907,0.15
11,Khatima,70,Vinod Bhatt,SP,115,2017,80907,0.14
5,Khatima,70,None Of The Above,NOTA,890,2017,80907,1.1
