constituency,S,District,candidate,party,Alliance,votes
Gummidipoondi,N,Thiruvallur,Vijaya Kumar.K.S,ADMK,ADMK+,0
Ponneri,N,Thiruvallur,Siru Maniyam Bala Raman.B,ADMK,ADMK+,0
Tiruttani,N,Thiruvallur,Narassiman.B.M,ADMK,ADMK+,0
Thiruvallur,N,Thiruvallur,Baskaran.A,ADMK,ADMK+,0
Poonamallee,S,Thiruvallur,Elumalai.T.A,ADMK,ADMK+,0
Avadi,N,Thiruvallur,Pandiya Rajan.M.P.K,ADMK,ADMK+,0
Maduravoyal,N,Thiruvallur,Benjamin.P,ADMK,ADMK+,0
Ambattur,N,Thiruvallur,Alexander.V,ADMK,ADMK+,0
Madavaram,N,Thiruvallur,Dhakshina Moorthy.D,ADMK,ADMK+,0
Thiruvottiyur,N,Thiruvallur,Bal Raj.P,ADMK,ADMK+,0
Dr. Radhakrishnan Nagar,N,Chennai,Jaya Lalitha.J,ADMK,ADMK+,0
Perambur,N,Chennai,Vetri Vel.P,ADMK,ADMK+,0
Kolathur,N,Chennai,Prabhakar.J.C.T,ADMK,ADMK+,0
Villivakkam,N,Chennai,Thadi.M.Rasu,ADMK,ADMK+,0
Thiru-Vi-Ka-Nagar,S,Chennai,Neela Gandan.V,ADMK,ADMK+,0
Egmore,S,Chennai,Parithi Ilam Vazhuthi,ADMK,ADMK+,0
Royapuram,N,Chennai,Jaya Kumar.D,ADMK,ADMK+,0
Harbour,N,Chennai,Seenivasan.K.S,ADMK,ADMK+,0
Chepauk,N,Chennai,Noorjagan.A,ADMK,ADMK+,0
Thousand Lights,N,Chennai,Valar Mathi.B,ADMK,ADMK+,0
Anna Nagar,N,Chennai,Gokula Indhra.S,ADMK,ADMK+,0
Virugampakkam,N,Chennai,Virugai V.N.Ravi,ADMK,ADMK+,0
T-Nagar,N,Chennai,Ponnaiyan.C,ADMK,ADMK+,0
Saidapet,N,Chennai,Sathya Narayanan,ADMK,ADMK+,0
Mylapore,N,Chennai,Nataraj.R,ADMK,ADMK+,0
Velachery,N,Chennai,Neelangarai M.C.Munu Swamy,ADMK,ADMK+,0
Shozhinganallur,N,Kancheepuram,Leo N.Sundaram,ADMK,ADMK+,0
Alandur,N,Kancheepuram,Pandrutty S.Ramachandran,ADMK,ADMK+,0
Sriperumbudur,S,Kancheepuram,Palani.K,ADMK,ADMK+,0
Pallavaram,N,Kancheepuram,Saraswathi.C.R,ADMK,ADMK+,0
Tambaram,N,Kancheepuram,Chitla Pakkam S.Rajendran,ADMK,ADMK+,0
Chengalpattu,N,Kancheepuram,Kamala Kannan.R,ADMK,ADMK+,0
Thiruporur,N,Kancheepuram,Kothanda Pani.M,ADMK,ADMK+,0
Cheyyur,S,Kancheepuram,Munu Swamy.A,ADMK,ADMK+,0
Maduranthakam,S,Kancheepuram,Tamil Arasan.C.K,RPI,ADMK+,0
Uthiramerur,N,Kancheepuram,Ganeshan,ADMK,ADMK+,0
Kancheepuram,N,Kancheepuram,Maithili Thirunavukkarasu,ADMK,ADMK+,0
Arakkonam,S,Vellore,Ravi,ADMK,ADMK+,0
Sholingur,N,Vellore,Parthiban.N.G,ADMK,ADMK+,0
Katpadi,N,Vellore,Appu.S.R.K,ADMK,ADMK+,0
Ranipet,N,Vellore,Sumai Thanghi S. Elumalai,ADMK,ADMK+,0
Arcot,N,Vellore,Ram Das.K.V,ADMK,ADMK+,0
Vellore,N,Vellore,Haroon Rasheeth,MJK,ADMK+,0
Anaicut,N,Vellore,Kalai Arasu.M,ADMK,ADMK+,0
Kilvaithinankuppam,S,Vellore,Loga Nathan.G,ADMK,ADMK+,0
Gudiyattam,S,Vellore,Jeyanthi Padmanabhan.C,ADMK,ADMK+,0
Vaniyambadi,N,Vellore,Dr. Nilofer Kabeel,ADMK,ADMK+,0
Ambur,N,Vellore,Bala Subramani.R,ADMK,ADMK+,0
Jolarpet,N,Vellore,Veera Mani.K.C,ADMK,ADMK+,0
Tiruppattur,N,Vellore,Kumar.T.T,ADMK,ADMK+,0
Uthangarai,S,Krishnagiri,Mano Ranjitham Nagaraj,ADMK,ADMK+,0
Bargur,N,Krishnagiri,Rajendran.Vee.C,ADMK,ADMK+,0
Krishnagiri,N,Krishnagiri,Govindharaj.V,ADMK,ADMK+,0
Veppanahalli,N,Krishnagiri,Hem Nath,ADMK,ADMK+,0
Hosur,N,Krishnagiri,Bala Krishna Reddy.P,ADMK,ADMK+,0
Thalli,N,Krishnagiri,Nagesh.C,ADMK,ADMK+,0
Palacodu,N,Dharmapuri,Anbalagan.K.P,ADMK,ADMK+,0
Pennagaram,N,Dharmapuri,Munu Swamy.K.P,ADMK,ADMK+,0
Dharmapuri,N,Dharmapuri,Elangovan.P.T,ADMK,ADMK+,0
Pappireddippatti,N,Dharmapuri,Palaniappan,ADMK,ADMK+,0
Harur,S,Dharmapuri,Murugan.R.R,ADMK,ADMK+,0
Chengam,S,Tiruvannamalai,Dhinagaran.M,ADMK,ADMK+,0
Tiruvannamalai,N,Tiruvannamalai,Perumal Nagar K.Rajan,ADMK,ADMK+,0
Kilpennathur,N,Tiruvannamalai,Selva Mani.K,ADMK,ADMK+,0
Kalasapakkam,N,Tiruvannamalai,Paneer Selvam,ADMK,ADMK+,0
Polur,N,Tiruvannamalai,Murugan.C.M,ADMK,ADMK+,0
Arani,N,Tiruvannamalai,Chevur S.Ramachandran,ADMK,ADMK+,0
Cheyyar,N,Tiruvannamalai,Thulasi K.Mohan,ADMK,ADMK+,0
Vandavasi,S,Tiruvannamalai,Mega Nathan.V,ADMK,ADMK+,0
Gingee,N,Villupuram,Govindha Swamy.A,ADMK,ADMK+,0
Mailam,N,Villupuram,Anna Durai.K,ADMK,ADMK+,0
Tindivanam,S,Villupuram,Rajendran.S.P,ADMK,ADMK+,0
Vanur,S,Villupuram,Chakkara Bhani.M,ADMK,ADMK+,0
Villupuram,N,Villupuram,Shanmugam.C.V,ADMK,ADMK+,0
Vikravandi,N,Villupuram,Cheval R.Velu,ADMK,ADMK+,0
Tirukkoyilur,N,Villupuram,Cheval G.Kothanda Raman,ADMK,ADMK+,0
Ulundurpet,N,Villupuram,Kumara Guru.R,ADMK,ADMK+,0
Rishivandiyam,N,Villupuram,Kathir Thandabhani,ADMK,ADMK+,0
Sankarapuram,N,Villupuram,Mohan.P,ADMK,ADMK+,0
Kallakurichi,S,Villupuram,Prabhu.A,ADMK,ADMK+,0
Gangavalli,S,Villupuram,Marutha Muthu.A,ADMK,ADMK+,0
Attur,S,Salem,Chinna Thambi.R.M,ADMK,ADMK+,0
Yercaud,S,Salem,Chitra.K,ADMK,ADMK+,0
Omalur,N,Salem,Vetri Vel.S,ADMK,ADMK+,0
Mettur,N,Salem,Chandra Sekaran,ADMK,ADMK+,0
Edappadi,N,Salem,Edapadi K.Palani Swamy,ADMK,ADMK+,0
Sankari,N,Salem,Raja.S,ADMK,ADMK+,0
Salem (West),N,Salem,Venkatachalam.G,ADMK,ADMK+,0
Salem (North),N,Salem,Saravanan.K.R.S,ADMK,ADMK+,0
Salem (South),N,Salem,Sakthi Vel.A.B,ADMK,ADMK+,0
Veerapandi,N,Salem,Manon Mani.S,ADMK,ADMK+,0
Rasipuram,S,Namakkal,Dr.Saroja.V,ADMK,ADMK+,0
Senthamangalam,S,Namakkal,Chandra Sekaran.C,ADMK,ADMK+,0
Namakkal,N,Namakkal,Baskar.K.P.P,ADMK,ADMK+,0
Paramathi-Velur,N,Namakkal,Rajendran,ADMK,ADMK+,0
Tiruchengodu,N,Namakkal,Ponn Saraswathi,ADMK,ADMK+,0
Kumarapalayam,N,Erode,Thanga Mani.P,ADMK,ADMK+,0
Erode (East),N,Erode,Thennarasu,ADMK,ADMK+,0
Erode (West),N,Erode,Rama Lingam.K.V,ADMK,ADMK+,0
Modakkurichi,N,Erode,Siva Subramanian.V.P,ADMK,ADMK+,0
Dharapuram,S,Tiruppur,Ponnu Swamy.K,ADMK,ADMK+,0
Kangayam,N,Tiruppur,Thani Arasu.U,KIP,ADMK+,0
Perundurai,N,Erode,Thoppu N.T.Venkatachalam,ADMK,ADMK+,0
Bhavani,N,Erode,Karuppanan.K.C,ADMK,ADMK+,0
Andhiyur,N,Tiruppur,Raja @ Raja Krishnan.E.M.R,ADMK,ADMK+,0
Gobichettipalayam,N,Tiruppur,Chenkottayan.K.A,ADMK,ADMK+,0
Bhavanisagar,S,Erode,Easwaran.S,ADMK,ADMK+,0
Udhagamandalam,N,Nilgiris,Kapachi D.Vinod,ADMK,ADMK+,0
Gudalur,S,Nilgiris,Kalai Selvan.S,ADMK,ADMK+,0
Coonoor,N,Nilgiris,Ramu.A Shanthi,ADMK,ADMK+,0
Mettuppalayam,N,Coimbatore,Chinna Raju.O.K,ADMK,ADMK+,0
Avanashi,S,Tiruppur,Dhanabal.P,ADMK,ADMK+,0
Tiruppur (North),N,Tiruppur,Vijaya Kumar.K.N,ADMK,ADMK+,0
Tiruppur (South),N,Tiruppur,Guna Sekaran.S,ADMK,ADMK+,0
Palladam,N,Tiruppur,Karai Puthur A.Natarajan,ADMK,ADMK+,0
Sulur,N,Coimbatore,Kanaga Raj.R,ADMK,ADMK+,0
Kavundampalayam,N,Coimbatore,Aarukkutti.V.C,ADMK,ADMK+,0
Coimbatore North,N,Coimbatore,Arun Kumar.P.R.G,ADMK,ADMK+,0
Thondamuthur,N,Coimbatore,Velu Mani.S.P,ADMK,ADMK+,0
Singanallur,N,Coimbatore,Amman K.Archunan,ADMK,ADMK+,0
Coimbatore South,N,Coimbatore,Singai N.Muthu,ADMK,ADMK+,0
Kinathukkadavu,N,Coimbatore,Shanmugam.A,ADMK,ADMK+,0
Pollachi,N,Coimbatore,Jaya Raman Pollachi.V,ADMK,ADMK+,0
Valparai,S,Coimbatore,Kasthuri Vasu,ADMK,ADMK+,0
Udumalpet,N,Tiruppur,Udumal Pet K.Radha Krishnan,ADMK,ADMK+,0
Madathukulam,N,Tiruppur,Manoharan.K,ADMK,ADMK+,0
Palani,N,Dindigul,Kumara Swamy.P,ADMK,ADMK+,0
Oddamchatram,N,Dindigul,Kitu Swamy,ADMK,ADMK+,0
Athoor,N,Dindigul,Natham R.Vishwanathan,ADMK,ADMK+,0
Nilakkottai,S,Dindigul,Thanga Durai.R,ADMK,ADMK+,0
Natham,N,Dindigul,Shajahan.S,ADMK,ADMK+,0
Dindigul,N,Dindigul,Dindigul C.Seenivasan,ADMK,ADMK+,0
Vedasandur,N,Dindigul,Dr.Paramashivam.V.P.B,ADMK,ADMK+,0
Aravakurichi,N,Karur,Senthil Balaji.V,ADMK,ADMK+,0
Karur,N,Karur,Vijaya Baskar.M.R,ADMK,ADMK+,0
Krishnarajapuram,S,Karur,Geetha.M,ADMK,ADMK+,0
Kulithalai,N,Karur,Chandra Sekaran.R,ADMK,ADMK+,0
Manapparai,N,Tiruchirappalli,Chandra Sekar.R,ADMK,ADMK+,0
Srirangam,N,Tiruchirappalli,Valar Mathi.S,ADMK,ADMK+,0
Tiruchirappalli (West),N,Tiruchirappalli,Manoharan.R,ADMK,ADMK+,0
Tiruchirappalli (East),N,Tiruchirappalli,Vellamandi Natarajan,ADMK,ADMK+,0
Thiruverumbur,N,Tiruchirappalli,Kalai Selvan.D,ADMK,ADMK+,0
Lalgudi,N,Tiruchirappalli,Vijaya Moorthy.M,ADMK,ADMK+,0
Manachanallur,N,Tiruchirappalli,Parameshwari Murugan,ADMK,ADMK+,0
Musiri,N,Tiruchirappalli,Selva Rasu.M,ADMK,ADMK+,0
Thuraiyur,S,Tiruchirappalli,Mai Vizhi.A,ADMK,ADMK+,0
Perambalur,S,Perambalur,Ilambai.R.Tamil Selvan,ADMK,ADMK+,0
Kunnam,N,Perambalur,Rama Chandran.R.T,ADMK,ADMK+,0
Ariyalur,N,Ariyalur,Thamarai S.Rajendran,ADMK,ADMK+,0
Jayankondam,N,Ariyalur,Rama Jaya Lingam.J.K.N,ADMK,ADMK+,0
Tittakudi,S,Cuddalore,Ayya Swamy Ganeshan.P,ADMK,ADMK+,0
Vridhachalam,N,Cuddalore,Kali Selvan.V.T,ADMK,ADMK+,0
Neyveli,N,Cuddalore,Raja Sekar.R,ADMK,ADMK+,0
Panruti,N,Cuddalore,Sathya Paneer Selvam,ADMK,ADMK+,0
Cuddalore,N,Cuddalore,Sambath.M.C,ADMK,ADMK+,0
Kurinjipadi,N,Cuddalore,Chorathur R.Rajendran,ADMK,ADMK+,0
Bhuvanagiri,N,Cuddalore,Selvi Rama Jayam,ADMK,ADMK+,0
Chidambaram,N,Cuddalore,Pandiyan.K.A,ADMK,ADMK+,0
Kattumannarkoil,S,Cuddalore,Mani Gandan.M.K,ADMK,ADMK+,0
Sirkazhi,S,Nagapattinam,Bharathi.P.V,ADMK,ADMK+,0
Mayuram,N,Nagapattinam,Radha Krishnan.V,ADMK,ADMK+,0
Poompuhar,N,Nagapattinam,Pawn Raj,ADMK,ADMK+,0
Nagapattinam,N,Nagapattinam,Thamimun Ansari,MJK,ADMK+,0
Kilvelur,S,Nagapattinam,Meena.N,ADMK,ADMK+,0
Vedaranyam,N,Nagapattinam,Gridharan,ADMK,ADMK+,0
Thiruthuraipoondi,S,Thiruvarur,Uma Maheshwari.K,ADMK,ADMK+,0
Mannargudi,N,Thiruvarur,Sudha.T,ADMK,ADMK+,0
Thiruvarur,N,Thiruvarur,Paneer Selvam.A.N.R,ADMK,ADMK+,0
Nannilam,N,Thiruvarur,Kamaraj.R,ADMK,ADMK+,0
Thiruvidaimarudur,S,Thanjavur,Shettu.U,ADMK,ADMK+,0
Kumbakonam,N,Thanjavur,Rathna,ADMK,ADMK+,0
Papanasam,N,Thanjavur,Durai Kannu.R,ADMK,ADMK+,0
Thiruvaiyaru,N,Thanjavur,Subramanaian.M.G.M,ADMK,ADMK+,0
Thanjavur,N,Thanjavur,Renga Swamy.M.m,ADMK,ADMK+,0
Orathanadu,N,Thanjavur,Vaithiya Lingam.R,ADMK,ADMK+,0
Pattukkottai,N,Thanjavur,Sekar.C.V,ADMK,ADMK+,0
Peravurani,N,Thanjavur,Govindha Rajan.M,ADMK,ADMK+,0
Gandharvakottai,S,Pudukkottai,Narthan Malai.P.Aarumugam,ADMK,ADMK+,0
Viralimalai,N,Pudukkottai,Dr.Vijaya Baskar.C,ADMK,ADMK+,0
Pudukkottai,N,Pudukkottai,Karthik Thondaiman.V.R,ADMK,ADMK+,0
Thirumaiyam,N,Pudukkottai,Vaira Muthu.P.K,ADMK,ADMK+,0
Alangudi,N,Pudukkottai,Gnana Kalai Selvan,ADMK,ADMK+,0
Aranthangi,N,Pudukkottai,Rathna Sabapathi.E.A,ADMK,ADMK+,0
Karaikudi,N,Sivaganga,Prof.Karpagam Elango,ADMK,ADMK+,0
Tirupathur,N,Sivaganga,Ashokan.K.R,ADMK,ADMK+,0
Sivaganga,N,Sivaganga,Baskaran.S,ADMK,ADMK+,0
Manamadurai,S,Sivaganga,Mariappan Kennedy.S,ADMK,ADMK+,0
Melur,N,Madurai,Periya Pullan Alias Selvam.P,ADMK,ADMK+,0
Madurai East,N,Madurai,Thakkar P.Pandi,ADMK,ADMK+,0
Sholavandan,S,Madurai,Manikkam.K,ADMK,ADMK+,0
Madurai North,N,Madurai,Rajan Chellappa,ADMK,ADMK+,0
Madurai South,N,Madurai,Saravanan.S.S,ADMK,ADMK+,0
Madurai Central,N,Madurai,Jaya Paul.M,ADMK,ADMK+,0
Madurai West,N,Madurai,Sellur K.Raju,ADMK,ADMK+,0
Thirupparankundram,N,Madurai,Seeni Velu.S.M,ADMK,ADMK+,0
Thirumangalam,N,Madurai,Udhaya Kumar.R.B,ADMK,ADMK+,0
Usilampatti,N,Madurai,Neethi Pathi.P,ADMK,ADMK+,0
Andipatti,N,Theni,Thanga Tamil Selvan,ADMK,ADMK+,0
Periyakulam,S,Theni,Prof Kathir Kamu,ADMK,ADMK+,0
Bodinayakkanur,N,Theni,Paneer Selvam.O.S,ADMK,ADMK+,0
Cumbum,N,Theni,Jakkaiyan.S.T.K,ADMK,ADMK+,0
Rajapalayam,N,Virudhunagar,Shyam.A.S.S,ADMK,ADMK+,0
Srivilliputhur,S,Virudhunagar,Chandra Prabha.M,ADMK,ADMK+,0
Sattur,N,Virudhunagar,Ethir Kottai S.Subramanian,ADMK,ADMK+,0
Sivakasi,N,Virudhunagar,Rajendra Balaji.K.T,ADMK,ADMK+,0
Virudhunagar,N,Virudhunagar,Kala Nidhi.K,ADMK,ADMK+,0
Aruppukkottai,N,Virudhunagar,Vaigai Selvan,ADMK,ADMK+,0
Tiruchuli,N,Virudhunagar,Dinesh Babu.K,ADMK,ADMK+,0
Paramakudi,S,Ramanathapuram,Dr. Muthaiah.S,ADMK,ADMK+,0
Tiruvadanai,N,Ramanathapuram,Karunas.S,MPP,ADMK+,0
Ramanathapuram,N,Ramanathapuram,Dr.Mani Gandan.M,ADMK,ADMK+,0
Mudhukulathur,N,Ramanathapuram,Keerthika Muniya Swamy,ADMK,ADMK+,0
Vilathikulam,N,Thoothukkudi,Uma Maheshwari.K,ADMK,ADMK+,0
Thoothukkudi,N,Thoothukkudi,Chella Pandiyan.C.T,ADMK,ADMK+,0
Tiruchendur,N,Thoothukkudi,Sarath Kumar.R,SMK,ADMK+,0
Srivaikuntam,N,Thoothukkudi,Shanmuganathan.S.P,ADMK,ADMK+,0
Ottapidaram,S,Thoothukkudi,Sundara Raj.R,ADMK,ADMK+,0
Kovilpatti,N,Thoothukkudi,Kadambur Raju,ADMK,ADMK+,0
Sankarankovil,S,Tirunelveli,Raja Lakshmi.V.M,ADMK,ADMK+,0
Vasudevanallur,S,Tirunelveli,Manoharan.A,ADMK,ADMK+,0
Kadayanallur,N,Tirunelveli,Shek Dawood,TMML,ADMK+,0
Tenkasi,N,Tirunelveli,Selva Mohan Das Pandiyan.C,ADMK,ADMK+,0
Alangulam,N,Tirunelveli,Karthikeyan F.C,ADMK,ADMK+,0
Tirunelveli,N,Tirunelveli,Nayinar Nagendran,ADMK,ADMK+,0
Ambasamudram,N,Tirunelveli,Murugayya Pandiyan.R,ADMK,ADMK+,0
Palayamkottai,N,Tirunelveli,Hyder Ali,ADMK,ADMK+,0
Nanguneri,N,Tirunelveli,Vijaya Kumar.M,ADMK,ADMK+,0
Radhapuram,N,Tirunelveli,Lawrance.G.T,ADMK,ADMK+,0
Kanniyakumari,N,Kanniyakumari,Thalavai Sundaram.N,ADMK,ADMK+,0
Nagercoil,N,Kanniyakumari,Nanjil Murugeshan,ADMK,ADMK+,0
Kollachal,N,Kanniyakumari,Patchai Ammal.K.T,ADMK,ADMK+,0
Padmanabhapuram,N,Kanniyakumari,Rajendra Prasath.K.P,ADMK,ADMK+,0
Vilavancode,N,Kanniyakumari,G Nanjil Dominic ,ADMK,ADMK+,0
Killiyoor,N,Kanniyakumari,Merry Kamal Bhai.A,ADMK,ADMK+,0
Gummidipoondi,N,Thiruvallur,Sekar,MDMDK,DMK+,0
Ponneri,N,Thiruvallur,Parimalam,DMK,DMK+,0
Tiruttani,N,Thiruvallur,Chidambaram,INC,DMK+,0
Thiruvallur,N,Thiruvallur,Rajendran,DMK,DMK+,0
Poonamallee,S,Thiruvallur,Paranthaman,DMK,DMK+,0
Avadi,N,Thiruvallur,Nazar,DMK,DMK+,0
Maduravoyal,N,Thiruvallur,Rajesh,INC,DMK+,0
Ambattur,N,Thiruvallur,Hasan Moulana,INC,DMK+,0
Madavaram,N,Thiruvallur,Sudharsanam,DMK,DMK+,0
Thiruvottiyur,N,Thiruvallur,Samy.K.P.P,DMK,DMK+,0
Dr. Radhakrishnan Nagar,N,Chennai,Simla Muthu Cholan,DMK,DMK+,0
Perambur,N,Chennai,Dhanabal,PeMK,DMK+,0
Kolathur,N,Chennai,Stalin.M.K,DMK,DMK+,0
Villivakkam,N,Chennai,Ranganathan,DMK,DMK+,0
Thiru-Vi-Ka-Nagar,S,Chennai,Sivakumar,DMK,DMK+,0
Egmore,S,Chennai,Ravichandran,DMK,DMK+,0
Royapuram,N,Chennai,Manohar,INC,DMK+,0
Harbour,N,Chennai,Sekar Babu,DMK,DMK+,0
Chepauk,N,Chennai,Anbalagan.J,DMK,DMK+,0
Thousand Lights,N,Chennai,Selvam,DMK,DMK+,0
Anna Nagar,N,Chennai,Mohan,DMK,DMK+,0
Virugampakkam,N,Chennai,Dhanasekaran,DMK,DMK+,0
T-Nagar,N,Chennai,Subramanaian.M,DMK,DMK+,0
Saidapet,N,Chennai,Kani Mozhi.S.N,DMK,DMK+,0
Mylapore,N,Chennai,Karathe Thiagarajan,INC,DMK+,0
Velachery,N,Chennai,Vagai Chandrasekar,DMK,DMK+,0
Shozhinganallur,N,Kancheepuram,Aravindha Swamy,DMK,DMK+,0
Alandur,N,Kancheepuram,Dhamo Anbarasan,DMK,DMK+,0
Sriperumbudur,S,Kancheepuram,Selva Perunthagai,INC,DMK+,0
Pallavaram,N,Kancheepuram,Karunanithi.E,DMK,DMK+,0
Tambaram,N,Kancheepuram,Raja.S.R,DMK,DMK+,0
Chengalpattu,N,Kancheepuram,Vara Lakshmi Mathu Suthanan,DMK,DMK+,0
Thiruporur,N,Kancheepuram,Viswanathan,DMK,DMK+,0
Cheyyur,S,Kancheepuram,Arasu,DMK,DMK+,0
Maduranthakam,S,Kancheepuram,Puhalendhi,DMK,DMK+,0
Uthiramerur,N,Kancheepuram,Sundar,DMK,DMK+,0
Kancheepuram,N,Kancheepuram,Ezhilarasan,DMK,DMK+,0
Arakkonam,S,Vellore,Raj Kumar.N,DMK,DMK+,0
Sholingur,N,Vellore,Muni Rathnam,INC,DMK+,0
Katpadi,N,Vellore,Durai Murugan,DMK,DMK+,0
Ranipet,N,Vellore,Gandhi,DMK,DMK+,0
Arcot,N,Vellore,Easwarappan,DMK,DMK+,0
Vellore,N,Vellore,Karthikeyan,DMK,DMK+,0
Anaicut,N,Vellore,Nantha Kumar,DMK,DMK+,0
Kilvaithinankuppam,S,Vellore,Amalu,DMK,DMK+,0
Gudiyattam,S,Vellore,Raja Marthandan,DMK,DMK+,0
Vaniyambadi,N,Vellore,Syed Farook,IUML,DMK+,0
Ambur,N,Vellore,Nazeer Ahmed,MMK,DMK+,0
Jolarpet,N,Vellore,Kavitha Dhandapani,DMK,DMK+,0
Tiruppattur,N,Vellore,Nalla Thambi,DMK,DMK+,0
Uthangarai,S,Krishnagiri,Malathy Narayanan Swamy,DMK,DMK+,0
Bargur,N,Krishnagiri,Govindharajan,DMK,DMK+,0
Krishnagiri,N,Krishnagiri,Chenkuttuvan,DMK,DMK+,0
Veppanahalli,N,Krishnagiri,Murugan,DMK,DMK+,0
Hosur,N,Krishnagiri,Gopi Nath,INC,DMK+,0
Thalli,N,Krishnagiri,Prakash,DMK,DMK+,0
Palacodu,N,Dharmapuri,Murugan,DMK,DMK+,0
Pennagaram,N,Dharmapuri,Innbarasan,DMK,DMK+,0
Dharmapuri,N,Dharmapuri,Subramanian,DMK,DMK+,0
Pappireddippatti,N,Dharmapuri,Prabhu Rajasekar,DMK,DMK+,0
Harur,S,Dharmapuri,Rajendran,DMK,DMK+,0
Chengam,S,Tiruvannamalai,Giri,DMK,DMK+,0
Tiruvannamalai,N,Tiruvannamalai,Velu.A.Va,DMK,DMK+,0
Kilpennathur,N,Tiruvannamalai,Pitchandi,DMK,DMK+,0
Kalasapakkam,N,Tiruvannamalai,Sengam.G.Kumar,INC,DMK+,0
Polur,N,Tiruvannamalai,Sekaran,DMK,DMK+,0
Arani,N,Tiruvannamalai,Babu.S,DMK,DMK+,0
Cheyyar,N,Tiruvannamalai,Vishnu Prasath,INC,DMK+,0
Vandavasi,S,Tiruvannamalai,Ambethkumar,DMK,DMK+,0
Gingee,N,Villupuram,Masthan,DMK,DMK+,0
Mailam,N,Villupuram,Masila Mani,DMK,DMK+,0
Tindivanam,S,Villupuram,Sita Pathi Chokalingam,DMK,DMK+,0
Vanur,S,Villupuram,Maithili Rajendran,DMK,DMK+,0
Villupuram,N,Villupuram,Ameer Abbas,IUML,DMK+,0
Vikravandi,N,Villupuram,Radha Mani,DMK,DMK+,0
Tirukkoyilur,N,Villupuram,Pon Mudi,DMK,DMK+,0
Ulundurpet,N,Villupuram,Vasantha Vel.G.R,DMK,DMK+,0
Rishivandiyam,N,Villupuram,Karthikeyan,DMK,DMK+,0
Sankarapuram,N,Villupuram,Uthaya Surian,DMK,DMK+,0
Kallakurichi,S,Villupuram,Kamaraj,DMK,DMK+,0
Gangavalli,S,Villupuram,Rekha Priya Dharshini,DMK,DMK+,0
Attur,S,Salem,Artha Nari,INC,DMK+,0
Yercaud,S,Salem,Tamil Selvan,DMK,DMK+,0
Omalur,N,Salem,Ammashi,DMK,DMK+,0
Mettur,N,Salem,Parthibhan,MDMDK,DMK+,0
Edappadi,N,Salem,Murugeshan,DMK,DMK+,0
Sankari,N,Salem,Rajeshwaran,INC,DMK+,0
Salem (West),N,Salem,Paneer Selvam,DMK,DMK+,0
Salem (North),N,Salem,Rajendran,DMK,DMK+,0
Salem (South),N,Salem,Gunasekaran,DMK,DMK+,0
Veerapandi,N,Salem,Rajendran,DMK,DMK+,0
Rasipuram,S,Namakkal,Durai Swamy.V.P,DMK,DMK+,0
Senthamangalam,S,Namakkal,Ponnu Swamy,DMK,DMK+,0
Namakkal,N,Namakkal,Chezhiyan,INC,DMK+,0
Paramathi-Velur,N,Namakkal,Moorthy,DMK,DMK+,0
Tiruchengodu,N,Namakkal,Elangovan,DMK,DMK+,0
Kumarapalayam,N,Erode,Yuvaraj,DMK,DMK+,0
Erode (East),N,Erode,Chandra Kumar,MDMDK,DMK+,0
Erode (West),N,Erode,Muthu Swamy,DMK,DMK+,0
Modakkurichi,N,Erode,Sachithanantham,DMK,DMK+,0
Dharapuram,S,Tiruppur,Kali Muthu,INC,DMK+,0
Kangayam,N,Tiruppur,Gopi ,DMK,DMK+,0
Perundurai,N,Erode,Mohana Sundaram,DMK,DMK+,0
Bhavani,N,Erode,Sivakumar,DMK,DMK+,0
Andhiyur,N,Tiruppur,Venkatachalam,DMK,DMK+,0
Gobichettipalayam,N,Tiruppur,Saravanan,INC,DMK+,0
Bhavanisagar,S,Erode,Sathya,DMK,DMK+,0
Udhagamandalam,N,Nilgiris,Ganesh,INC,DMK+,0
Gudalur,S,Nilgiris,Diravida Mani,DMK,DMK+,0
Coonoor,N,Nilgiris,Mubarak,DMK,DMK+,0
Mettuppalayam,N,Coimbatore,Surendran,DMK,DMK+,0
Avanashi,S,Tiruppur,Aananthan,DMK,DMK+,0
Tiruppur (North),N,Tiruppur,Swamy Nathan,DMK,DMK+,0
Tiruppur (South),N,Tiruppur,Selvaraj,DMK,DMK+,0
Palladam,N,Tiruppur,Krishna Moorthy,DMK,DMK+,0
Sulur,N,Coimbatore,Manoharan.V.M.C,INC,DMK+,0
Kavundampalayam,N,Coimbatore,Paiya Gownder,DMK,DMK+,0
Coimbatore North,N,Coimbatore,Meena Logu,DMK,DMK+,0
Thondamuthur,N,Coimbatore,Syed ,MMK,DMK+,0
Singanallur,N,Coimbatore,Mayura.S.Sivakumar,INC,DMK+,0
Coimbatore South,N,Coimbatore,Karthik,DMK,DMK+,0
Kinathukkadavu,N,Coimbatore,Kurunji Prabhakar,DMK,DMK+,0
Pollachi,N,Coimbatore,Tamil Mani,DMK,DMK+,0
Valparai,S,Coimbatore,Paul Pandi,DMK,DMK+,0
Udumalpet,N,Tiruppur,Muthu ,DMK,DMK+,0
Madathukulam,N,Tiruppur,Jaya Rama Krishnan,DMK,DMK+,0
Palani,N,Dindigul,Senthil Kumar,DMK,DMK+,0
Oddamchatram,N,Dindigul,Sakkara Bhani,DMK,DMK+,0
Athoor,N,Dindigul,Periya Swamy.I,DMK,DMK+,0
Nilakkottai,S,Dindigul,Anbalaghan.M,DMK,DMK+,0
Natham,N,Dindigul,Andi Ambalam,DMK,DMK+,0
Dindigul,N,Dindigul,Bazeer Mohmed,DMK,DMK+,0
Vedasandur,N,Dindigul,Sivasakthi Gownder,INC,DMK+,0
Aravakurichi,N,Karur,Palani Swamy.K.C,DMK,DMK+,0
Karur,N,Karur,Subramaniam,INC,DMK+,0
Krishnarajapuram,S,Karur,Iyer.V.K.,PT,DMK+,0
Kulithalai,N,Karur,Ramar,DMK,DMK+,0
Manapparai,N,Tiruchirappalli,Mohmed Nizam,IUML,DMK+,0
Srirangam,N,Tiruchirappalli,Palani Andi,DMK,DMK+,0
Tiruchirappalli (West),N,Tiruchirappalli,Nehru.K.N,DMK,DMK+,0
Tiruchirappalli (East),N,Tiruchirappalli,Jarome Aarokya Raj,INC,DMK+,0
Thiruverumbur,N,Tiruchirappalli,Anbil Mahesh Poyya Mozhi,DMK,DMK+,0
Lalgudi,N,Tiruchirappalli,Soundara Pandiyan,DMK,DMK+,0
Manachanallur,N,Tiruchirappalli,Ganeshan,DMK,DMK+,0
Musiri,N,Tiruchirappalli,Vijaya Babu,INC,DMK+,0
Thuraiyur,S,Tiruchirappalli,Stalin Kumar,DMK,DMK+,0
Perambalur,S,Perambalur,Sivagami,SSP,DMK+,0
Kunnam,N,Perambalur,Thanga Durai Raj,DMK,DMK+,0
Ariyalur,N,Ariyalur,Siva Shankar,DMK,DMK+,0
Jayankondam,N,Ariyalur,Rajendran.G,INC,DMK+,0
Tittakudi,S,Cuddalore,Saba,DMK,DMK+,0
Vridhachalam,N,Cuddalore,Thanga Aananthan,DMK,DMK+,0
Neyveli,N,Cuddalore,Rajendran,DMK,DMK+,0
Panruti,N,Cuddalore,Kumar,ViSK,DMK+,0
Cuddalore,N,Cuddalore,Puhalendhi,DMK,DMK+,0
Kurinjipadi,N,Cuddalore,Paneer Selvam.M.R.K,DMK,DMK+,0
Bhuvanagiri,N,Cuddalore,Saravanan,DMK,DMK+,0
Chidambaram,N,Cuddalore,Senthil Kumar,DMK,DMK+,0
Kattumannarkoil,S,Cuddalore,Mani Rathnam,INC,DMK+,0
Sirkazhi,S,Nagapattinam,Killai Raveendhran,DMK,DMK+,0
Mayuram,N,Nagapattinam,Anbalagan.K,DMK,DMK+,0
Poompuhar,N,Nagapattinam,Shajahan,IUML,DMK+,0
Nagapattinam,N,Nagapattinam,Jabrulla,MMK,DMK+,0
Kilvelur,S,Nagapattinam,Mathi Vanan,DMK,DMK+,0
Vedaranyam,N,Nagapattinam,Rajendran.P.V,INC,DMK+,0
Thiruthuraipoondi,S,Thiruvarur,Maheshwari,DMK,DMK+,0
Mannargudi,N,Thiruvarur,Raja.T.R.P,DMK,DMK+,0
Thiruvarur,N,Thiruvarur,M.Karuna Nithi,DMK,DMK+,0
Nannilam,N,Thiruvarur,Durai Velan,INC,DMK+,0
Thiruvidaimarudur,S,Thanjavur,Chezhiyan,DMK,DMK+,0
Kumbakonam,N,Thanjavur,Anbalagan.K,DMK,DMK+,0
Papanasam,N,Thanjavur,Loganathan,INC,DMK+,0
Thiruvaiyaru,N,Thanjavur,Chandra Sekaran,DMK,DMK+,0
Thanjavur,N,Thanjavur,Anjugam Boopathi,DMK,DMK+,0
Orathanadu,N,Thanjavur,Rama Chandran.N,DMK,DMK+,0
Pattukkottai,N,Thanjavur,Mahendran,INC,DMK+,0
Peravurani,N,Thanjavur,Ashok Kumar,DMK,DMK+,0
Gandharvakottai,S,Pudukkottai,Anbarasan,DMK,DMK+,0
Viralimalai,N,Pudukkottai,Palaniappan,DMK,DMK+,0
Pudukkottai,N,Pudukkottai,Periyannan Arasu,DMK,DMK+,0
Thirumaiyam,N,Pudukkottai,Raghupathi,DMK,DMK+,0
Alangudi,N,Pudukkottai,Meyya Nathan.Siva,DMK,DMK+,0
Aranthangi,N,Pudukkottai,Ramachandran.S.T,INC,DMK+,0
Karaikudi,N,Sivaganga,Rama Swamy.K.R,INC,DMK+,0
Tirupathur,N,Sivaganga,Periya Karuppan,DMK,DMK+,0
Sivaganga,N,Sivaganga,Sathya Nathan,DMK,DMK+,0
Manamadurai,S,Sivaganga,Chitra Selvi,DMK,DMK+,0
Melur,N,Madurai,Raghupathi,DMK,DMK+,0
Madurai East,N,Madurai,Moorthy,DMK,DMK+,0
Sholavandan,S,Madurai,Bhavani.C,DMK,DMK+,0
Madurai North,N,Madurai,Karthikeyan,INC,DMK+,0
Madurai South,N,Madurai,Bala Chandran,DMK,DMK+,0
Madurai Central,N,Madurai,Thiyagarajan.P.T.R.P,DMK,DMK+,0
Madurai West,N,Madurai,Thalapathy,DMK,DMK+,0
Thirupparankundram,N,Madurai,Mani Maran,DMK,DMK+,0
Thirumangalam,N,Madurai,Jaya Raman,INC,DMK+,0
Usilampatti,N,Madurai,Ela Mahizhan,DMK,DMK+,0
Andipatti,N,Theni,Mookaiya,DMK,DMK+,0
Periyakulam,S,Theni,Anbalagan,DMK,DMK+,0
Bodinayakkanur,N,Theni,Lakshmanan,DMK,DMK+,0
Cumbum,N,Theni,Rama Krishnan,DMK,DMK+,0
Rajapalayam,N,Virudhunagar,Thanga Pandiyan,DMK,DMK+,0
Srivilliputhur,S,Virudhunagar,Muthu Kumar,PT,DMK+,0
Sattur,N,Virudhunagar,Srinivasan,DMK,DMK+,0
Sivakasi,N,Virudhunagar,Raja Chokkar,INC,DMK+,0
Virudhunagar,N,Virudhunagar,Srinivasan,DMK,DMK+,0
Aruppukkottai,N,Virudhunagar,Ramachandran.K.K.S.S.R,DMK,DMK+,0
Tiruchuli,N,Virudhunagar,Thangam Thennarasu,DMK,DMK+,0
Paramakudi,S,Ramanathapuram,Thisai Veeran,DMK,DMK+,0
Tiruvadanai,N,Ramanathapuram,Dhivagaran,DMK,DMK+,0
Ramanathapuram,N,Ramanathapuram,Javahirulla,MMK,DMK+,0
Mudhukulathur,N,Ramanathapuram,Malaysia Pandiyan,INC,DMK+,0
Vilathikulam,N,Thoothukkudi,Beema Raj,DMK,DMK+,0
Thoothukkudi,N,Thoothukkudi,Geetha Jeevan,DMK,DMK+,0
Tiruchendur,N,Thoothukkudi,Anitha Radha Krishnan,DMK,DMK+,0
Srivaikuntam,N,Thoothukkudi,Rani Venkatesan,INC,DMK+,0
Ottapidaram,S,Thoothukkudi,Krishna Swamy,PT,DMK+,0
Kovilpatti,N,Thoothukkudi,Subramanaian,DMK,DMK+,0
Sankarankovil,S,Tirunelveli,Anbhumani Gneshan,DMK,DMK+,0
Vasudevanallur,S,Tirunelveli,Anbazhagan,PT,DMK+,0
Kadayanallur,N,Tirunelveli,Mohmed Abu Bakker,IUML,DMK+,0
Tenkasi,N,Tirunelveli,Palani Nadar,INC,DMK+,0
Alangulam,N,Tirunelveli,Bhoongothai,DMK,DMK+,0
Tirunelveli,N,Tirunelveli,Lakshmanan,DMK,DMK+,0
Ambasamudram,N,Tirunelveli,Aavudayappan,DMK,DMK+,0
Palayamkottai,N,Tirunelveli,Maidheen Khan,DMK,DMK+,0
Nanguneri,N,Tirunelveli,Vasantha Kumar,INC,DMK+,0
Radhapuram,N,Tirunelveli,Appavu,DMK,DMK+,0
Kanniyakumari,N,Kanniyakumari,Austin,DMK,DMK+,0
Nagercoil,N,Kanniyakumari,Suresh Rajan,DMK,DMK+,0
Kollachal,N,Kanniyakumari,Prnce,INC,DMK+,0
Padmanabhapuram,N,Kanniyakumari,Mano Thangaraj,DMK,DMK+,0
Vilavancode,N,Kanniyakumari,Vijaya Dharani,INC,DMK+,0
Killiyoor,N,Kanniyakumari,Rajesh,INC,DMK+,0
Gummidipoondi,N,Thiruvallur,Geetha,DMDK,PWF+,0
Ponneri,N,Thiruvallur,Meejore Senthil,VCK,PWF+,0
Tiruttani,N,Thiruvallur,Krishna Moorthy,DMDK,PWF+,0
Thiruvallur,N,Thiruvallur,Bala Singam,VCK,PWF+,0
Poonamallee,S,Thiruvallur,Kandan,MDMK,PWF+,0
Avadi,N,Thiruvallur,Andhiridas,MDMK,PWF+,0
Maduravoyal,N,Thiruvallur,Beemarao.K,CPI,PWF+,0
Ambattur,N,Thiruvallur,Kanstantain,DMDK,PWF+,0
Madavaram,N,Thiruvallur,Kannan.A.S,CPM,PWF+,0
Thiruvottiyur,N,Thiruvallur,Aarumugam,DMDK,PWF+,0
Dr. Radhakrishnan Nagar,N,Chennai,Vasanthi Devi,VCK,PWF+,0
Perambur,N,Chennai,Soundar Rajan.A,CPI,PWF+,0
Kolathur,N,Chennai,Mathi Vanan,DMDK,PWF+,0
Villivakkam,N,Chennai,Pandiyan,DMDK,PWF+,0
Thiru-Vi-Ka-Nagar,S,Chennai,P.Suganthi,CPI,PWF+,0
Egmore,S,Chennai,Prabu,DMDK,PWF+,0
Royapuram,N,Chennai,Biju Jakko,TMC,PWF+,0
Harbour,N,Chennai,Murath Bhuhari,MDMK,PWF+,0
Chepauk,N,Chennai,Abdulla Set,DMDK,PWF+,0
Thousand Lights,N,Chennai,Ambikapathy,MDMK,PWF+,0
Anna Nagar,N,Chennai,Malaika Thayazhan,MDMK,PWF+,0
Virugampakkam,N,Chennai,Partha Sarathy,DMDK,PWF+,0
T-Nagar,N,Chennai,Elumalai.S,CPM,PWF+,0
Saidapet,N,Chennai,Kumar,DMDK,PWF+,0
Mylapore,N,Chennai,Munavar Batcha.A.S,TMC,PWF+,0
Velachery,N,Chennai,Raja,DMDK,PWF+,0
Shozhinganallur,N,Kancheepuram,Paneer Das.Era,VCK,PWF+,0
Alandur,N,Kancheepuram,Chandran,DMDK,PWF+,0
Sriperumbudur,S,Kancheepuram,Veera Kumar,VCK,PWF+,0
Pallavaram,N,Kancheepuram,Veera Lakshmi,MDMK,PWF+,0
Tambaram,N,Kancheepuram,Chezhian,DMDK,PWF+,0
Chengalpattu,N,Kancheepuram,Murugeshan,DMDK,PWF+,0
Thiruporur,N,Kancheepuram,Mallai Sathya,MDMK,PWF+,0
Cheyyur,S,Kancheepuram,Ezhil Caroline,VCK,PWF+,0
Maduranthakam,S,Kancheepuram,Thennarasu,DMDK,PWF+,0
Uthiramerur,N,Kancheepuram,Rajendran,DMDK,PWF+,0
Kancheepuram,N,Kancheepuram,Egambaram,DMDK,PWF+,0
Arakkonam,S,Vellore,Ilan Cheghuvara,VCK,PWF+,0
Sholingur,N,Vellore,Manoharan,DMDK,PWF+,0
Katpadi,N,Vellore,Sivanantham.T.V,TMC,PWF+,0
Ranipet,N,Vellore,Nithyanantham,DMDK,PWF+,0
Arcot,N,Vellore,Udhaya Kumar,MDMK,PWF+,0
Vellore,N,Vellore,Abdhul Rahman,VCK,PWF+,0
Anaicut,N,Vellore,Palani.P.S,TMC,PWF+,0
Kilvaithinankuppam,S,Vellore,Devi Ammal,DMDK,PWF+,0
Gudiyattam,S,Vellore,Linga Muthu.K,CPM,PWF+,0
Vaniyambadi,N,Vellore,Gnana Sekaran.C,TMC,PWF+,0
Ambur,N,Vellore,Vasu,DMDK,PWF+,0
Jolarpet,N,Vellore,Byas Batcha,DMDK,PWF+,0
Tiruppattur,N,Vellore,Hari Krishnan,DMDK,PWF+,0
Uthangarai,S,Krishnagiri,Krishnan.C @ Kani Amuthan,VCK,PWF+,0
Bargur,N,Krishnagiri,Rajendran.M.R,TMC,PWF+,0
Krishnagiri,N,Krishnagiri,Jaya Prakash.R,TMC,PWF+,0
Veppanahalli,N,Krishnagiri,Nagaraj,DMDK,PWF+,0
Hosur,N,Krishnagiri,Chandran,DMDK,PWF+,0
Thalli,N,Krishnagiri,Ramachandran.T,CPM,PWF+,0
Palacodu,N,Dharmapuri,Kaveri Varman ,DMDK,PWF+,0
Pennagaram,N,Dharmapuri,N.Nanjappan,CPM,PWF+,0
Dharmapuri,N,Dharmapuri,Dr.Elangovan,DMDK,PWF+,0
Pappireddippatti,N,Dharmapuri,Basker,DMDK,PWF+,0
Harur,S,Dharmapuri,Kovendhan,VCK,PWF+,0
Chengam,S,Tiruvannamalai,Kalai Arasi,DMDK,PWF+,0
Tiruvannamalai,N,Tiruvannamalai,Manigandan,DMDK,PWF+,0
Kilpennathur,N,Tiruvannamalai,Jothi.K,CPM,PWF+,0
Kalasapakkam,N,Tiruvannamalai,Nehru,DMDK,PWF+,0
Polur,N,Tiruvannamalai,Selvan.P,CPI,PWF+,0
Arani,N,Tiruvannamalai,Babu Murugavel,DMDK,PWF+,0
Cheyyar,N,Tiruvannamalai,Saravanan,DMDK,PWF+,0
Vandavasi,S,Tiruvannamalai,Metha Ramesh,VCK,PWF+,0
Gingee,N,Villupuram,Mani,MDMK,PWF+,0
Mailam,N,Villupuram,Balaji.S.S,VCK,PWF+,0
Tindivanam,S,Villupuram,Udhaya Kumar,DMDK,PWF+,0
Vanur,S,Villupuram,Ravi Kumar,VCK,PWF+,0
Villupuram,N,Villupuram,Venkateshan,DMDK,PWF+,0
Vikravandi,N,Villupuram,Rama Moorthy.R,CPI,PWF+,0
Tirukkoyilur,N,Villupuram,Ganesh.T.G,TMC,PWF+,0
Ulundurpet,N,Villupuram,Vijaya Kanth,DMDK,PWF+,0
Rishivandiyam,N,Villupuram,Vincent Jaya Raj,DMDK,PWF+,0
Sankarapuram,N,Villupuram,Govindhan,DMDK,PWF+,0
Kallakurichi,S,Villupuram,Rama Moorthy,VCK,PWF+,0
Gangavalli,S,Villupuram,Subha,DMDK,PWF+,0
Attur,S,Salem,Aathithyan,VCK,PWF+,0
Yercaud,S,Salem,Kumar,DMDK,PWF+,0
Omalur,N,Salem,Elangovan,DMDK,PWF+,0
Mettur,N,Salem,Bhoopathi,DMDK,PWF+,0
Edappadi,N,Salem,Thanga Velu.P,CPI,PWF+,0
Sankari,N,Salem,Selva Kumar.K,TMC,PWF+,0
Salem (West),N,Salem,Mohan Raj,DMDK,PWF+,0
Salem (North),N,Salem,Deva Das.R,TMC,PWF+,0
Salem (South),N,Salem,Jaya Chandran,VCK,PWF+,0
Veerapandi,N,Salem,Mohan.A,CPM,PWF+,0
Rasipuram,S,Namakkal,Arjun.K,VCK,PWF+,0
Senthamangalam,S,Namakkal,Sathya,DMDK,PWF+,0
Namakkal,N,Namakkal,Elango.N,TMC,PWF+,0
Paramathi-Velur,N,Namakkal,Muthu Kumar,DMDK,PWF+,0
Tiruchengodu,N,Namakkal,Vijaya Kamal,DMDK,PWF+,0
Kumarapalayam,N,Erode,Matheswaran,DMDK,PWF+,0
Erode (East),N,Erode,Chairman.Ponn.Kumar,DMDK,PWF+,0
Erode (West),N,Erode,Murugan,MDMK,PWF+,0
Modakkurichi,N,Erode,Ramesh,DMDK,PWF+,0
Dharapuram,S,Tiruppur,Thiru Valluvan,MDMK,PWF+,0
Kangayam,N,Tiruppur,Muthu Venkateshwaran,DMDK,PWF+,0
Perundurai,N,Erode,Shanmugam.V.P,TMC,PWF+,0
Bhavani,N,Erode,Gopal,DMDK,PWF+,0
Andhiyur,N,Tiruppur,Raja Sambath,DMDK,PWF+,0
Gobichettipalayam,N,Tiruppur,Munu Swamy.A.M,CPI,PWF+,0
Bhavanisagar,S,Erode,Sundaram.P.L.,CPM,PWF+,0
Udhagamandalam,N,Nilgiris,King Narsesus,DMDK,PWF+,0
Gudalur,S,Nilgiris,Tamil Mani.P,CPI,PWF+,0
Coonoor,N,Nilgiris,Chidambaram,DMDK,PWF+,0
Mettuppalayam,N,Coimbatore,Shanmuga Sundaram.T.R,TMC,PWF+,0
Avanashi,S,Tiruppur,Aarumugam.M,CPM,PWF+,0
Tiruppur (North),N,Tiruppur,Subramanian.Ravi.N,CPM,PWF+,0
Tiruppur (South),N,Tiruppur,Thanga Velu.K,CPI,PWF+,0
Palladam,N,Tiruppur,Muthu Rathinam,MDMK,PWF+,0
Sulur,N,Coimbatore,Dinagaran,DMDK,PWF+,0
Kavundampalayam,N,Coimbatore,Rama Moorthy.V,CPI,PWF+,0
Coimbatore North,N,Coimbatore,Murugan,DMDK,PWF+,0
Thondamuthur,N,Coimbatore,Thiyagarajan,DMDK,PWF+,0
Singanallur,N,Coimbatore,Padmanabhan.C.,CPI,PWF+,0
Coimbatore South,N,Coimbatore,Arjun Raj,MDMK,PWF+,0
Kinathukkadavu,N,Coimbatore,Easwaran,MDMK,PWF+,0
Pollachi,N,Coimbatore,Muthu Kumar,DMDK,PWF+,0
Valparai,S,Coimbatore,Mani Bharathy.P,CPM,PWF+,0
Udumalpet,N,Tiruppur,Ganesh Kumar,DMDK,PWF+,0
Madathukulam,N,Tiruppur,Maheshwari.,TMC,PWF+,0
Palani,N,Dindigul,Raja Manikkam,CPI,PWF+,0
Oddamchatram,N,Dindigul,Santhanam.K,CPM,PWF+,0
Athoor,N,Dindigul,Bakya Selvaraj.M,DMDK,PWF+,0
Nilakkottai,S,Dindigul,Rama Swamy,DMDK,PWF+,0
Natham,N,Dindigul,Karthikeyan,DMDK,PWF+,0
Dindigul,N,Dindigul,Pandi.N,CPI,PWF+,0
Vedasandur,N,Dindigul,Balu,DMDK,PWF+,0
Aravakurichi,N,Karur,Kalai Arasu,MDMK,PWF+,0
Karur,N,Karur,Ravi,DMDK,PWF+,0
Krishnarajapuram,S,Karur,Shivanantham,TMC,PWF+,0
Kulithalai,N,Karur,Jamuna,DMDK,PWF+,0
Manapparai,N,Tiruchirappalli,Krishna Gopal,DMDK,PWF+,0
Srirangam,N,Tiruchirappalli,Pushpam Vaithyanathan,CPM,PWF+,0
Tiruchirappalli (West),N,Tiruchirappalli,Joseph Gerald,DMDK,PWF+,0
Tiruchirappalli (East),N,Tiruchirappalli,Rehaiya Shek Mohmed,MDMK,PWF+,0
Thiruverumbur,N,Tiruchirappalli,Senthil Kumar,DMDK,PWF+,0
Lalgudi,N,Tiruchirappalli,Jaya Sheelan.M,CPI,PWF+,0
Manachanallur,N,Tiruchirappalli,Babu ,DMDK,PWF+,0
Musiri,N,Tiruchirappalli,Rajasekaran,TMC,PWF+,0
Thuraiyur,S,Tiruchirappalli,Aathi Mozhi,VCK,PWF+,0
Perambalur,S,Perambalur,Rajendran,DMDK,PWF+,0
Kunnam,N,Perambalur,Azhur Zanavash,VCK,PWF+,0
Ariyalur,N,Ariyalur,Jaya Vel,DMDK,PWF+,0
Jayankondam,N,Ariyalur,Kandaswamy,MDMK,PWF+,0
Tittakudi,S,Cuddalore,Sashi Kumar,DMDK,PWF+,0
Vridhachalam,N,Cuddalore,Muthu Kumar,DMDK,PWF+,0
Neyveli,N,Cuddalore,Aarumugam,CPI,PWF+,0
Panruti,N,Cuddalore,Sivakkolundhu,DMDK,PWF+,0
Cuddalore,N,Cuddalore,Chandra  Sekar,TMC,PWF+,0
Kurinjipadi,N,Cuddalore,Bala Murugan,DMDK,PWF+,0
Bhuvanagiri,N,Cuddalore,Chinthanai Selvan,VCK,PWF+,0
Chidambaram,N,Cuddalore,Bala Krishnan,CPI,PWF+,0
Kattumannarkoil,S,Cuddalore,Thiruma Vazhavan,VCK,PWF+,0
Sirkazhi,S,Nagapattinam,Umanath,DMDK,PWF+,0
Mayuram,N,Nagapattinam,Arul Selvan,DMDK,PWF+,0
Poompuhar,N,Nagapattinam,Shankar.M,TMC,PWF+,0
Nagapattinam,N,Nagapattinam,Dhaleem Ansari.A.P.,CPM,PWF+,0
Kilvelur,S,Nagapattinam,Nagai Malik.V.P,CPI,PWF+,0
Vedaranyam,N,Nagapattinam,Vaira Nathan,DMDK,PWF+,0
Thiruthuraipoondi,S,Thiruvarur,Ulaganathan.K,CPM,PWF+,0
Mannargudi,N,Thiruvarur,Murugayyan Babu,DMDK,PWF+,0
Thiruvarur,N,Thiruvarur,Masila Mani.P.S,CPM,PWF+,0
Nannilam,N,Thiruvarur,Sundara Moorthy.G,CPI,PWF+,0
Thiruvidaimarudur,S,Thanjavur,Vivegananthan,VCK,PWF+,0
Kumbakonam,N,Thanjavur,Paramashivam,DMDK,PWF+,0
Papanasam,N,Thanjavur,Jaya Kumar.S.T,TMC,PWF+,0
Thiruvaiyaru,N,Thanjavur,Jeeva Kumar.V,CPI,PWF+,0
Thanjavur,N,Thanjavur,Jaya Prakash,DMDK,PWF+,0
Orathanadu,N,Thanjavur,Ramanathan,DMDK,PWF+,0
Pattukkottai,N,Thanjavur,Senthil Kumar,DMDK,PWF+,0
Peravurani,N,Thanjavur,Thamayanthi Thirugnanam,CPM,PWF+,0
Gandharvakottai,S,Pudukkottai,M.Chinna Durai,CPI,PWF+,0
Viralimalai,N,Pudukkottai,Kathikeyan,DMDK,PWF+,0
Pudukkottai,N,Pudukkottai,Jagheer Ushain,DMDK,PWF+,0
Thirumaiyam,N,Pudukkottai,Chidambaram.P.L.A,TMC,PWF+,0
Alangudi,N,Pudukkottai,Chandrasekaran,MDMK,PWF+,0
Aranthangi,N,Pudukkottai,Loganathan.P,CPM,PWF+,0
Karaikudi,N,Sivaganga,Sevanthiyappan,MDMK,PWF+,0
Tirupathur,N,Sivaganga,Sathaiah.N,CPM,PWF+,0
Sivaganga,N,Sivaganga,Gunasekaran.S,CPM,PWF+,0
Manamadurai,S,Sivaganga,Thiru Mozhi,VCK,PWF+,0
Melur,N,Madurai,Bharath Nachiappan.T.N,TMC,PWF+,0
Madurai East,N,Madurai,Kali Das.P,CPM,PWF+,0
Sholavandan,S,Madurai,Pandiyammal,VCK,PWF+,0
Madurai North,N,Madurai,Mujibur Rahman,DMDK,PWF+,0
Madurai South,N,Madurai,Puthur Boominathan,MDMK,PWF+,0
Madurai Central,N,Madurai,Siva Muthu Kumar,DMDK,PWF+,0
Madurai West,N,Madurai,Vasughi.O,CPI,PWF+,0
Thirupparankundram,N,Madurai,Kanthaswamy.K,CPM,PWF+,0
Thirumangalam,N,Madurai,Seenivasan,DMDK,PWF+,0
Usilampatti,N,Madurai,Baskara Sethupathi,MDMK,PWF+,0
Andipatti,N,Theni,Krishna Moorthy,DMDK,PWF+,0
Periyakulam,S,Theni,Lasar.A,CPI,PWF+,0
Bodinayakkanur,N,Theni,Veera Bhadran,DMDK,PWF+,0
Cumbum,N,Theni,Rama Chandran,TMC,PWF+,0
Rajapalayam,N,Virudhunagar,Guru Swamy.A,CPI,PWF+,0
Srivilliputhur,S,Virudhunagar,Lingam.Po,CPM,PWF+,0
Sattur,N,Virudhunagar,Rahu Raman,MDMK,PWF+,0
Sivakasi,N,Virudhunagar,Sudhagaran,DMDK,PWF+,0
Virudhunagar,N,Virudhunagar,Syed Kasha Sherif,DMDK,PWF+,0
Aruppukkottai,N,Virudhunagar,Senthil Kumar.S,CPM,PWF+,0
Tiruchuli,N,Virudhunagar,Raju,DMDK,PWF+,0
Paramakudi,S,Ramanathapuram,Irulan,VCK,PWF+,0
Tiruvadanai,N,Ramanathapuram,Mani Maran,DMDK,PWF+,0
Ramanathapuram,N,Ramanathapuram,Singai Jinna,DMDK,PWF+,0
Mudhukulathur,N,Ramanathapuram,Raj Kumar,MDMK,PWF+,0
Vilathikulam,N,Thoothukkudi,Kathir Vel.P,TMC,PWF+,0
Thoothukkudi,N,Thoothukkudi,Fatima Babu,MDMK,PWF+,0
Tiruchendur,N,Thoothukkudi,Senthil Kumar,DMDK,PWF+,0
Srivaikuntam,N,Thoothukkudi,Vijaya Seelan.S.T.R,TMC,PWF+,0
Ottapidaram,S,Thoothukkudi,Aarumuga Nainaar,DMDK,PWF+,0
Kovilpatti,N,Thoothukkudi,Ramesh,MDMK,PWF+,0
Sankarankovil,S,Tirunelveli,Sathin Thirumalai Kumar,MDMK,PWF+,0
Vasudevanallur,S,Tirunelveli,Samuthra Kani,CPM,PWF+,0
Kadayanallur,N,Tirunelveli,Kothai Mariappan,DMDK,PWF+,0
Tenkasi,N,Tirunelveli,Charles.S.T.S,TMC,PWF+,0
Alangulam,N,Tirunelveli,Rajendra Nathan,DMDK,PWF+,0
Tirunelveli,N,Tirunelveli,Mada Swamy,DMDK,PWF+,0
Ambasamudram,N,Tirunelveli,Karpagam.P,CPI,PWF+,0
Palayamkottai,N,Tirunelveli,Nizam,MDMK,PWF+,0
Nanguneri,N,Tirunelveli,Jaya Balan,DMDK,PWF+,0
Radhapuram,N,Tirunelveli,Sivananintha Perumal,DMDK,PWF+,0
Kanniyakumari,N,Kanniyakumari,Aathi Linga Perumal,DMDK,PWF+,0
Nagercoil,N,Kanniyakumari,Rani Celine,MDMK,PWF+,0
Kollachal,N,Kanniyakumari,Sampath Chandra,MDMK,PWF+,0
Padmanabhapuram,N,Kanniyakumari,Jagan Nathan,DMDK,PWF+,0
Vilavancode,N,Kanniyakumari,Chella Swamy.R,CPI,PWF+,0
Killiyoor,N,Kanniyakumari,Kumara Das,TMC,PWF+,0
Gummidipoondi,N,Thiruvallur,Selvaraj.M,PMK,PMK+,0
Ponneri,N,Thiruvallur,Pandiyan.T.A,PMK,PMK+,0
Tiruttani,N,Thiruvallur,Dr.Vaithiya Lingam.A,PMK,PMK+,0
Thiruvallur,N,Thiruvallur,Bala Yogi.V,PMK,PMK+,0
Poonamallee,S,Thiruvallur,Partha Sarathy.C,PMK,PMK+,0
Avadi,N,Thiruvallur,Anantha Krishnan.N,PMK,PMK+,0
Maduravoyal,N,Thiruvallur,Seenivasan.G,PMK,PMK+,0
Ambattur,N,Thiruvallur,Sekar.K.N,PMK,PMK+,0
Madavaram,N,Thiruvallur,Ravi Raj.K,PMK,PMK+,0
Thiruvottiyur,N,Thiruvallur,Vasantha Kumari.T,PMK,PMK+,0
Dr. Radhakrishnan Nagar,N,Chennai,Aakinesh.P,PMK,PMK+,0
Perambur,N,Chennai,Venkateshan Perumal.M,PMK,PMK+,0
Kolathur,N,Chennai,Gopal.S,PMK,PMK+,0
Villivakkam,N,Chennai,Subramanian.G.V,PMK,PMK+,0
Thiru-Vi-Ka-Nagar,S,Chennai,Vanitha Mani.T,PMK,PMK+,0
Egmore,S,Chennai,Rajendran.,PMK,PMK+,0
Royapuram,N,Chennai,Perumal.T.S,PMK,PMK+,0
Harbour,N,Chennai,Suresh Kumar.R,PMK,PMK+,0
Chepauk,N,Chennai,Kazali.A.V.AThiruvallikeni ,PMK,PMK+,0
Thousand Lights,N,Chennai,Ranganathan.V @ Rangan,PMK,PMK+,0
Anna Nagar,N,Chennai,Akilesh Arali Malli Chetty,PMK,PMK+,0
Virugampakkam,N,Chennai,Jaya Rao.C.H,PMK,PMK+,0
T-Nagar,N,Chennai,Shagadevan.T.R,PMK,PMK+,0
Saidapet,N,Chennai,Vinod.V,PMK,PMK+,0
Mylapore,N,Chennai,Suresh Kumar,PMK,PMK+,0
Velachery,N,Chennai,Vinobhava Bhoopathi.N,PMK,PMK+,0
Shozhinganallur,N,Kancheepuram,Ram Kumar.K,PMK,PMK+,0
Alandur,N,Kancheepuram,Srinivasan.R,PMK,PMK+,0
Sriperumbudur,S,Kancheepuram,Muthu Raman.C,PMK,PMK+,0
Pallavaram,N,Kancheepuram,Venkateshan.R,PMK,PMK+,0
Tambaram,N,Kancheepuram,Suresh.R,PMK,PMK+,0
Chengalpattu,N,Kancheepuram,Aarumugam.K,PMK,PMK+,0
Thiruporur,N,Kancheepuram,Vasu.P.V.K,PMK,PMK+,0
Cheyyur,S,Kancheepuram,Sadaiyappan,PMK,PMK+,0
Maduranthakam,S,Kancheepuram,Aathi Kesavan.A,PMK,PMK+,0
Uthiramerur,N,Kancheepuram,Gangadharan.Pon,PMK,PMK+,0
Kancheepuram,N,Kancheepuram,Mahesh Kumar.P,PMK,PMK+,0
Arakkonam,S,Vellore,Arputham.R,PMK,PMK+,0
Sholingur,N,Vellore,Saravanan.K,PMK,PMK+,0
Katpadi,N,Vellore,Shanmugam.S.D,PMK,PMK+,0
Ranipet,N,Vellore,Murali.K.K,PMK,PMK+,0
Arcot,N,Vellore,Karikalan.K,PMK,PMK+,0
Vellore,N,Vellore,Durai Lakshmi Narayanan,PMK,PMK+,0
Anaicut,N,Vellore,Ilavazhagan.K.L,PMK,PMK+,0
Kilvaithinankuppam,S,Vellore,Kusala Kumari.C,PMK,PMK+,0
Gudiyattam,S,Vellore,Dheeba.P,PMK,PMK+,0
Vaniyambadi,N,Vellore,Kirubakaran.R,PMK,PMK+,0
Ambur,N,Vellore,Ameen Batcha.M,PMK,PMK+,0
Jolarpet,N,Vellore,Ponnu Swamy.K,PMK,PMK+,0
Tiruppattur,N,Vellore,Raja.T.K,PMK,PMK+,0
Uthangarai,S,Krishnagiri,Anguthi.N,PMK,PMK+,0
Bargur,N,Krishnagiri,Kumar.A,PMK,PMK+,0
Krishnagiri,N,Krishnagiri,Kumar.S,PMK,PMK+,0
Veppanahalli,N,Krishnagiri,Tamil Selvi Varadharaj,PMK,PMK+,0
Hosur,N,Krishnagiri,Muniraj.P,PMK,PMK+,0
Thalli,N,Krishnagiri,Arun Raj,PMK,PMK+,0
Palacodu,N,Dharmapuri,Mannan,PMK,PMK+,0
Pennagaram,N,Dharmapuri,Anbu Mani Rama Das,PMK,PMK+,0
Dharmapuri,N,Dharmapuri,Dr.Senthil.R,PMK,PMK+,0
Pappireddippatti,N,Dharmapuri,Sathya Moorthy.A,PMK,PMK+,0
Harur,S,Dharmapuri,Murali.S,PMK,PMK+,0
Chengam,S,Tiruvannamalai,Murugan.C,PMK,PMK+,0
Tiruvannamalai,N,Tiruvannamalai,Pandiyan.Ela.,PMK,PMK+,0
Kilpennathur,N,Tiruvannamalai,Ethiroli Manian.K,PMK,PMK+,0
Kalasapakkam,N,Tiruvannamalai,Kali Das.R,PMK,PMK+,0
Polur,N,Tiruvannamalai,Velayutham.A,PMK,PMK+,0
Arani,N,Tiruvannamalai,Rajasekar.S,PMK,PMK+,0
Cheyyar,N,Tiruvannamalai,Seenivasan.S,PMK,PMK+,0
Vandavasi,S,Tiruvannamalai,Vadivel Ravanan,PMK,PMK+,0
Gingee,N,Villupuram,Ganesh Kumar.A,PMK,PMK+,0
Mailam,N,Villupuram,Raja Sekaran.V.R,PMK,PMK+,0
Tindivanam,S,Villupuram,Kalidas.A,PMK,PMK+,0
Vanur,S,Villupuram,Shankar.M.P,PMK,PMK+,0
Villupuram,N,Villupuram,Palani Vel.P,PMK,PMK+,0
Vikravandi,N,Villupuram,Anbhu Mani.C,PMK,PMK+,0
Tirukkoyilur,N,Villupuram,Shakthi.Bala,PMK,PMK+,0
Ulundurpet,N,Villupuram,Balu,PMK,PMK+,0
Rishivandiyam,N,Villupuram,Pandiyan.K.P,PMK,PMK+,0
Sankarapuram,N,Villupuram,Sivaraman.S,PMK,PMK+,0
Kallakurichi,S,Villupuram,Senthamil Selvi,PMK,PMK+,0
Gangavalli,S,Villupuram,Shanmuga Moorthy.A,PMK,PMK+,0
Attur,S,Salem,Amsa Veni.E,PMK,PMK+,0
Yercaud,S,Salem,Selvam.R,PMK,PMK+,0
Omalur,N,Salem,Tamilarasu.A,PMK,PMK+,0
Mettur,N,Salem,Mani.G.K,PMK,PMK+,0
Edappadi,N,Salem,Anna Durai.N,PMK,PMK+,0
Sankari,N,Salem,Kannan @ Kannayyan,PMK,PMK+,0
Salem (West),N,Salem,Arul.R,PMK,PMK+,0
Salem (North),N,Salem,Kathir. Raja Rathnam,PMK,PMK+,0
Salem (South),N,Salem,Kumar.K,PMK,PMK+,0
Veerapandi,N,Salem,Samraj.A.R.P,PMK,PMK+,0
Rasipuram,S,Namakkal,Pushpa Gandhi.J,PMK,PMK+,0
Senthamangalam,S,Namakkal,Susheela.S,PMK,PMK+,0
Namakkal,N,Namakkal,Durai Swamy.A,PMK,PMK+,0
Paramathi-Velur,N,Namakkal,Ramesh.P,PMK,PMK+,0
Tiruchengodu,N,Namakkal,Raja.S,PMK,PMK+,0
Kumarapalayam,N,Erode,Moorthy.,PMK,PMK+,0
Erode (East),N,Erode,Rajendran.P,PMK,PMK+,0
Erode (West),N,Erode,Aarumugam.P.V,PMK,PMK+,0
Modakkurichi,N,Erode,Nachi Muthu.C,PMK,PMK+,0
Dharapuram,S,Tiruppur,Madhavan.K,PMK,PMK+,0
Kangayam,N,Tiruppur,Karuppu Swamy.P,PMK,PMK+,0
Perundurai,N,Erode,Kumareshan.P,PMK,PMK+,0
Bhavani,N,Erode,Ramanathan.K.V,PMK,PMK+,0
Andhiyur,N,Tiruppur,Gopal.S.C.R,PMK,PMK+,0
Gobichettipalayam,N,Tiruppur,Guppu Swamy.P,PMK,PMK+,0
Bhavanisagar,S,Erode,Vadi Velu.N.R,PMK,PMK+,0
Udhagamandalam,N,Nilgiris,Paul Raj.M,PMK,PMK+,0
Gudalur,S,Nilgiris,Murugesh.R,PMK,PMK+,0
Coonoor,N,Nilgiris,Mahesh @ Mahendran.M,PMK,PMK+,0
Mettuppalayam,N,Coimbatore,Moorthy.K,PMK,PMK+,0
Avanashi,S,Tiruppur,Mari Muthu.K.K,PMK,PMK+,0
Tiruppur (North),N,Tiruppur,Subramanian.,PMK,PMK+,0
Tiruppur (South),N,Tiruppur,Manzoor.T.S,PMK,PMK+,0
Palladam,N,Tiruppur,Vadivelu.C,PMK,PMK+,0
Sulur,N,Coimbatore,Ganeshan.P.K,PMK,PMK+,0
Kavundampalayam,N,Coimbatore,Thangavel Pandiyan.A,PMK,PMK+,0
Coimbatore North,N,Coimbatore,Dr.Kamaraj Natesan.C,PMK,PMK+,0
Thondamuthur,N,Coimbatore,Jagan Nathan.V,PMK,PMK+,0
Singanallur,N,Coimbatore,Palani Swamy.K.I,PMK,PMK+,0
Coimbatore South,N,Coimbatore,Ashok Sri Nithi,PMK,PMK+,0
Kinathukkadavu,N,Coimbatore,Chinna Swamy.R,PMK,PMK+,0
Pollachi,N,Coimbatore,Kannappan.V.K,PMK,PMK+,0
Valparai,S,Coimbatore,Singara Velu.O,PMK,PMK+,0
Udumalpet,N,Tiruppur,Durai Swamy.P..,PMK,PMK+,0
Madathukulam,N,Tiruppur,Ravichandran.A,PMK,PMK+,0
Palani,N,Dindigul,Nagarajan.A.P,PMK,PMK+,0
Oddamchatram,N,Dindigul,Shanmugam.K,PMK,PMK+,0
Athoor,N,Dindigul,Nirmala @ Gnana Soundari,PMK,PMK+,0
Nilakkottai,S,Dindigul,Rama Moorthy.Na,PMK,PMK+,0
Natham,N,Dindigul,Seerangan.K,PMK,PMK+,0
Dindigul,N,Dindigul,Parasuraman.R,PMK,PMK+,0
Vedasandur,N,Dindigul,Palani Swamy.K.C,PMK,PMK+,0
Aravakurichi,N,Karur,Baskaran.M,PMK,PMK+,0
Karur,N,Karur,Murugeshan.M,PMK,PMK+,0
Krishnarajapuram,S,Karur,Pandiyan.M,PMK,PMK+,0
Kulithalai,N,Karur,Bala Subramanian.C,PMK,PMK+,0
Manapparai,N,Tiruchirappalli,Leema Siva Kumar.A,PMK,PMK+,0
Srirangam,N,Tiruchirappalli,Uma Maheshwari.S,PMK,PMK+,0
Tiruchirappalli (West),N,Tiruchirappalli,Uma Nath.K,PMK,PMK+,0
Tiruchirappalli (East),N,Tiruchirappalli,Sridhar.P,PMK,PMK+,0
Thiruverumbur,N,Tiruchirappalli,Dleep Kumar.P.K,PMK,PMK+,0
Lalgudi,N,Tiruchirappalli,Uma Maheshwaran.R,PMK,PMK+,0
Manachanallur,N,Tiruchirappalli,Prince.M,PMK,PMK+,0
Musiri,N,Tiruchirappalli,Manoharan.P,PMK,PMK+,0
Thuraiyur,S,Tiruchirappalli,Kanaga.A,PMK,PMK+,0
Perambalur,S,Perambalur,Sathya Seelan.M,PMK,PMK+,0
Kunnam,N,Perambalur,Vaithiya Lingam.K,PMK,PMK+,0
Ariyalur,N,Ariyalur,Thirumavazhavan.K,PMK,PMK+,0
Jayankondam,N,Ariyalur,Guru.J,PMK,PMK+,0
Tittakudi,S,Cuddalore,Arjunan.E,PMK,PMK+,0
Vridhachalam,N,Cuddalore,Dr.Tamilarasi,PMK,PMK+,0
Neyveli,N,Cuddalore,Jagan.Ko,PMK,PMK+,0
Panruti,N,Cuddalore,Dharmalingam.A,PMK,PMK+,0
Cuddalore,N,Cuddalore,Thamarai Kannan.PL.,PMK,PMK+,0
Kurinjipadi,N,Cuddalore,Muthu Krishnan.Sun.,PMK,PMK+,0
Bhuvanagiri,N,Cuddalore,Ashok Kumar.T,PMK,PMK+,0
Chidambaram,N,Cuddalore,Arul.Era,PMK,PMK+,0
Kattumannarkoil,S,Cuddalore,Dr.Anbu Cholan,PMK,PMK+,0
Sirkazhi,S,Nagapattinam,Ponn Muthu Kumar,PMK,PMK+,0
Mayuram,N,Nagapattinam,Ayyappan.S.A,PMK,PMK+,0
Poompuhar,N,Nagapattinam,Anbazhagan.R,PMK,PMK+,0
Nagapattinam,N,Nagapattinam,Paul Raj.A,PMK,PMK+,0
Kilvelur,S,Nagapattinam,Vanitha.A,PMK,PMK+,0
Vedaranyam,N,Nagapattinam,Usha Kannan.K,PMK,PMK+,0
Thiruthuraipoondi,S,Thiruvarur,Raja Mohan,PMK,PMK+,0
Mannargudi,N,Thiruvarur,Bala Subramanian.S,PMK,PMK+,0
Thiruvarur,N,Thiruvarur,Sivakumar.R,PMK,PMK+,0
Nannilam,N,Thiruvarur,Elavarasan.E,PMK,PMK+,0
Thiruvidaimarudur,S,Thanjavur,Madhaiyan.S.R,PMK,PMK+,0
Kumbakonam,N,Thanjavur,Venkata Raman.K.R,PMK,PMK+,0
Papanasam,N,Thanjavur,Alaya Mani.K,PMK,PMK+,0
Thiruvaiyaru,N,Thanjavur,Kanaga Raj.Simion.R,PMK,PMK+,0
Thanjavur,N,Thanjavur,Kunjitha Patham.G,PMK,PMK+,0
Orathanadu,N,Thanjavur,Saravana Ayyappan.M,PMK,PMK+,0
Pattukkottai,N,Thanjavur,Lakshmi Balu,PMK,PMK+,0
Peravurani,N,Thanjavur,Kalai Venthan.K,PMK,PMK+,0
Gandharvakottai,S,Pudukkottai,Palani Manikkam.M,PMK,PMK+,0
Viralimalai,N,Pudukkottai,Kanaga Raj.K,PMK,PMK+,0
Pudukkottai,N,Pudukkottai,Vellai Swamy.C,PMK,PMK+,0
Thirumaiyam,N,Pudukkottai,Suresh.A,PMK,PMK+,0
Alangudi,N,Pudukkottai,Dr.Arul Mani.S.,PMK,PMK+,0
Aranthangi,N,Pudukkottai,Selvam.K,PMK,PMK+,0
Karaikudi,N,Sivaganga,Durai Pandi.P.R,PMK,PMK+,0
Tirupathur,N,Sivaganga,Alagappan.PL.,PMK,PMK+,0
Sivaganga,N,Sivaganga,Raja Sekaran.,PMK,PMK+,0
Manamadurai,S,Sivaganga,Malai Swamy.R,PMK,PMK+,0
Melur,N,Madurai,Abdhul Salam.A.K,PMK,PMK+,0
Madurai East,N,Madurai,Alaghu Raja.R,PMK,PMK+,0
Sholavandan,S,Madurai,Muthaiah,PMK,PMK+,0
Madurai North,N,Madurai,Asai Kumar.A.R,PMK,PMK+,0
Madurai South,N,Madurai,Mari Chelvam.C,PMK,PMK+,0
Madurai Central,N,Madurai,Selvam.P,PMK,PMK+,0
Madurai West,N,Madurai,Krishna Kumar.P,PMK,PMK+,0
Thirupparankundram,N,Madurai,Bala Murugan.S,PMK,PMK+,0
Thirumangalam,N,Madurai,Kannaiah.T,PMK,PMK+,0
Usilampatti,N,Madurai,Murugan.T,PMK,PMK+,0
Andipatti,N,Theni,Ravi .K,PMK,PMK+,0
Periyakulam,S,Theni,Vaigaui Kannan.R,PMK,PMK+,0
Bodinayakkanur,N,Theni,Ramakrishnan.A,PMK,PMK+,0
Cumbum,N,Theni,Pon Katchi Kannan,PMK,PMK+,0
Rajapalayam,N,Virudhunagar,Lakshmanan.P,PMK,PMK+,0
Srivilliputhur,S,Virudhunagar,Vellai Swamy.V,PMK,PMK+,0
Sattur,N,Virudhunagar,Bala Krishnan.M,PMK,PMK+,0
Sivakasi,N,Virudhunagar,Thilaga Bhama,PMK,PMK+,0
Virudhunagar,N,Virudhunagar,Ganesha Perumal.P,PMK,PMK+,0
Aruppukkottai,N,Virudhunagar,Aravindha Perumal.T,PMK,PMK+,0
Tiruchuli,N,Virudhunagar,Munia Swamy.R,PMK,PMK+,0
Paramakudi,S,Ramanathapuram,Thangaraj.R,PMK,PMK+,0
Tiruvadanai,N,Ramanathapuram,Pandi.V,PMK,PMK+,0
Ramanathapuram,N,Ramanathapuram,Abdhul Ladeep.A,PMK,PMK+,0
Mudhukulathur,N,Ramanathapuram,Irulandi.R,PMK,PMK+,0
Vilathikulam,N,Thoothukkudi,Seenivasa Ramanujam.K,PMK,PMK+,0
Thoothukkudi,N,Thoothukkudi,Chinna Durai,PMK,PMK+,0
Tiruchendur,N,Thoothukkudi,Kumara Kurubara Aathithan,PMK,PMK+,0
Srivaikuntam,N,Thoothukkudi,Linga Raj.J,PMK,PMK+,0
Ottapidaram,S,Thoothukkudi,Muruga Perumal.R,PMK,PMK+,0
Kovilpatti,N,Thoothukkudi,Ramachandran.G,PMK,PMK+,0
Sankarankovil,S,Tirunelveli,Suresh Kumar.S,PMK,PMK+,0
Vasudevanallur,S,Tirunelveli,Kasi Pandiyan.K,PMK,PMK+,0
Kadayanallur,N,Tirunelveli,Thirumalai Kumara Swamy,PMK,PMK+,0
Tenkasi,N,Tirunelveli,Sita Raman.P,PMK,PMK+,0
Alangulam,N,Tirunelveli,Gunasekaran.P,PMK,PMK+,0
Tirunelveli,N,Tirunelveli,Ganeshan Kannan,PMK,PMK+,0
Ambasamudram,N,Tirunelveli,Anbazhagan.R,PMK,PMK+,0
Palayamkottai,N,Tirunelveli,Nisthar Ali.S,PMK,PMK+,0
Nanguneri,N,Tirunelveli,Thirupathi.S,PMK,PMK+,0
Radhapuram,N,Tirunelveli,Guru Nathan.S,PMK,PMK+,0
Kanniyakumari,N,Kanniyakumari,Hilman Purush Edwin.S,PMK,PMK+,0
Nagercoil,N,Kanniyakumari,George.M,PMK,PMK+,0
Kollachal,N,Kanniyakumari,Alexander Rajkumar,PMK,PMK+,0
Padmanabhapuram,N,Kanniyakumari,Dr.Saju.V,PMK,PMK+,0
Vilavancode,N,Kanniyakumari,Hariharan.R,PMK,PMK+,0
Killiyoor,N,Kanniyakumari,Alexander.C,PMK,PMK+,0
Gummidipoondi,N,Thiruvallur,Baskar .M.,BJP,BJP+,0
Ponneri,N,Thiruvallur,Ganeshan.K,BJP,BJP+,0
Tiruttani,N,Thiruvallur,Chakkaravarthy.M,BJP,BJP+,0
Thiruvallur,N,Thiruvallur,Janaki Raman.,BJP,BJP+,0
Poonamallee,S,Thiruvallur,Amarnath,BJP,BJP+,0
Avadi,N,Thiruvallur,Loganathan.J,BJP,BJP+,0
Maduravoyal,N,Thiruvallur,Aanantha Priya,IJK,BJP+,0
Ambattur,N,Thiruvallur,Devaraj,IMKMK,BJP+,0
Madavaram,N,Thiruvallur,Janaki Raman.RMR.,BJP,BJP+,0
Thiruvottiyur,N,Thiruvallur,Sivakumar.M,BJP,BJP+,0
Dr. Radhakrishnan Nagar,N,Chennai,Raja..M.N,BJP,BJP+,0
Perambur,N,Chennai,Prakash,BJP,BJP+,0
Kolathur,N,Chennai,Raghavan.K.T,BJP,BJP+,0
Villivakkam,N,Chennai,Jai Shankar.M,BJP,BJP+,0
Thiru-Vi-Ka-Nagar,S,Chennai,Chandra Sekar,IJK,BJP+,0
Egmore,S,Chennai,Venkatesan.M,BJP,BJP+,0
Royapuram,N,Chennai,Dr.Jameela,BJP,BJP+,0
Harbour,N,Chennai,Krishna Kumar Nathani,BJP,BJP+,0
Chepauk,N,Chennai,Thamarai Gajendran,BJP,BJP+,0
Thousand Lights,N,Chennai,Siva Lingam,BJP,BJP+,0
Anna Nagar,N,Chennai,Suresh Karuna,BJP,BJP+,0
Virugampakkam,N,Chennai,Dr.Tamilisai Soundara Rajan,BJP,BJP+,0
T-Nagar,N,Chennai,Kali Das,BJP,BJP+,0
Saidapet,N,Chennai,Raja.H,BJP,BJP+,0
Mylapore,N,Chennai,Karu Nagarajan,BJP,BJP+,0
Velachery,N,Chennai,Dolphin Sridhar,BJP,BJP+,0
Shozhinganallur,N,Kancheepuram,Seetha Lakshmi,IMKMK,BJP+,0
Alandur,N,Kancheepuram,Sathya Narayanan.D.R,BJP,BJP+,0
Sriperumbudur,S,Kancheepuram,Manoharan,BJP,BJP+,0
Pallavaram,N,Kancheepuram,Dr.Gopi Ayya Swamy,BJP,BJP+,0
Tambaram,N,Kancheepuram,Vetha Subramanaian,BJP,BJP+,0
Chengalpattu,N,Kancheepuram,Muthamizh Selvan,IJK,BJP+,0
Thiruporur,N,Kancheepuram,Rengaswamy.V.G,BJP,BJP+,0
Cheyyur,S,Kancheepuram,Sambath Raj.P,BJP,BJP+,0
Maduranthakam,S,Kancheepuram,Vinayaga Moorthy,IJK,BJP+,0
Uthiramerur,N,Kancheepuram,Purushothaman,IMKMK,BJP+,0
Kancheepuram,N,Kancheepuram,Vasan,BJP,BJP+,0
Arakkonam,S,Vellore,Vijayan.C,BJP,BJP+,0
Sholingur,N,Vellore,Gokul,IMKMK,BJP+,0
Katpadi,N,Vellore,Murugan,IJK,BJP+,0
Ranipet,N,Vellore,Nagaraj.V,BJP,BJP+,0
Arcot,N,Vellore,Arul Raman,IMKMK,BJP+,0
Vellore,N,Vellore,Elangovan.S,BJP,BJP+,0
Anaicut,N,Vellore,Vijaya Kumar,IMKMK,BJP+,0
Kilvaithinankuppam,S,Vellore,Vimala Rama Chandran,BJP,BJP+,0
Gudiyattam,S,Vellore,Ganeshan.,IJK,BJP+,0
Vaniyambadi,N,Vellore,Venkateshan.G,BJP,BJP+,0
Ambur,N,Vellore,Venkateshan.KO,BJP,BJP+,0
Jolarpet,N,Vellore,Oviyar Ranjan,IMKMK,BJP+,0
Tiruppattur,N,Vellore,Govindha Rajan,BJP,BJP+,0
Uthangarai,S,Krishnagiri,Pandu.S.A,BJP,BJP+,0
Bargur,N,Krishnagiri,Mani Vannan,IMKMK,BJP+,0
Krishnagiri,N,Krishnagiri,Arun Gowtham,IJK,BJP+,0
Veppanahalli,N,Krishnagiri,Prema Nathan,BJP,BJP+,0
Hosur,N,Krishnagiri,Bala Krishnan.G,BJP,BJP+,0
Thalli,N,Krishnagiri,Rama Chandran.B,BJP,BJP+,0
Palacodu,N,Dharmapuri,Najjappan,IJK,BJP+,0
Pennagaram,N,Dharmapuri,Kanda Swamy.K.P,BJP,BJP+,0
Dharmapuri,N,Dharmapuri,Aarumugam,BJP,BJP+,0
Pappireddippatti,N,Dharmapuri,Sundara Moorthy,IJK,BJP+,0
Harur,S,Dharmapuri,Vediappan,BJP,BJP+,0
Chengam,S,Tiruvannamalai,Ujkakar Singh,IMKMK,BJP+,0
Tiruvannamalai,N,Tiruvannamalai,Venkatajalapathi,IMKMK,BJP+,0
Kilpennathur,N,Tiruvannamalai,Subhu Rayan,IMKMK,BJP+,0
Kalasapakkam,N,Tiruvannamalai,Muruga Das,IJK,BJP+,0
Polur,N,Tiruvannamalai,Tamilarasi Devadhas,BJP,BJP+,0
Arani,N,Tiruvannamalai,Gopi.P,BJP,BJP+,0
Cheyyar,N,Tiruvannamalai,Baskaran.B,BJP,BJP+,0
Vandavasi,S,Tiruvannamalai,Sudha,IJK,BJP+,0
Gingee,N,Villupuram,Rajendran.M.S,BJP,BJP+,0
Mailam,N,Villupuram,Rama Devi,IJK,BJP+,0
Tindivanam,S,Villupuram,Poovazhagi,BJP,BJP+,0
Vanur,S,Villupuram,Dr. Thiru Selva Kumar,BJP,BJP+,0
Villupuram,N,Villupuram,Jaya Kumar.R,BJP,BJP+,0
Vikravandi,N,Villupuram,Aathavan.R.S,BJP,BJP+,0
Tirukkoyilur,N,Villupuram,Thanda Pani,IMKMK,BJP+,0
Ulundurpet,N,Villupuram,Rajendran,IJK,BJP+,0
Rishivandiyam,N,Villupuram,Senthil Kumar,IJK,BJP+,0
Sankarapuram,N,Villupuram,Sarathy,IJK,BJP+,0
Kallakurichi,S,Villupuram,Ilaya Perumal,IJK,BJP+,0
Gangavalli,S,Villupuram,Siwakami Paramasivam,BJP,BJP+,0
Attur,S,Salem,Chella Durai,IJK,BJP+,0
Yercaud,S,Salem,Ponn. Raja,BJP,BJP+,0
Omalur,N,Salem,Govindharaj,IJK,BJP+,0
Mettur,N,Salem,Bala Subramanian,BJP,BJP+,0
Edappadi,N,Salem,Venkateshan,IJK,BJP+,0
Sankari,N,Salem,Murugeshan.AC,BJP,BJP+,0
Salem (West),N,Salem,Hariharan ,IJK,BJP+,0
Salem (North),N,Salem,Gopinath,BJP,BJP+,0
Salem (South),N,Salem,Anna Durai,BJP,BJP+,0
Veerapandi,N,Salem,Mohan Kumar,IJK,BJP+,0
Rasipuram,S,Namakkal,Guppu Swamy,BJP,BJP+,0
Senthamangalam,S,Namakkal,Mani Gandan,IJK,BJP+,0
Namakkal,N,Namakkal,Rajendran,IMKMK,BJP+,0
Paramathi-Velur,N,Namakkal,Raj Gownder @ Rajkumar,BJP,BJP+,0
Tiruchengodu,N,Namakkal,Nagarajan,BJP,BJP+,0
Kumarapalayam,N,Erode,Easwaran.K,BJP,BJP+,0
Erode (East),N,Erode,Rajesh Kumar.P,BJP,BJP+,0
Erode (West),N,Erode,Palani Chamy.N.P,BJP,BJP+,0
Modakkurichi,N,Erode,Krishna Kumar ,BJP,BJP+,0
Dharapuram,S,Tiruppur,Shanmugam.N,BJP,BJP+,0
Kangayam,N,Tiruppur,Usha Devi,BJP,BJP+,0
Perundurai,N,Erode,Chandra Sekar,BJP,BJP+,0
Bhavani,N,Erode,Sidhi Vinayagam,BJP,BJP+,0
Andhiyur,N,Tiruppur,Mohan Kumar.P.G,BJP,BJP+,0
Gobichettipalayam,N,Tiruppur,Ganapathi.K,BJP,BJP+,0
Bhavanisagar,S,Erode,Palani Swamy.N.R,BJP,BJP+,0
Udhagamandalam,N,Nilgiris,Raman.J,BJP,BJP+,0
Gudalur,S,Nilgiris,Anbu @ Anbarasan,BJP,BJP+,0
Coonoor,N,Nilgiris,Kumaran.B,BJP,BJP+,0
Mettuppalayam,N,Coimbatore,Jagannathan.VP,BJP,BJP+,0
Avanashi,S,Tiruppur,Perumal.C,BJP,BJP+,0
Tiruppur (North),N,Tiruppur,Chinna Swamy,BJP,BJP+,0
Tiruppur (South),N,Tiruppur,Point Mani,BJP,BJP+,0
Palladam,N,Tiruppur,Thangaraj,BJP,BJP+,0
Sulur,N,Coimbatore,Mohan Manthra Chalam,BJP,BJP+,0
Kavundampalayam,N,Coimbatore,Nandha Kumar.R,BJP,BJP+,0
Coimbatore North,N,Coimbatore,Kannan @ Devaraj.S,BJP,BJP+,0
Thondamuthur,N,Coimbatore,Karu Muthu Thiagarajan,BJP,BJP+,0
Singanallur,N,Coimbatore,Vanitha Seenivasan,BJP,BJP+,0
Coimbatore South,N,Coimbatore,Nandha Kumar.C.R,BJP,BJP+,0
Kinathukkadavu,N,Coimbatore,Muthu Rama Lingam,BJP,BJP+,0
Pollachi,N,Coimbatore,Sivakumar,BJP,BJP+,0
Valparai,S,Coimbatore,Murugeshan.P,BJP,BJP+,0
Udumalpet,N,Tiruppur,Kantha Swamy.U.K.P.N.,BJP,BJP+,0
Madathukulam,N,Tiruppur,Muthu Kumar,IMKMK,BJP+,0
Palani,N,Dindigul,Kanaga Raj.M.R,BJP,BJP+,0
Oddamchatram,N,Dindigul,Palani Swamy.S.K,BJP,BJP+,0
Athoor,N,Dindigul,Elanchezhian.S.P,BJP,BJP+,0
Nilakkottai,S,Dindigul,Alaghu Mani,BJP,BJP+,0
Natham,N,Dindigul,Shanthana Krishnan,IJK,BJP+,0
Dindigul,N,Dindigul,Thirumalai Balaji,BJP,BJP+,0
Vedasandur,N,Dindigul,Shiva Ranjani,IJK,BJP+,0
Aravakurichi,N,Karur,Prabhu,IJK,BJP+,0
Karur,N,Karur,Siva Swamy.K.,BJP,BJP+,0
Krishnarajapuram,S,Karur,Naveen Kumar.P,BJP,BJP+,0
Kulithalai,N,Karur,Sathakkathulla.N.K.N,AIMMK,BJP+,0
Manapparai,N,Tiruchirappalli,Senthil Deepak,BJP,BJP+,0
Srirangam,N,Tiruchirappalli,Rajesh Kumar.A,BJP,BJP+,0
Tiruchirappalli (West),N,Tiruchirappalli,Satheesh Kumar,IJK,BJP+,0
Tiruchirappalli (East),N,Tiruchirappalli,Rajaiyyan.T.,BJP,BJP+,0
Thiruverumbur,N,Tiruchirappalli,Chitti Babu,BJP,BJP+,0
Lalgudi,N,Tiruchirappalli,Selva Kumar,IJK,BJP+,0
Manachanallur,N,Tiruchirappalli,Sethu Aravind.S,BJP,BJP+,0
Musiri,N,Tiruchirappalli,Raya Durai,IJK,BJP+,0
Thuraiyur,S,Tiruchirappalli,Aananthan,IJK,BJP+,0
Perambalur,S,Perambalur,Kaliya Perumal,BJP,BJP+,0
Kunnam,N,Perambalur,Raghupathi,IJK,BJP+,0
Ariyalur,N,Ariyalur,Baskar,IJK,BJP+,0
Jayankondam,N,Ariyalur,Krishna Moorthy.S,BJP,BJP+,0
Tittakudi,S,Cuddalore,Kalai Arasan,IJK,BJP+,0
Vridhachalam,N,Cuddalore,Chella Durai,IJK,BJP+,0
Neyveli,N,Cuddalore,Chandran,IJK,BJP+,0
Panruti,N,Cuddalore,Saravanan,IMKMK,BJP+,0
Cuddalore,N,Cuddalore,Selvam.P,BJP,BJP+,0
Kurinjipadi,N,Cuddalore,Sakthi Ganapathy,BJP,BJP+,0
Bhuvanagiri,N,Cuddalore,Muthu ,IMKMK,BJP+,0
Chidambaram,N,Cuddalore,Mani Maran.G,BJP,BJP+,0
Kattumannarkoil,S,Cuddalore,Dr.Saravanan.SP.,BJP,BJP+,0
Sirkazhi,S,Nagapattinam,Elavazhagan.M.R.S,BJP,BJP+,0
Mayuram,N,Nagapattinam,Muthu Kumar.C,BJP,BJP+,0
Poompuhar,N,Nagapattinam,Selva Muthu Kumaran,IJK,BJP+,0
Nagapattinam,N,Nagapattinam,Nethaji,BJP,BJP+,0
Kilvelur,S,Nagapattinam,Gunasekaran.,IMKMK,BJP+,0
Vedaranyam,N,Nagapattinam,Vedha Rathnam,BJP,BJP+,0
Thiruthuraipoondi,S,Thiruvarur,Uthaya Kumar,BJP,BJP+,0
Mannargudi,N,Thiruvarur,Siva Kumar @ Pettai Siva,BJP,BJP+,0
Thiruvarur,N,Thiruvarur,Ranga Das.N,BJP,BJP+,0
Nannilam,N,Thiruvarur,Saravanan,IJK,BJP+,0
Thiruvidaimarudur,S,Thanjavur,Vasudhevan.S,BJP,BJP+,0
Kumbakonam,N,Thanjavur,Annamalai.PL.,BJP,BJP+,0
Papanasam,N,Thanjavur,Gunasekaran.T,BJP,BJP+,0
Thiruvaiyaru,N,Thanjavur,Seviyar Raj,IJK,BJP+,0
Thanjavur,N,Thanjavur,Rama Lingam.MS,BJP,BJP+,0
Orathanadu,N,Thanjavur,Kesavan,IMKMK,BJP+,0
Pattukkottai,N,Thanjavur,Karuppu Muruganantham,BJP,BJP+,0
Peravurani,N,Thanjavur,Elango.R,BJP,BJP+,0
Gandharvakottai,S,Pudukkottai,Puratchi Kavi Dhasan,BJP,BJP+,0
Viralimalai,N,Pudukkottai,Muthu Kumar,IJK,BJP+,0
Pudukkottai,N,Pudukkottai,Kumar,IJK,BJP+,0
Thirumaiyam,N,Pudukkottai,Vadamalai.B,BJP,BJP+,0
Alangudi,N,Pudukkottai,Saravanan,IJK,BJP+,0
Aranthangi,N,Pudukkottai,Gemini Ganeshan,IJK,BJP+,0
Karaikudi,N,Sivaganga,Muthu Lakshmi,BJP,BJP+,0
Tirupathur,N,Sivaganga,Antony Lawrance,IJK,BJP+,0
Sivaganga,N,Sivaganga,Kulanthai Swamy,IJK,BJP+,0
Manamadurai,S,Sivaganga,Rajendran.M.,BJP,BJP+,0
Melur,N,Madurai,Boopathi Kakan.P.V,BJP,BJP+,0
Madurai East,N,Madurai,Susheendran.M.,BJP,BJP+,0
Sholavandan,S,Madurai,Palani Vel Swamy.S.,BJP,BJP+,0
Madurai North,N,Madurai,Aananth,IJK,BJP+,0
Madurai South,N,Madurai,Maha Lakshmi.AR,BJP,BJP+,0
Madurai Central,N,Madurai,Karthik Prabhu,BJP,BJP+,0
Madurai West,N,Madurai,Sashi Kumar.A,BJP,BJP+,0
Thirupparankundram,N,Madurai,Aarumugam Pillai,BJP,BJP+,0
Thirumangalam,N,Madurai,Rama Moorthy.VR.,BJP,BJP+,0
Usilampatti,N,Madurai,Sangili.M,BJP,BJP+,0
Andipatti,N,Theni,Sakkaravarthy.S.R,BJP,BJP+,0
Periyakulam,S,Theni,Chellam.K,BJP,BJP+,0
Bodinayakkanur,N,Theni,Venkateshwaran.V.,BJP,BJP+,0
Cumbum,N,Theni,Prabhaharan,BJP,BJP+,0
Rajapalayam,N,Virudhunagar,Rama Chandra Raja,BJP,BJP+,0
Srivilliputhur,S,Virudhunagar,Rama Swamy,BJP,BJP+,0
Sattur,N,Virudhunagar,Gnana Pandithan.P,BJP,BJP+,0
Sivakasi,N,Virudhunagar,Partha Sarathy.G,BJP,BJP+,0
Virudhunagar,N,Virudhunagar,Kamatchi.C,BJP,BJP+,0
Aruppukkottai,N,Virudhunagar,Vetri Vel.R,BJP,BJP+,0
Tiruchuli,N,Virudhunagar,Bala Ravi Rajan,BJP,BJP+,0
Paramakudi,S,Ramanathapuram,Bala Ganapathy.Ponn,BJP,BJP+,0
Tiruvadanai,N,Ramanathapuram,Devanathan,IMKMK,BJP+,0
Ramanathapuram,N,Ramanathapuram,Durai Kannan,BJP,BJP+,0
Mudhukulathur,N,Ramanathapuram,Arasa Kumar.P.T,BJP,BJP+,0
Vilathikulam,N,Thoothukkudi,Rama Moorthy.P,BJP,BJP+,0
Thoothukkudi,N,Thoothukkudi,Kanaga Raj.MR.,BJP,BJP+,0
Tiruchendur,N,Thoothukkudi,Jaya Raman,BJP,BJP+,0
Srivaikuntam,N,Thoothukkudi,Selva Raj,BJP,BJP+,0
Ottapidaram,S,Thoothukkudi,Chandhana Kumar.A,BJP,BJP+,0
Kovilpatti,N,Thoothukkudi,Subhu Raj,IJK,BJP+,0
Sankarankovil,S,Tirunelveli,Gunasekaran,IMKMK,BJP+,0
Vasudevanallur,S,Tirunelveli,Raj Kumar,BJP,BJP+,0
Kadayanallur,N,Tirunelveli,Kathir Vel,BJP,BJP+,0
Tenkasi,N,Tirunelveli,Selvi.B,BJP,BJP+,0
Alangulam,N,Tirunelveli,Anbhu Raj.S.V,BJP,BJP+,0
Tirunelveli,N,Tirunelveli,Maha Rajan.A,BJP,BJP+,0
Ambasamudram,N,Tirunelveli,Sashi Kala Murugeshan,IMKMK,BJP+,0
Palayamkottai,N,Tirunelveli,Nirmal Singh,IMKMK,BJP+,0
Nanguneri,N,Tirunelveli,Mani Gandan,IMKMK,BJP+,0
Radhapuram,N,Tirunelveli,Kani Amutha,BJP,BJP+,0
Kanniyakumari,N,Kanniyakumari,Meena Devi.M.,BJP,BJP+,0
Nagercoil,N,Kanniyakumari,Gandhi.MR.,BJP,BJP+,0
Kollachal,N,Kanniyakumari,Raj Kumar Ramesh,BJP,BJP+,0
Padmanabhapuram,N,Kanniyakumari,Shreeba Prasad.S,BJP,BJP+,0
Vilavancode,N,Kanniyakumari,Dharmaraj.C,BJP,BJP+,0
Killiyoor,N,Kanniyakumari,Vijaya Ragavan.Ponn,BJP,BJP+,0
Gummidipoondi,N,Thiruvallur,Suresh.S,NTK,NTK+,0
Ponneri,N,Thiruvallur,Vinod Babu.S,NTK,NTK+,0
Tiruttani,N,Thiruvallur,Prabhu,NTK,NTK+,0
Thiruvallur,N,Thiruvallur,Senthil Kumar.K,NTK,NTK+,0
Poonamallee,S,Thiruvallur,Ponnarasu.K,NTK,NTK+,0
Avadi,N,Thiruvallur,Nalla Thambi.C,NTK,NTK+,0
Maduravoyal,N,Thiruvallur,Vasu.M,NTK,NTK+,0
Ambattur,N,Thiruvallur,Anbu Thennarasu,NTK,NTK+,0
Madavaram,N,Thiruvallur,Elumalai.R,NTK,NTK+,0
Thiruvottiyur,N,Thiruvallur,Gokula Krishnan.R,NTK,NTK+,0
Dr. Radhakrishnan Nagar,N,Chennai,Devi,NTK,NTK+,0
Perambur,N,Chennai,Vetri Tamilan.C,NTK,NTK+,0
Kolathur,N,Chennai,Seviar Felix,NTK,NTK+,0
Villivakkam,N,Chennai,Vagai Venthan.A,NTK,NTK+,0
Thiru-Vi-Ka-Nagar,S,Chennai,Gowri,NTK,NTK+,0
Egmore,S,Chennai,Jaya Lakshmi,NTK,NTK+,0
Royapuram,N,Chennai,Aanand Raj.P,NTK,NTK+,0
Harbour,N,Chennai,Anwar,NTK,NTK+,0
Chepauk,N,Chennai,Siva Kumar.P,NTK,NTK+,0
Thousand Lights,N,Chennai,Murugeshan,NTK,NTK+,0
Anna Nagar,N,Chennai,Amutha Nambi,NTK,NTK+,0
Virugampakkam,N,Chennai,Rajendran.S,NTK,NTK+,0
T-Nagar,N,Chennai,Manoharan,NTK,NTK+,0
Saidapet,N,Chennai,Padmanabhan.K,NTK,NTK+,0
Mylapore,N,Chennai,Ramji,NTK,NTK+,0
Velachery,N,Chennai,Chandra Sekaran,NTK,NTK+,0
Shozhinganallur,N,Kancheepuram,Rajan.C,NTK,NTK+,0
Alandur,N,Kancheepuram,Dhananjayan.R,NTK,NTK+,0
Sriperumbudur,S,Kancheepuram,Sivaranjani.P,NTK,NTK+,0
Pallavaram,N,Kancheepuram,Seenivasa Kumar,NTK,NTK+,0
Tambaram,N,Kancheepuram,Naganathan.V.P,NTK,NTK+,0
Chengalpattu,N,Kancheepuram,Sanjeevi Nathan,NTK,NTK+,0
Thiruporur,N,Kancheepuram,Ellalan Yusuff,NTK,NTK+,0
Cheyyur,S,Kancheepuram,Dhasarathan.A,NTK,NTK+,0
Maduranthakam,S,Kancheepuram,Vetri Selvam,NTK,NTK+,0
Uthiramerur,N,Kancheepuram,Susai Raj,NTK,NTK+,0
Kancheepuram,N,Kancheepuram,Usha,NTK,NTK+,0
Arakkonam,S,Vellore,Saravanan.M,NTK,NTK+,0
Sholingur,N,Vellore,Senthil Kumar,NTK,NTK+,0
Katpadi,N,Vellore,Puviyarasan.L.,NTK,NTK+,0
Ranipet,N,Vellore,Navash Khan,NTK,NTK+,0
Arcot,N,Vellore,Aarumugam.V,NTK,NTK+,0
Vellore,N,Vellore,Mani Gandan,NTK,NTK+,0
Anaicut,N,Vellore,Sivaraj @ Siva,NTK,NTK+,0
Kilvaithinankuppam,S,Vellore,Archana.Nila,NTK,NTK+,0
Gudiyattam,S,Vellore,Vel @ Raj Kumar,NTK,NTK+,0
Vaniyambadi,N,Vellore,Kalliloor Rahman,NTK,NTK+,0
Ambur,N,Vellore,Kalai Kamaraj,NTK,NTK+,0
Jolarpet,N,Vellore,Then Mozhi,NTK,NTK+,0
Tiruppattur,N,Vellore,Gunasekaran,NTK,NTK+,0
Uthangarai,S,Krishnagiri,Venkateshan,NTK,NTK+,0
Bargur,N,Krishnagiri,Easwaran,NTK,NTK+,0
Krishnagiri,N,Krishnagiri,Parthibhan Ponn,NTK,NTK+,0
Veppanahalli,N,Krishnagiri,Ilan Tamilan,NTK,NTK+,0
Hosur,N,Krishnagiri,Alex Esthar,NTK,NTK+,0
Thalli,N,Krishnagiri,Tamil Selvan,NTK,NTK+,0
Palacodu,N,Dharmapuri,Venkatesan,NTK,NTK+,0
Pennagaram,N,Dharmapuri,Siva Kumar.,NTK,NTK+,0
Dharmapuri,N,Dharmapuri,Rukku Mani Devi.R,NTK,NTK+,0
Pappireddippatti,N,Dharmapuri,Mooventhan,NTK,NTK+,0
Harur,S,Dharmapuri,Ramesh,NTK,NTK+,0
Chengam,S,Tiruvannamalai,Venilla,NTK,NTK+,0
Tiruvannamalai,N,Tiruvannamalai,Kamala Kannan,NTK,NTK+,0
Kilpennathur,N,Tiruvannamalai,Ramesh Babu.R,NTK,NTK+,0
Kalasapakkam,N,Tiruvannamalai,Balaji,NTK,NTK+,0
Polur,N,Tiruvannamalai,Kanthan,NTK,NTK+,0
Arani,N,Tiruvannamalai,Mohan Raj,NTK,NTK+,0
Cheyyar,N,Tiruvannamalai,Rajesh,NTK,NTK+,0
Vandavasi,S,Tiruvannamalai,Neela Gandan,NTK,NTK+,0
Gingee,N,Villupuram,Dhana Sekaran,NTK,NTK+,0
Mailam,N,Villupuram,Vijaya Lakshmi,NTK,NTK+,0
Tindivanam,S,Villupuram,Puvaneshwari.K,NTK,NTK+,0
Vanur,S,Villupuram,Lakshmi,NTK,NTK+,0
Villupuram,N,Villupuram,Subramani,NTK,NTK+,0
Vikravandi,N,Villupuram,Saravana Kumar.S,NTK,NTK+,0
Tirukkoyilur,N,Villupuram,Raja Sekar.T,NTK,NTK+,0
Ulundurpet,N,Villupuram,Thesinghu.C,NTK,NTK+,0
Rishivandiyam,N,Villupuram,Muniyan,NTK,NTK+,0
Sankarapuram,N,Villupuram,Shankar,NTK,NTK+,0
Kallakurichi,S,Villupuram,Mariappan.C/K/.,NTK,NTK+,0
Gangavalli,S,Villupuram,Senthil Kumar.Po,NTK,NTK+,0
Attur,S,Salem,Sutheesh Babu.S,NTK,NTK+,0
Yercaud,S,Salem,Senkottu Vel.T,NTK,NTK+,0
Omalur,N,Salem,Ramesh,NTK,NTK+,0
Mettur,N,Salem,Venkatachalam,NTK,NTK+,0
Edappadi,N,Salem,Ramesh,NTK,NTK+,0
Sankari,N,Salem,Janaki,NTK,NTK+,0
Salem (West),N,Salem,Koventhan,NTK,NTK+,0
Salem (North),N,Salem,Raja Ammayappan,NTK,NTK+,0
Salem (South),N,Salem,Prema,NTK,NTK+,0
Veerapandi,N,Salem,Sasi Kumar,NTK,NTK+,0
Rasipuram,S,Namakkal,Arun,NTK,NTK+,0
Senthamangalam,S,Namakkal,Malar Kodi Anbhu Thambi,NTK,NTK+,0
Namakkal,N,Namakkal,Loganathan,NTK,NTK+,0
Paramathi-Velur,N,Namakkal,Deiva Sigamani,NTK,NTK+,0
Tiruchengodu,N,Namakkal,Natarajan,NTK,NTK+,0
Kumarapalayam,N,Erode,Arun Kumar.K,NTK,NTK+,0
Erode (East),N,Erode,Koothan,NTK,NTK+,0
Erode (West),N,Erode,Tamil Selvan,NTK,NTK+,0
Modakkurichi,N,Erode,Logu @ Prakash.K,NTK,NTK+,0
Dharapuram,S,Tiruppur,Pitchai Muthu,NTK,NTK+,0
Kangayam,N,Tiruppur,Shanmugam.P,NTK,NTK+,0
Perundurai,N,Erode,Loganathan.C,NTK,NTK+,0
Bhavani,N,Erode,Seetha Lakshmi,NTK,NTK+,0
Andhiyur,N,Tiruppur,Mani Megalai,NTK,NTK+,0
Gobichettipalayam,N,Tiruppur,Gowrisan,NTK,NTK+,0
Bhavanisagar,S,Erode,Sangeetha,NTK,NTK+,0
Udhagamandalam,N,Nilgiris,Jagan.R,NTK,NTK+,0
Gudalur,S,Nilgiris,Karmegam.S,NTK,NTK+,0
Coonoor,N,Nilgiris,Rama Swamy,NTK,NTK+,0
Mettuppalayam,N,Coimbatore,Tamil Selvan,NTK,NTK+,0
Avanashi,S,Tiruppur,Sumathi,NTK,NTK+,0
Tiruppur (North),N,Tiruppur,Siva Kumar.P,NTK,NTK+,0
Tiruppur (South),N,Tiruppur,Shanmuga Sundaram,NTK,NTK+,0
Palladam,N,Tiruppur,Vanmathi Velu Swamy,NTK,NTK+,0
Sulur,N,Coimbatore,Vijaya Ragavan,NTK,NTK+,0
Kavundampalayam,N,Coimbatore,Ponn Gowsalya,NTK,NTK+,0
Coimbatore North,N,Coimbatore,Balendhran,NTK,NTK+,0
Thondamuthur,N,Coimbatore,Aanantha Raj,NTK,NTK+,0
Singanallur,N,Coimbatore,Penjamin,NTK,NTK+,0
Coimbatore South,N,Coimbatore,Kalyana Sundaram,NTK,NTK+,0
Kinathukkadavu,N,Coimbatore,Selva Kumar,NTK,NTK+,0
Pollachi,N,Coimbatore,Uma Maheshwari,NTK,NTK+,0
Valparai,S,Coimbatore,Sarala,NTK,NTK+,0
Udumalpet,N,Tiruppur,Siva Kumar,NTK,NTK+,0
Madathukulam,N,Tiruppur,Ravi Shankar,NTK,NTK+,0
Palani,N,Dindigul,Vinod,NTK,NTK+,0
Oddamchatram,N,Dindigul,Selva Kumar,NTK,NTK+,0
Athoor,N,Dindigul,Mariya Guna Sekaran,NTK,NTK+,0
Nilakkottai,S,Dindigul,Sangili,NTK,NTK+,0
Natham,N,Dindigul,Siva Shankaran,NTK,NTK+,0
Dindigul,N,Dindigul,Ganeshan,NTK,NTK+,0
Vedasandur,N,Dindigul,Vetri,NTK,NTK+,0
Aravakurichi,N,Karur,Tamilan Aravind,NTK,NTK+,0
Karur,N,Karur,Nan Maran,NTK,NTK+,0
Krishnarajapuram,S,Karur,Thava Mani Padma Nabhan,NTK,NTK+,0
Kulithalai,N,Karur,Seeni Prakash,NTK,NTK+,0
Manapparai,N,Tiruchirappalli,Aruna Giri,NTK,NTK+,0
Srirangam,N,Tiruchirappalli,Kamal,NTK,NTK+,0
Tiruchirappalli (West),N,Tiruchirappalli,Sethu Manoharan,NTK,NTK+,0
Tiruchirappalli (East),N,Tiruchirappalli,Prabhu,NTK,NTK+,0
Thiruverumbur,N,Tiruchirappalli,Chola Suran,NTK,NTK+,0
Lalgudi,N,Tiruchirappalli,Sambath,NTK,NTK+,0
Manachanallur,N,Tiruchirappalli,Mani,NTK,NTK+,0
Musiri,N,Tiruchirappalli,Aasai Thambi,NTK,NTK+,0
Thuraiyur,S,Tiruchirappalli,Sathya,NTK,NTK+,0
Perambalur,S,Perambalur,Arun Kumar.,NTK,NTK+,0
Kunnam,N,Perambalur,Arul.P,NTK,NTK+,0
Ariyalur,N,Ariyalur,Thanga Manikkam,NTK,NTK+,0
Jayankondam,N,Ariyalur,Kumutha Vanan,NTK,NTK+,0
Tittakudi,S,Cuddalore,Oomai Thurai,NTK,NTK+,0
Vridhachalam,N,Cuddalore,Siva Rajan.A,NTK,NTK+,0
Neyveli,N,Cuddalore,Kalai Selvan,NTK,NTK+,0
Panruti,N,Cuddalore,Syed Batcha,NTK,NTK+,0
Cuddalore,N,Cuddalore,Senthamilan Seeman,NTK,NTK+,0
Kurinjipadi,N,Cuddalore,Kadal Dheeban,NTK,NTK+,0
Bhuvanagiri,N,Cuddalore,Rathna Vel,NTK,NTK+,0
Chidambaram,N,Cuddalore,Satheesh Kumar,NTK,NTK+,0
Kattumannarkoil,S,Cuddalore,Jaya Shree,NTK,NTK+,0
Sirkazhi,S,Nagapattinam,Jothi Bala Murali,NTK,NTK+,0
Mayuram,N,Nagapattinam,Sahul Hameed.C,NTK,NTK+,0
Poompuhar,N,Nagapattinam,Kaliya Perumal,NTK,NTK+,0
Nagapattinam,N,Nagapattinam,Thangam Niraintha Selvan,NTK,NTK+,0
Kilvelur,S,Nagapattinam,Palani Velu,NTK,NTK+,0
Vedaranyam,N,Nagapattinam,Rajendran.,NTK,NTK+,0
Thiruthuraipoondi,S,Thiruvarur,Saravana Kumar.P.R,NTK,NTK+,0
Mannargudi,N,Thiruvarur,Bala Murugan,NTK,NTK+,0
Thiruvarur,N,Thiruvarur,Thendral Chandra Sekar,NTK,NTK+,0
Nannilam,N,Thiruvarur,Anbhu Selvam,NTK,NTK+,0
Thiruvidaimarudur,S,Thanjavur,Sulochana Devi,NTK,NTK+,0
Kumbakonam,N,Thanjavur,Mani Senthil.M,NTK,NTK+,0
Papanasam,N,Thanjavur,Humayoon,NTK,NTK+,0
Thiruvaiyaru,N,Thanjavur,Shanmugam.,NTK,NTK+,0
Thanjavur,N,Thanjavur,Nalla Durai,NTK,NTK+,0
Orathanadu,N,Thanjavur,Kantha Swamy,NTK,NTK+,0
Pattukkottai,N,Thanjavur,Geetha,NTK,NTK+,0
Peravurani,N,Thanjavur,Diliban,NTK,NTK+,0
Gandharvakottai,S,Pudukkottai,Mohan Raj.C,NTK,NTK+,0
Viralimalai,N,Pudukkottai,Sridhar.KR,NTK,NTK+,0
Pudukkottai,N,Pudukkottai,Arun Mozhi Selvan,NTK,NTK+,0
Thirumaiyam,N,Pudukkottai,Kanaga Rathnam,NTK,NTK+,0
Alangudi,N,Pudukkottai,Tamil Selvi.M,NTK,NTK+,0
Aranthangi,N,Pudukkottai,Sakeela Bhanu,NTK,NTK+,0
Karaikudi,N,Sivaganga,Parimalam,NTK,NTK+,0
Tirupathur,N,Sivaganga,Aasai Selvam.K,NTK,NTK+,0
Sivaganga,N,Sivaganga,Kottai Kumar,NTK,NTK+,0
Manamadurai,S,Sivaganga,Sathya,NTK,NTK+,0
Melur,N,Madurai,Seeman,NTK,NTK+,0
Madurai East,N,Madurai,Senkannan,NTK,NTK+,0
Sholavandan,S,Madurai,Sakthi,NTK,NTK+,0
Madurai North,N,Madurai,Saral,NTK,NTK+,0
Madurai South,N,Madurai,Vijaya Kumar,NTK,NTK+,0
Madurai Central,N,Madurai,Vetri Kumaran,NTK,NTK+,0
Madurai West,N,Madurai,Thiru Navukkarasu,NTK,NTK+,0
Thirupparankundram,N,Madurai,Maha Devan,NTK,NTK+,0
Thirumangalam,N,Madurai,Mani Gandan Tamil Mani,NTK,NTK+,0
Usilampatti,N,Madurai,Ayunthu Kovilan,NTK,NTK+,0
Andipatti,N,Theni,Thambi Aananthan,NTK,NTK+,0
Periyakulam,S,Theni,Pushpa Latha,NTK,NTK+,0
Bodinayakkanur,N,Theni,Anbazhagan,NTK,NTK+,0
Cumbum,N,Theni,Jaya Paul,NTK,NTK+,0
Rajapalayam,N,Virudhunagar,Jaya Raj,NTK,NTK+,0
Srivilliputhur,S,Virudhunagar,Kalyana Sundaram,NTK,NTK+,0
Sattur,N,Virudhunagar,Nachiyar,NTK,NTK+,0
Sivakasi,N,Virudhunagar,Babu,NTK,NTK+,0
Virudhunagar,N,Virudhunagar,Akilan,NTK,NTK+,0
Aruppukkottai,N,Virudhunagar,Ravi Mariya,NTK,NTK+,0
Tiruchuli,N,Virudhunagar,Palani Swamy,NTK,NTK+,0
Paramakudi,S,Ramanathapuram,Hema Latha Pandiyan,NTK,NTK+,0
Tiruvadanai,N,Ramanathapuram,Arivu Selvan,NTK,NTK+,0
Ramanathapuram,N,Ramanathapuram,Kalanjiyam Siva Kumar,NTK,NTK+,0
Mudhukulathur,N,Ramanathapuram,Kadafi,NTK,NTK+,0
Vilathikulam,N,Thoothukkudi,Marutha Nayagam,NTK,NTK+,0
Thoothukkudi,N,Thoothukkudi,Judikema Bakiya Raj,NTK,NTK+,0
Tiruchendur,N,Thoothukkudi,Shoban Arul Vazhavan.A,NTK,NTK+,0
Srivaikuntam,N,Thoothukkudi,Subhaiya Pandiyan,NTK,NTK+,0
Ottapidaram,S,Thoothukkudi,Muthu Krishnan,NTK,NTK+,0
Kovilpatti,N,Thoothukkudi,Arun Kumar,NTK,NTK+,0
Sankarankovil,S,Tirunelveli,Amutha ,NTK,NTK+,0
Vasudevanallur,S,Tirunelveli,Palani Swamy,NTK,NTK+,0
Kadayanallur,N,Tirunelveli,Pasum Ponn,NTK,NTK+,0
Tenkasi,N,Tirunelveli,Muthu Kumar,NTK,NTK+,0
Alangulam,N,Tirunelveli,Vasanthi,NTK,NTK+,0
Tirunelveli,N,Tirunelveli,Viyanarasu,NTK,NTK+,0
Ambasamudram,N,Tirunelveli,Thennarasu,NTK,NTK+,0
Palayamkottai,N,Tirunelveli,Pattan,NTK,NTK+,0
Nanguneri,N,Tirunelveli,Kar Vannan,NTK,NTK+,0
Radhapuram,N,Tirunelveli,Lobin,NTK,NTK+,0
Kanniyakumari,N,Kanniyakumari,Bala Subramanian.V @ Karkadu Lemuriyan,NTK,NTK+,0
Nagercoil,N,Kanniyakumari,Dhanam,NTK,NTK+,0
Kollachal,N,Kanniyakumari,Prabhakaran,NTK,NTK+,0
Padmanabhapuram,N,Kanniyakumari,Arul Chelastin,NTK,NTK+,0
Vilavancode,N,Kanniyakumari,Mani Gandan.Ponn,NTK,NTK+,0
Killiyoor,N,Kanniyakumari,Rathinamma Susai Adimai,NTK,NTK+,0
