ST_NAME,year,AC_NO,rank,constituency,AC_TYPE,name,SEX,AGE,CATEGORY,party,votes
Pondicherry,1964,1,1,Muthialpet,GEN,"SHANMUGHAM, P",M,,,CONG,1726
Pondicherry,1964,2,1,Courossucoupom,GEN,PADMINI CHANDRASEKARAN,F,,,CONG,3605
Pondicherry,1964,3,1,Cassicade,GEN,KANKEYAN A.S.,M,,,CONG,1799
Pondicherry,1964,4,1,Raj Nivas,GEN,EDOUARD GOUBERT,M,,,CONG,2722
Pondicherry,1964,5,1,Bussy,GEN,ACHREAFF C.M.,M,,,IND,2367
Pondicherry,1964,6,1,Oupalom,GEN,PERUMAL RAJA G.,M,,,IND,3098
Pondicherry,1964,7,1,Nellitope,GEN,"RANGANATHAN, N.",M,,,PF,3627
Pondicherry,1964,8,1,Modeliarpeth,GEN,"KAILASA SUBBIAH, V.",M,,,PF,3878
Pondicherry,1964,9,1,Ariancoupom,GEN,"RATHINAVELU, P.",M,,,CONG,3376
Pondicherry,1964,10,1,Courouvinattam,GEN,SUBRAMANYA PADAYATCHI,M,,,IND,3167
Pondicherry,1964,11,1,Bahour,SC,"THANGAVELY, C.",M,,,PF,2612
Pondicherry,1964,12,1,Nettapacom,GEN,VENKATASUBBAREDDY,M,,,CONG,4965
Pondicherry,1964,13,1,Tiroubouvane,SC,"KULANDAI, R.",M,,,IND,3698
Pondicherry,1964,14,1,Mannadipet,GEN,MANICKAVASAGA REDDIAR,M,,,CONG,3369
Pondicherry,1964,15,1,Oussoudou,SC,"HARIKRISHNAN, N.",M,,,CONG,3027
Pondicherry,1964,16,1,Villenour,GEN,THILLAI KANAKARASU,M,,,CONG,4025
Pondicherry,1964,17,1,Embalom,SC,"ANGAMMAL, P",F,,,CONG,4924
Pondicherry,1964,18,1,Oulgaret,GEN,"GOVINDASAMY, S.",M,,,CONG,2511
Pondicherry,1964,19,1,Calapeth,GEN,JEEVARATHINA UDAYAR,M,,,CONG,4078
Pondicherry,1964,20,1,Poudousaram,GEN,"GURUSAMY, N.",M,,,PF,2698
Pondicherry,1964,21,1,Couchery,SC,"NAGARAJAN, G.",M,,,CONG,4313
Pondicherry,1964,22,1,Karikal North,GEN,FAROOK MARICAR,M,,,CONG,4211
Pondicherry,1964,23,1,Karikal South,GEN,MOHAMED IBRAHIM MARICAR,M,,,IND,2491
Pondicherry,1964,24,1,Neravy,GEN,NAGAMUTTOU PILLAI,M,,,CONG,3222
Pondicherry,1964,25,1,Grand Aldee,GEN,"VARADHA PILLAI, V.M.C",M,,,CONG,3544
Pondicherry,1964,26,1,Tirnoular,GEN,SUBARAYALU,M,,,CONG,4000
Pondicherry,1964,27,1,Nedouncadou,GEN,"SHANMUGHAM, P.",M,,,CONG,3697
Pondicherry,1964,28,1,Mahe,GEN,VALAVIL KESHAVAN,M,,,CONG,2283
Pondicherry,1964,29,1,Pallour,GEN,VANMERI NADEYI PURUSHOTHAMAN,M,,,CONG,2436
Pondicherry,1964,30,1,Yanam,GEN,KAMISHETTY SRI PARASURAMA VARA PRASADA RAO,M,,,INC,
Pondicherry,1969,1,1,Mouttalpeth,GEN,K. MURUGAIYAN,M,,,DMK,3290
Pondicherry,1969,2,1,Couroussoucoupom,GEN,G. PERUMAL RAJA,M,,,DMK,4068
Pondicherry,1969,3,1,Cassicade,GEN,P. ANSARI DORASAMY,M,,,INC,2721
Pondicherry,1969,4,1,Raj Nivas,GEN,D. KANTHARAJ,M,,,INC,1766
Pondicherry,1969,5,1,Bussy,GEN,C.M. ACHARAFF,M,,,DMK,2336
Pondicherry,1969,6,1,Oupalom,GEN,S. GOVINDARAJALU,M,,,DMK,2676
Pondicherry,1969,7,1,Nellitope,GEN,N.RANGANATHAN,M,,,CPI,4372
Pondicherry,1969,8,1,Modeliarpeth,GEN,Y. KAILASA SURBIAN,M,,,CPI,4748
Pondicherry,1969,9,1,Ariancoupom,GEN,S. PERUMAL,M,,,DMK,3774
Pondicherry,1969,10,1,Courouvinattam,GEN,K.R. SUBRAMANYA PADAYACHI,M,,,INC,4050
Pondicherry,1969,11,1,Bahour,SC,K. KRISHNASAMY,M,,,INC,3211
Pondicherry,1969,12,1,Nettapacom,GEN,D. RAMACHANDRAN,M,,,DMK,3545
Pondicherry,1969,13,1,Tiroubouvane,SC,M. THANGAVELU,M,,,DMK,3277
Pondicherry,1969,14,1,Mannadipeth,GEN,S.M. SUBBARAYAN,M,,,DMK,3499
Pondicherry,1969,15,1,Oussoudou,SC,V. NAGARATHINAM,M,,,INC,3386
Pondicherry,1969,16,1,Villenour,GEN,S. ARUMUGAM,M,,,DMK,4132
Pondicherry,1969,17,1,Embalom,SC,M. VEERAMMAL,F,,,INC,3682
Pondicherry,1969,18,1,Oulgaret,GEN,S. MUTHU,M,,,DMK,3452
Pondicherry,1969,19,1,Calapeth,GEN,M.O.H. FAROOK,M,,,DMK,4261
Pondicherry,1969,20,1,Poudousaram,GEN,N. GURUSAMY,M,,,CPI,3439
Pondicherry,1969,21,1,Cotchery,SC,M. BALAYA,M,,,INC,3097
Pondicherry,1969,22,1,Karikal North,GEN,M. JAMBULINGAM,M,,,INC,4208
Pondicherry,1969,23,1,Karikal South,GEN,MARIE LOURDES SILVARADJOU,M,,,DMK,2439
Pondicherry,1969,24,1,Neravy,GEN,S. RAMASAMY,M,,,DMK,3447
Pondicherry,1969,25,1,Grandi Aldee,GEN,Y. PANDARINATHAN,M,,,DMK,3852
Pondicherry,1969,26,1,Tirnoular,GEN,R. SUPPRAYALU NAICKER,M,,,DMK,3455
Pondicherry,1969,27,1,Nedouncadou,GEN,P. SHANMUGAM,M,,,INC,3103
Pondicherry,1969,28,1,Mahe,GEN,I.K. KUMARAN,M,,,IND,2885
Pondicherry,1969,29,1,Pallour,GEN,V.N. PURUSHOTHAMAN,M,,,INC,2609
Pondicherry,1969,30,1,Yanaon,GEN,K.S. P.V. RAO NAIDU,M,,,IND,2287
Pondicherry,1974,1,1,Muthialpet,GEN,"PAJANIRAJA, G.",M,,,ADMK,4315
Pondicherry,1974,2,1,Cassicade,GEN,"ANSARI DURAISWAMY, P.",M,,,NCO,2996
Pondicherry,1974,3,1,Raj Bhavan,GEN,DHANA KANTHARAJ,M,,,INC,2399
Pondicherry,1974,4,1,Bussy,GEN,"PAKKIAM, S.",M,,,ADMK,1680
Pondicherry,1974,5,1,Oupalam,GEN,"PARTHASARATHY, C. N.",M,,,ADMK,3198
Pondicherry,1974,6,1,Orleampeth,GEN,"MANIMARAN, N.",M,,,ADMK,3833
Pondicherry,1974,7,1,Nellithope,GEN,"KANNAN, R.",M,,,NCO,2495
Pondicherry,1974,8,1,Modeliarpeth,GEN,SABAPATHY ALIAS KOTHANDARAMAN,M,,,NCO,3889
Pondicherry,1974,9,1,Arinkuppam,GEN,"PURUSHOTHAMAN, P. C.",M,,,INC,3364
Pondicherry,1974,10,1,Embalom,SC,G. MURUGESAN,M,,,INC,3140
Pondicherry,1974,11,1,Nettapakkam,GEN,V. VENGATASUBBA REDDI,M,,,INC,4072
Pondicherry,1974,12,1,Kuruvinatham,GEN,VENGATASAMY,M,,,ADMK,3445
Pondicherry,1974,13,1,Bahour,SC,THANGAVEL CLAMANSO,M,,,CPI,2727
Pondicherry,1974,14,1,Thirubuvanai,SC,A. GOPAL,M,,,INC,2672
Pondicherry,1974,15,1,Mannadipath,GEN,D. RAMACHANDIRA REDDIAR,M,,,ADMK,3467
Pondicherry,1974,16,1,Ossudu,SC,T. EZHUMALAI,M,,,ADMK,3426
Pondicherry,1974,17,1,Villenour,GEN,M. K. JEEVARATHINA ODAYAR,M,,,NCO,2812
Pondicherry,1974,18,1,Orhukarai,GEN,"VENUGOPAL ALIAS MANNATHAN, G.",M,,,ADMK,2982
Pondicherry,1974,19,1,Thattanchavady,GEN,"PETHAPERUMAL, V.",M,,,NCO,3468
Pondicherry,1974,20,1,Reddiapalayam,GEN,SUBBIAH V.,M,,,CPI,3345
Pondicherry,1974,21,1,Lawspet,GEN,"FAROOK, M. O. H.",M,,,DMK,3461
Pondicherry,1974,22,1,Cotchery,GEN,T. SUBBAIYA,M,,,ADMK,3660
Pondicherry,1974,23,1,Karaikal,GEN,K. KANDHI.,M,,,ADMK,3964
Pondicherry,1974,24,1,Karaikal South,GEN,S. RAMASAMY,M,,,ADMK,3296
Pondicherry,1974,25,1,Neravy Grand Aldee,GEN,V. M. C. VARADAPILLAI,M,,,ADMK,5313
Pondicherry,1974,26,1,Tirunallar,GEN,A. SOUNDARARENGAN,M,,,DMK,3742
Pondicherry,1974,27,1,Neduncadu,SC,R. COUPOUSAMY,M,,,INC,2934
Pondicherry,1974,28,1,Mahe,GEN,KUNNUMMAL RAGHAVAN,M,,,CPM,1816
Pondicherry,1974,29,1,Paloor,GEN,VANMERI NATAYI PURUSHOTHAMAN,M,,,INC,1980
Pondicherry,1974,30,1,Yanam,GEN,KAMICHETTY SRIPARASSOURAMA VARAPRASSADARAO,M,,,IND,2284
Pondicherry,1977,1,1,Muthialpet,GEN,G. PALANI RAJA,M,,,ADMK,4170
Pondicherry,1977,2,1,Cassicade,GEN,ANSARI DURAISAMY,M,,,JNP,3551
Pondicherry,1977,3,1,Raj Bhavan,GEN,RAMAJAYAM D.,M,,,JNP,1411
Pondicherry,1977,4,1,Bussy,GEN,SUSAIRAJ S.,M,,,ADMK,1289
Pondicherry,1977,5,1,Oupalam,GEN,C. N. PATHASARATHY,M,,,ADMK,2551
Pondicherry,1977,6,1,Orleampeth,GEN,N. MANIMARAM MARIMUTHU,M,,,ADMK,3779
Pondicherry,1977,7,1,Nellithope,GEN,R. KANNAN,M,,,JNP,2757
Pondicherry,1977,8,1,Modeliarpeth,GEN,V. SABABADY KOTHANDRAMAN,M,,,INC,3947
Pondicherry,1977,9,1,Ariankuppam,GEN,P. SUBBARAYAN,M,,,DMK,3345
Pondicherry,1977,10,1,Embalom,SC,SIVALOGANATHAN K.,M,,,ADMK,2442
Pondicherry,1977,11,1,Nettapakkam,GEN,SRVAPRAKASAM S.,M,,,INC,3122
Pondicherry,1977,12,1,Kuruvinatham,GEN,N. VENGADASAMY,M,,,ADMK,3359
Pondicherry,1977,13,1,Bahour,SC,P. UTHIRAVELU,M,,,JNP,3399
Pondicherry,1977,14,1,Thirubuvanai,SC,MANIYAM M.,M,,,ADMK,3226
Pondicherry,1977,15,1,Mannadipeth,GEN,RAMACHANDRAN D.,M,,,ADMK,3824
Pondicherry,1977,16,1,Ossudu,SC,THANGAVELU M.,M,,,ADMK,2902
Pondicherry,1977,17,1,Villenour,GEN,PAZHANINATHAN S.,M,,,ADMK,2891
Pondicherry,1977,18,1,Ozhukarai,GEN,G. PERUMAL RAJA,M,,,DMK,2477
Pondicherry,1977,19,1,Thattanchavady,GEN,V. PETHAPERUMAL,M,,,JNP,4669
Pondicherry,1977,20,1,Reddiarpalayam,GEN,V. SUBBIAH,M,,,CPI,2775
Pondicherry,1977,21,1,Lawspet,GEN,N. VARADHAN,M,,,ADMK,4477
Pondicherry,1977,22,1,Cotchery,GEN,T. SUBBIAH,M,,,ADMK,3041
Pondicherry,1977,23,1,Karaikal,GEN,K. KANDHI,M,,,IND,3995
Pondicherry,1977,24,1,Karaikal South,GEN,S. RAMASSAMY,M,,,ADMK,3424
Pondicherry,1977,25,1,Neravy-Grand Aldee,GEN,V.M.C. VARADHAPILLAI,M,,,JNP,3314
Pondicherry,1977,26,1,Tirunallar,GEN,N.V. RAMALINGAM,M,,,DMK,2654
Pondicherry,1977,27,1,Neduncadu,SC,P. SELVARAJ,M,,,ADMK,2789
Pondicherry,1977,28,1,Mahe,GEN,RAGHAVAN K.V.,M,,,IND,2847
Pondicherry,1977,29,1,Palloor,GEN,CHANDRASEKRAN T.K.,M,,,IND,2853
Pondicherry,1977,30,1,Yanam,GEN,KAMICHETTY SRI PARASSOURAMA VARAPRASSADA RAO,M,,,JNP,2047
Pondicherry,1980,1,1,Muthialpet,GEN,G. PALANIRAJA,M,,,DMK,7396
Pondicherry,1980,2,1,Cassicade,GEN,V. KATHIRVELU,M,,,INC,3948
Pondicherry,1980,3,1,Raj Bhavan,GEN,L. JOSEPH MARIADASS,M,,,DMK,1880
Pondicherry,1980,4,1,Bussy,GEN,C. M. ACHRAFF,M,,,INC,2898
Pondicherry,1980,5,1,Oupalam,GEN,SITHA VEDANAYAGAM,M,,,DMK,5419
Pondicherry,1980,6,1,Orleampeth,GEN,NA. MANIMARAN ALIAS NA. MARIMUTHU,M,,,DMK,5721
Pondicherry,1980,7,1,Nellithope,GEN,P. RAMALINGAM,M,,,DMK,4019
Pondicherry,1980,8,1,Modeliarpeth,GEN,V. KOTHANDARAMAN ALIAS SABAPATHY,M,,,INC,5258
Pondicherry,1980,9,1,Ariankuppam,GEN,P. SUBBURAYAN,M,,,DMK,5900
Pondicherry,1980,10,1,Embalom,SC,G. MURUGESAN,M,,,INC,5033
Pondicherry,1980,11,1,Nettapakkam,GEN,R. SUBBARAYA GOUNDER,M,,,JNP,4201
Pondicherry,1980,12,1,Kuruvinatham,GEN,M. A. SHANMUGAM,M,,,DMK,3738
Pondicherry,1980,13,1,Bahour,SC,P. UTHIRAVELU,M,,,JNP,4154
Pondicherry,1980,14,1,Thirubuvanai,SC,P. CATTAVARAYANE,M,,,INC,6001
Pondicherry,1980,15,1,Mannadipeth,GEN,D. RAMACHANDRAN,M,,,DMK,5598
Pondicherry,1980,16,1,Ossudu,SC,P. MURTHY,M,,,DMK,5122
Pondicherry,1980,17,1,Villenour,GEN,M. VENUGOPAL,M,,,DMK,3810
Pondicherry,1980,18,1,Ozhukarai,GEN,G. PERUMAL RAJA,M,,,DMK,5493
Pondicherry,1980,19,1,Thattanchavady,GEN,V. PETHAPERUMAL,M,,,JNP,4824
Pondicherry,1980,20,1,Reddiarpalayam,GEN,RENUKA APPADURAI,F,,,INC,5409
Pondicherry,1980,21,1,Lawspet,GEN,M. O. H. FAROOK,M,,,INC,8980
Pondicherry,1980,22,1,Cotchery,GEN,G. PANJAVARNAM,M,,,DMK,4133
Pondicherry,1980,23,1,Karaikal,GEN,V. M. SALIH MARICAR,M,,,IND,4778
Pondicherry,1980,24,1,Karaikal South,GEN,S. SAVARIRAJAN,M,,,INC,4867
Pondicherry,1980,25,1,Neravy-Grand Aldee,GEN,V. M. C. SIVAKUMAR,M,,,DMK,5315
Pondicherry,1980,26,1,Tirunallar,GEN,N. V. RAMALINGAM,M,,,DMK,3573
Pondicherry,1980,27,1,Neduncadu,SC,M. CHANDIRAKASU,M,,,INC,4981
Pondicherry,1980,28,1,Mahe,GEN,K. V. RAGHAVAN,M,,,CPM,2638
Pondicherry,1980,29,1,Palloor,GEN,N. K. SACHINDRANATH,M,,,INC,2567
Pondicherry,1980,30,1,Yanam,GEN,KAMICHETTY SRI PARASSOURAMA VARAPRASSADA RAO,M,,,IND,2433
Pondicherry,1985,1,1,Muthialpet,GEN,G. PALANIRAJA,M,,,DMK,7820
Pondicherry,1985,2,1,Cassicade,GEN,P. KANNAN,M,,,INC,5273
Pondicherry,1985,3,1,Raj Bhavan,GEN,L. JOSEPH MARIADOSS,M,,,INC,2419
Pondicherry,1985,4,1,Bussy,GEN,C. M. ACHRAFF,M,,,INC,2213
Pondicherry,1985,5,1,Oupalam,GEN,P. K. LOGANATHAN,M,,,ADMK,3898
Pondicherry,1985,6,1,Orleampeth,GEN,M.A..S. SUBRAMANIAN,M,,,ADMK,6635
Pondicherry,1985,7,1,Nellithope,GEN,R.V.JANAKIRAMAN,M,,,DMK,5526
Pondicherry,1985,8,1,Modeliarpeth,GEN,V. SABAPATHY KOTHANDARAMAN,M,,,INC,6260
Pondicherry,1985,9,1,Ariankuppam,GEN,P. PURUSHOTHAMAN,M,,,ADMK,5505
Pondicherry,1985,10,1,Embalom,SC,K. ANBALAGAN,M,,,ADMK,4509
Pondicherry,1985,11,1,Nettapakkam,GEN,V. VAITHILINGAM,M,,,INC,6946
Pondicherry,1985,12,1,Kuruvinatham,GEN,R. RAMANSTHAN,M,,,DMK,4207
Pondicherry,1985,13,1,Bahour,SC,P. UTHIRAVELU,M,,,JNP,4911
Pondicherry,1985,14,1,Thirubuvanai,SC,S. KOMALA,F,,,DMK,5745
Pondicherry,1985,15,1,Mannadipeth,GEN,D. RAMACHANDRAN,M,,,DMK,6383
Pondicherry,1985,16,1,Ossudu,SC,V. NAGARATHINAM,M,,,INC,6176
Pondicherry,1985,17,1,Villenour,GEN,R. SUBRAYA COUNDER,M,,,INC,5696
Pondicherry,1985,18,1,Ozhukarai,GEN,R. SOMASUNDARAM,M,,,ADMK,5729
Pondicherry,1985,19,1,Thattanchavady,GEN,V. PETHAPERUMAL,M,,,JNP,6228
Pondicherry,1985,20,1,Reddiarpalayam,GEN,V. BALAJI,M,,,INC,7852
Pondicherry,1985,21,1,Lawspet,GEN,M.O.H. FAROOK,M,,,INC,8804
Pondicherry,1985,22,1,Cotchery,GEN,N. VENGADASALAM,M,,,INC,5774
Pondicherry,1985,23,1,Karaikal,GEN,V. GOVINDARAJAN,M,,,INC,4784
Pondicherry,1985,24,1,Karaikal South,GEN,S. RAMASSAMY,M,,,IND,3808
Pondicherry,1985,25,1,Neravy-Grand Aldee,GEN,V.M.C. VARADA PILLAI,M,,,ADMK,5788
Pondicherry,1985,26,1,Tirunallar,GEN,A. SONUDARARENGAN,M,,,IND,4246
Pondicherry,1985,27,1,Neduncadu,SC,M. CHANDIRAKASU,M,,,INC,5870
Pondicherry,1985,28,1,Mahe,GEN,P.K. SATHYANANDAN,M,,,INC,3695
Pondicherry,1985,29,1,Palloor,GEN,A.V. SREEDHARAN,M,,,INC,3766
Pondicherry,1985,30,1,Yanam,GEN,KAMICHETTY SRI PARASSORAMA VARAPRASSADA RAO,M,,,INC,2884
Pondicherry,1990,1,1,Muthialpet,GEN,G. PALANIRAJA,M,,,DMK,10571
Pondicherry,1990,2,1,Cassicade,GEN,P. KANNAN,M,,,INC,6040
Pondicherry,1990,3,1,Raj Bhavan,GEN,S. P. SIVAKUMAR,M,,,DMK,2528
Pondicherry,1990,4,1,Bussy,GEN,C. M. ACHRAFF,M,,,INC,2692
Pondicherry,1990,5,1,Oupalam,GEN,N. NAGHAMUTHU,M,,,DMK,7378
Pondicherry,1990,6,1,Orleampeth,GEN,N. MANIMARAN,M,,,DMK,8076
Pondicherry,1990,7,1,Nellithope,GEN,R. V. JANKIRAMAN,M,,,DMK,6601
Pondicherry,1990,8,1,Modeliarpeth,GEN,M. MANJINI,M,,,CPI,8905
Pondicherry,1990,9,1,Ariankuppam,GEN,A. BAKTHKAVACHALAM,M,,,JD,5950
Pondicherry,1990,10,1,Embalom,SC,K. DEIVANAYAGAM,M,,,JD,4669
Pondicherry,1990,11,1,Nettapakkam,GEN,V. VAITHILINGAM,M,,,INC,7332
Pondicherry,1990,12,1,Kuruvinatham,GEN,R. RAMANATHAN,M,,,DMK,6072
Pondicherry,1990,13,1,Bahour,SC,P. RAJAVELU,M,,,JD,8223
Pondicherry,1990,14,1,Thirubuvanai,SC,D. VISWANATHAN,M,,,ADMK,6743
Pondicherry,1990,15,1,Mannadipeth,GEN,D. RAMACHANDIRAN,M,,,DMK,7802
Pondicherry,1990,16,1,Ossudu,SC,N. MARIMUTHU,M,,,INC,5242
Pondicherry,1990,17,1,Villenour,GEN,P. ANANDA BASKARAN,M,,,INC,8442
Pondicherry,1990,18,1,Ozhukarai,GEN,M. RASAN ALIAS VAZHUMUNI,M,,,DMK,8749
Pondicherry,1990,19,1,Thattanchavady,GEN,V. PETHAPERUMAL,M,,,JD,9503
Pondicherry,1990,20,1,Reddiarpalayam,GEN,R. VISWANATHAN,M,,,CPI,11153
Pondicherry,1990,21,1,Lawspet,GEN,M. O. H. FAROOK,M,,,INC,12637
Pondicherry,1990,22,1,Cotchery,GEN,M. VAITHILINGAM,M,,,INC,5189
Pondicherry,1990,23,1,Karaikal,GEN,S. M. THAVASU,M,,,INC,5394
Pondicherry,1990,24,1,Karaikal South,GEN,S. RAMASSAMY,M,,,ADMK,6012
Pondicherry,1990,25,1,Neravy-Grand Aldee,GEN,V. GANAPATHY,M,,,ADMK,7102
Pondicherry,1990,26,1,Tirunallar,GEN,R. KAMALAKKANNAN,M,,,IND,4124
Pondicherry,1990,27,1,Neduncadu,SC,M. CHANDIRAKASSU,M,,,INC,6174
Pondicherry,1990,28,1,Mahe,GEN,E. VALSARAJ,M,,,INC,5142
Pondicherry,1990,29,1,Palloor,GEN,A. V. SREEDHARAN,M,,,INC,5288
Pondicherry,1990,30,1,Yanam,GEN,RAKSHA HARIKRISHNA,M,,,DMK,4632
Pondicherry,1991,1,1,Muthialpet,GEN,M. BALASUBRAMANIAM,M,,,ADMK,9175
Pondicherry,1991,2,1,Cassicade,GEN,M. ELANGO,M,,,JD,4927
Pondicherry,1991,3,1,Raj Bhavan,GEN,A. GANDHIRAJ,M,,,INC,2381
Pondicherry,1991,4,1,Bussy,GEN,C. M.K ACHRAFF,M,,,INC,3083
Pondicherry,1991,5,1,Oupalam,GEN,U. C. ARUMUGAN,M,,,ADMK,7352
Pondicherry,1991,6,1,Orleampeth,GEN,K.PARASURAMAN,M,,,ADMK,8697
Pondicherry,1991,7,1,Nellithope,GEN,R. V. JANAKIRAMAN,M,,,DMK,7067
Pondicherry,1991,8,1,Modeliarpeth,GEN,V. KOTHANDARAMAN ALIAS SABAPATHY,M,,,IND,8230
Pondicherry,1991,9,1,Ariankuppam,GEN,P. SUBBURAYAN,M,,,DMK,5794
Pondicherry,1991,10,1,Embalom,SC,K. PAKKIRI AMMAL,F,,,INC,4171
Pondicherry,1991,11,1,Nettapakkam,GEN,V. VAITHILINGAM,M,,,INC,8095
Pondicherry,1991,12,1,Kuruvinatham,GEN,T. THIAGARAJAN,M,,,INC,6765
Pondicherry,1991,13,1,Bahour,SC,P. RAJAVELU,M,,,IND,6377
Pondicherry,1991,14,1,Thirubuvanai,SC,D. VISWANATHAN,M,,,ADMK,7453
Pondicherry,1991,15,1,Mannadipeth,GEN,N. RAJARAM,M,,,INC,7771
Pondicherry,1991,16,1,Ossudu,SC,N. MARIMUTHU,M,,,INC,7293
Pondicherry,1991,17,1,Villenour,GEN,P. ANANDABASKARAN,M,,,INC,8190
Pondicherry,1991,18,1,Ozhukarai,GEN,K. NATARAJAN,M,,,ADMK,8566
Pondicherry,1991,19,1,Thattanchavady,GEN,N. RANGASAMY,M,,,INC,12545
Pondicherry,1991,20,1,Reddiarpalayam,GEN,R. VISWANATHAN,M,,,CPI,13134
Pondicherry,1991,21,1,Lawspet,GEN,P. KANANN,M,,,INC,13475
Pondicherry,1991,22,1,Cotchery,GEN,R. NALAMAHARAJAN,M,,,IND,5051
Pondicherry,1991,23,1,Karaikal,GEN,A. M. H. NAZEEM,M,,,DMK,6809
Pondicherry,1991,24,1,Karaikal South,GEN,A. V. SUBRAMANIAN,M,,,INC,6189
Pondicherry,1991,25,1,Neravy-Grand Aldee,GEN,V. M. C. V. GANAPATHY,M,,,ADMK,6384
Pondicherry,1991,26,1,Tirunallar,GEN,A. SOUNDARARENGAN,M,,,DMK,4401
Pondicherry,1991,27,1,Neduncadu,SC,M. CHANDIRAKASU,M,,,INC,5955
Pondicherry,1991,28,1,Mahe,GEN,E. VALSARAJ,M,,,INC,5099
Pondicherry,1991,29,1,Palloor,GEN,A. V. SREEDHARAN,M,,,INC,4922
Pondicherry,1991,30,1,Yanam,GEN,VELAGA RAJESWARA RAO,M,,,INC,6331
Pondicherry,1996,1,1,Muthialpet,GEN,S. ANANDAVELU,M,,,ADMK,11009
Pondicherry,1996,2,1,Cassicade,GEN,P. KANNAN,M,,,IND,6501
Pondicherry,1996,3,1,Raj Bhavan,GEN,S.P. SIVAKUMAR,M,,,DMK,2697
Pondicherry,1996,4,1,Bussy,GEN,C.M. ACHRAFF,M,,,INC,2208
Pondicherry,1996,5,1,Oupalam,GEN,S. RATHINAM @ MANOHAR,M,,,TMC(M),6866
Pondicherry,1996,6,1,Orleampeth,GEN,R. SIVA,M,,,DMK,8105
Pondicherry,1996,7,1,Nellithope,GEN,R.V. JANAKIRAMAN,M,,,DMK,8803
Pondicherry,1996,8,1,Modeliarpeth,GEN,M. MANJINI,M,,,CPI,11380
Pondicherry,1996,9,1,Ariankuppam,GEN,S. RAMSINGH,M,,,PMK,7382
Pondicherry,1996,10,1,Embalom,SC,R. RAJARAMAN,M,,,JD,8311
Pondicherry,1996,11,1,Nettapakkam,GEN,V. VAITHILINGAM,M,,,INC,7563
Pondicherry,1996,12,1,Kuruvinatham,GEN,T. THIAGARAJAN,M,,,INC,7209
Pondicherry,1996,13,1,Bahour,SC,M. KANDASAMY,M,,,TMC(M),7921
Pondicherry,1996,14,1,Thirubuvanai,SC,S. ARASI,F,,,ADMK,5707
Pondicherry,1996,15,1,Mannadipeth,GEN,K. RAJASEGARAN,M,,,TMC(M),8113
Pondicherry,1996,16,1,Ossudu,SC,V. NAGARATHINAM,M,,,TMC(M),7380
Pondicherry,1996,17,1,Villenour,GEN,C. JAYAKUMAR,M,,,TMC(M),12205
Pondicherry,1996,18,1,Ozhukarai,GEN,K. NATARAJAN,M,,,ADMK,7794
Pondicherry,1996,19,1,Thattanchavady,GEN,N. RANGASAMY,M,,,INC,9989
Pondicherry,1996,20,1,Reddiarpalayam,GEN,R. VISWANATHAN,M,,,CPI,17206
Pondicherry,1996,21,1,Lawspet,GEN,N. KESAVAN,M,,,DMK,16442
Pondicherry,1996,22,1,Cotchery,GEN,R. NALAMAGARAJAN,M,,,INC,7630
Pondicherry,1996,23,1,Karaikal,GEN,A.M.H. NAZEEM,M,,,DMK,9474
Pondicherry,1996,24,1,Karaikal South,GEN,A.V. SUBRAMANIAN,M,,,INC,6676
Pondicherry,1996,25,1,Neravy-Grand Aldee,GEN,V.M.C. SIVAKUMAR,M,,,DMK,7595
Pondicherry,1996,26,1,Tirunallar,GEN,R. KAMALAKANNAN,M,,,INC,6063
Pondicherry,1996,27,1,Neduncadu,SC,A. MARIMUTHU,M,,,DMK,6899
Pondicherry,1996,28,1,Mahe,GEN,E. VALSARAJ,M,,,INC,4184
Pondicherry,1996,29,1,Palloor,GEN,A.V. SREEDHARAN,M,,,INC,4253
Pondicherry,1996,30,1,Yanam,GEN,MALLADI KRISHNA RAO,M,,,IND,8445
Pondicherry,2001,1,1,Muthialpet,GEN,KASILINGAM .A.,M,,,ADMK,6857
Pondicherry,2001,2,1,Cassicade,GEN,LAKSHMINARAYANAN .K.,M,,,PMC,4875
Pondicherry,2001,3,1,Raj Bhavan,GEN,SIVAKUMAR .S.P.,M,,,DMK,2408
Pondicherry,2001,4,1,Bussy,GEN,ANNIBAL KENNEDY,M,,,DMK,3087
Pondicherry,2001,5,1,Oupalam,GEN,ANBALAGAN .A.,M,,,ADMK,8416
Pondicherry,2001,6,1,Orleampeth,GEN,SIVA .R.,M,,,DMK,7608
Pondicherry,2001,7,1,Nellithope,GEN,R.V. JANAKIRAMAN,M,,,DMK,7780
Pondicherry,2001,8,1,Modeliarpeth,GEN,DR. SUBRAMANIAN .M.A.S.,M,,,DMK,9119
Pondicherry,2001,9,1,Ariankuppam,GEN,JAYAMOORTHY .T.,M,,,IND,9790
Pondicherry,2001,10,1,Embalom,SC,N. GANGADARAN,M,,,INC,3723
Pondicherry,2001,11,1,Nettapakkam,GEN,V. VAITHILINGAM,M,,,INC,5984
Pondicherry,2001,12,1,Kuruvinatham,GEN,R. RADHAKRISHNAN,M,,,PMC,8000
Pondicherry,2001,13,1,Bahour,SC,P. RAJAVELU,M,,,PMC,7696
Pondicherry,2001,14,1,Thirubuvanai,SC,P. ANGALAN,M,,,INC,4753
Pondicherry,2001,15,1,Mannadipeth,GEN,D. RAMACHANDRAN,M,,,ADMK,8939
Pondicherry,2001,16,1,Ossudu,SC,A. ELUMALAI,M,,,PMC,5364
Pondicherry,2001,17,1,Villenour,GEN,C. DJEACOUMAR,M,,,TMC(M),10335
Pondicherry,2001,18,1,Ozhukarai,GEN,A. NAMASSIVAYAM,M,,,TMC(M),10164
Pondicherry,2001,19,1,Thattanchavady,GEN,N. RANGASAMY,M,,,INC,14323
Pondicherry,2001,20,1,Reddiarpalayam,GEN,A.M. KRISHNAMURTHY,M,,,BJP,11446
Pondicherry,2001,21,1,Lawspet,GEN,SHAJAHAN .M.O.H.F.,M,,,INC,12929
Pondicherry,2001,22,1,Cotchery,GEN,R. NALAMAGARAJAN,M,,,INC,7058
Pondicherry,2001,23,1,Karaikal,GEN,A.M.H. NAZEEM,M,,,DMK,6273
Pondicherry,2001,24,1,Karaikal South,GEN,A.V. SUBRAMANIAN,M,,,INC,6138
Pondicherry,2001,25,1,Neravy-Grand Aldee,GEN,V.M.C. SIVAKUMAR,M,,,DMK,6672
Pondicherry,2001,26,1,Tirunallar,GEN,R. KAMALAKKANNAN,M,,,INC,5390
Pondicherry,2001,27,1,Neduncadu,SC,M. CHANDIRAKASU,M,,,INC,5720
Pondicherry,2001,28,1,Mahe,GEN,E. VALSARAJ,M,,,INC,5666
Pondicherry,2001,29,1,Palloor,GEN,A.V. SREEDHARAN,M,,,INC,4855
Pondicherry,2001,30,1,Yanam,GEN,MALLADI KRISHNA RAO,M,,,IND,8959
Pondicherry,2006,1,1,Muthialpet,GEN,NANDHA T. SARAVANAN,M,36,GEN,DMK,11658
Pondicherry,2006,2,1,Cassicade,GEN,K. LAKSHMINARAYANAN,M,45,GEN,PMC,4942
Pondicherry,2006,3,1,Raj Bhavan,GEN,S.P. SIVAKUMAR,M,47,GEN,DMK,2590
Pondicherry,2006,4,1,Bussy,GEN,ANAND,M,42,GEN,PMC,2423
Pondicherry,2006,5,1,Oupalam,GEN,"ANBALAGAN, A.",M,49,GEN,ADMK,9200
Pondicherry,2006,6,1,Orleampeth,GEN,R. SIVA,M,39,GEN,DMK,8509
Pondicherry,2006,7,1,Nellithope,GEN,OM SAKTHI SEKAR @ S.,M,46,GEN,ADMK,9933
Pondicherry,2006,8,1,Modeliarpeth,GEN,DR. M.A.S. SUBRAMANIAN,M,59,GEN,DMK,10783
Pondicherry,2006,9,1,Ariankuppam,GEN,R.K.R. ANANTHARAMAN,M,33,GEN,PMK,13314
Pondicherry,2006,10,1,Embalom,SC,R. RAJARAMAN,M,46,SC,DMK,7208
Pondicherry,2006,11,1,Nettapakkam,GEN,V. VAITHILINGAM,M,55,GEN,INC,9166
Pondicherry,2006,12,1,Kuruvinatham,GEN,R. RADHAKRISHNAN,M,34,GEN,INC,13020
Pondicherry,2006,13,1,Bahour,SC,M. KANDASAMY,M,40,SC,INC,11164
Pondicherry,2006,14,1,Thirubuvanai,SC,ANGALANE,M,37,SC,INC,10534
Pondicherry,2006,15,1,Mannadipeth,GEN,P. ARULMURUGAN,M,30,GEN,PMK,8193
Pondicherry,2006,16,1,Ossudu,SC,A. ELUMALAI,M,41,SC,IND,6417
Pondicherry,2006,17,1,Villenour,GEN,J. NARAYANASAMY,M,55,GEN,IND,11950
Pondicherry,2006,18,1,Ozhukarai,GEN,A. NAMASSIVAYAM,M,37,GEN,INC,14072
Pondicherry,2006,19,1,Thattanchavady,GEN,N. RANGASAMY,M,56,GEN,INC,27024
Pondicherry,2006,20,1,Reddiarpalayam,GEN,R.VISWANATHAN,M,57,GEN,CPI,17314
Pondicherry,2006,21,1,Lawspet,GEN,M.O.H.F. SHAHJAHAN,M,42,GEN,INC,17944
Pondicherry,2006,22,1,Cotchery,GEN,OMALINGAM.V,M,34,GEN,ADMK,10116
Pondicherry,2006,23,1,Karaikal,GEN,A.M.H. NAZEEM,M,44,GEN,DMK,5742
Pondicherry,2006,24,1,Karaikal South,GEN,V.K.GANAPATHY,M,45,GEN,PMC,7970
Pondicherry,2006,25,1,Neravy-Grand Aldee,GEN,V.M.C. SIVAKKUMAR,M,56,GEN,DMK,4946
Pondicherry,2006,26,1,Tirunallar,GEN,P.R.SIVA,M,31,GEN,MDMK,7237
Pondicherry,2006,27,1,Neduncadu,SC,A.MARIMUTHU,M,64,SC,IND,6143
Pondicherry,2006,28,1,Mahe,GEN,E. VALSARAJ,M,52,GEN,INC,5647
Pondicherry,2006,29,1,Palloor,GEN,A.V.SREEDHARAN,M,60,GEN,INC,5987
Pondicherry,2006,30,1,Yanam,GEN,MALLADI KRISHNA RAO,M,41,GEN,INC,11763
Pondicherry,2011,1,1,Mannadipet,GEN,T.P.R. SELVAM,M,39,GEN,AINRC,12412
Pondicherry,2011,2,1,Thirubhuvanai,SC,P. ANGALANE,M,43,SC,AINRC,13733
Pondicherry,2011,3,1,Oussudu,SC,P. KARTHIKEYAN,M,35,SC,AINRC,13327
Pondicherry,2011,4,1,Mangalam,GEN,C. DJEACOUMAR,M,57,GEN,INC,14052
Pondicherry,2011,5,1,Villianur,GEN,A. NAMASSIVAYAM,M,41,GEN,INC,13105
Pondicherry,2011,6,1,Ozhukarai,GEN,N.G. PANNIR SELVAM,M,48,GEN,AINRC,9071
Pondicherry,2011,7,1,Kadirgamam,GEN,N. RANGASAMY,M,61,GEN,AINRC,16323
Pondicherry,2011,8,1,Indira Nagar,GEN,N. RANGASAMY,M,61,GEN,AINRC,20685
Pondicherry,2011,9,1,Thattanchavady,GEN,ASHOK ANAND,M,36,GEN,AINRC,14597
Pondicherry,2011,10,1,Kamaraj Nagar,GEN,V. VAITHILINGAM,M,60,GEN,INC,12570
Pondicherry,2011,11,1,Lawspet,GEN,M. VAITHIANATHAN,M,37,GEN,AINRC,10189
Pondicherry,2011,12,1,Kalapet,GEN,P.M.L. KALYANA SUNDARAM,M,33,GEN,AINRC,14132
Pondicherry,2011,13,1,Muthialpet,GEN,NANDHA. T. SARAVANAN,M,40,GEN,DMK,10364
Pondicherry,2011,14,1,Raj Bhavan,GEN,K. LAKSHMINARAYANAN,M,51,GEN,INC,11398
Pondicherry,2011,15,1,Oupalam,GEN,A. ANBALAGAN,M,54,GEN,ADMK,9536
Pondicherry,2011,16,1,Orleampeth,GEN,G. NEHRU @ KUPPUSAMY,M,47,GEN,AINRC,10986
Pondicherry,2011,17,1,Nellithope,GEN,OMSAKTHI SEKAR,M,50,GEN,ADMK,13301
Pondicherry,2011,18,1,Mudaliarpet,GEN,A. BASKAR,M,40,GEN,ADMK,17016
Pondicherry,2011,19,1,Ariankuppam,GEN,V.SABAPATHY @,M,67,GEN,AINRC,13381
Pondicherry,2011,20,1,Manavely,GEN,P.PURUSHOTHAMAN,M,63,GEN,ADMK,13979
Pondicherry,2011,21,1,Embalam,SC,P. RAJAVELU,M,49,SC,AINRC,12933
Pondicherry,2011,22,1,Nettapakkam,SC,L. PERIYASAMY,M,52,SC,ADMK,14686
Pondicherry,2011,23,1,Bahour,GEN,T. THIAGARAJAN,M,59,GEN,AINRC,12284
Pondicherry,2011,24,1,Nedungadu,SC,M.CHANDHRAKASU,M,62,SC,AINRC,12474
Pondicherry,2011,25,1,Thirunallar,GEN,P.R. SIVA,M,35,GEN,AINRC,11702
Pondicherry,2011,26,1,Karaikal North,GEN,P.R.N. THIRUMURUGAN,M,38,GEN,INC,12155
Pondicherry,2011,27,1,Karaikal South,GEN,A.M.H. NAZEEM,M,49,GEN,DMK,8377
Pondicherry,2011,28,1,Neravy T.R. Pattinam,GEN,V.M.C. SIVAKKUMAR,M,60,GEN,IND,8860
Pondicherry,2011,29,1,Mahe,GEN,E.VALSARAJ,M,57,GEN,INC,13297
Pondicherry,2011,30,1,Yanam,GEN,MALLADI KRISHNA RAO,M,46,GEN,INC,23985
