party,constituency,name,margin,state,votes,color
Haryana Janhit Congress (BL),Adampur,KULDEEP BISHNOI,17249,Haryana,56757,#999
Bharatiya Janata Party,Ambala Cantt.,ANIL VIJ,15462,Haryana,66605,#FB7B0D
Bharatiya Janata Party,Ambala City,ASEEM GOEL,23252,Haryana,60216,#FB7B0D
Bharatiya Janata Party,Assandh,BAKHSHISH  SINGH VIRK,4608,Haryana,30723,#FB7B0D
Bharatiya Janata Party,Ateli,SANTOSH YADAV,48601,Haryana,64659,#FB7B0D
Bharatiya Janata Party,Badhra,SUKHVINDER,5006,Haryana,39139,#FB7B0D
Bharatiya Janata Party,Badkhal,SEEMA TRIKHA,36609,Haryana,70218,#FB7B0D
Bharatiya Janata Party,Badli,OM PARKASH DHANKAR,9266,Haryana,41549,#FB7B0D
Bharatiya Janata Party,Badshahpur,NARBIR SINGH,18132,Haryana,86672,#FB7B0D
Bharatiya Janata Party,Bahadurgarh,NARESH KAUSHIK,4882,Haryana,38341,#FB7B0D
Bharatiya Janata Party,Ballabhgarh,MOOL CHAND SHARMA,53098,Haryana,69074,#FB7B0D
Indian National Congress,Baroda,SRI KRISHAN,5183,Haryana,50530,#019733
Indian National Lok Dal,Barwala,VED NARANG,10261,Haryana,34941,#800000
Bharatiya Janata Party,Bawal (SC),DR. BANWARI LAL,37391,Haryana,72792,#FB7B0D
Bharatiya Janata Party,Bawani Khera (SC),BISHAMBER SINGH,2559,Haryana,47323,#FB7B0D
Indian National Congress,Beri,DR.RAGHUVIR SINGH KADIAN,4493,Haryana,36793,#019733
Bharatiya Janata Party,Bhiwani,GHANSHYAM SARAF,28597,Haryana,50020,#FB7B0D
Indian National Lok Dal,Dabwali,NAINA SINGH CHAUTALA,8545,Haryana,68029,#800000
Indian National Lok Dal,Dadri,RAJDEEP,1610,Haryana,43400,#800000
Indian National Lok Dal,Ellenabad,ABHAY SINGH CHAUTALA,11539,Haryana,69162,#800000
Bharatiya Janata Party,Faridabad,VIPUL GOEL,44781,Haryana,72679,#FB7B0D
Indian National Lok Dal,Faridabad NIT,NAGENDER BHADANA,2914,Haryana,45740,#800000
Indian National Lok Dal,Fatehabad,BALWAN SINGH DAULATPURIA,3505,Haryana,60539,#800000
Indian National Lok Dal,Ferozepur Jhirka,NASEEM AHMED,3245,Haryana,40320,#800000
Indian National Congress,Ganaur,KULDIP SHARMA,7543,Haryana,46146,#019733
Indian National Congress,Garhi Sampla-Kiloi,BHUPINDER SINGH HOODA,47185,Haryana,80693,#019733
Bharatiya Janata Party,Gharaunda,HARVINDER KALYAN,17883,Haryana,55247,#FB7B0D
Indian National Congress,Gohana,JAGBIR SINGH MALIK,3228,Haryana,41393,#019733
Bharatiya Janata Party,Guhla (SC),KULWANT RAM BAZIGAR,2440,Haryana,36598,#FB7B0D
Bharatiya Janata Party,Gurgaon,UMESH AGGARWAL,84095,Haryana,106106,#FB7B0D
Haryana Janhit Congress (BL),Hansi,RENUKA BISHNOI,14652,Haryana,46335,#999
Indian National Lok Dal,Hathin,KEHAR SINGH,6372,Haryana,44703,#800000
Bharatiya Janata Party,Hisar,DR.KAMAL GUPTA S/O MANPHOOL SINGH,13646,Haryana,42285,#FB7B0D
Indian National Congress,Hodal (SC),UDAI BHAN,11680,Haryana,50723,#019733
Bharatiya Janata Party,Indri,KARAN DEV KAMBOJ,23875,Haryana,45756,#FB7B0D
Bharatiya Janata Party,Israna (SC),KRISHAN LAL PANWAR,1828,Haryana,40277,#FB7B0D
Bharatiya Janata Party,Jagadhri,KANWAR PAL S/O CHANDAN SINGH,34156,Haryana,74203,#FB7B0D
Indian National Congress,Jhajjar (SC),GEETA BHUKKAL,26584,Haryana,51697,#019733
Indian National Lok Dal,Jind,DR. HARI CHAND MIDDHA,2257,Haryana,31631,#800000
Indian National Lok Dal,Julana,PARMINDER SINGH DHULL,22806,Haryana,54632,#800000
Indian National Congress,Kaithal,RANDEEP SINGH SURJEWALA,23675,Haryana,65524,#019733
Indian National Congress,Kalanaur (SC),SHAKUNTLA KHATAK,3972,Haryana,50451,#019733
Shiromani Akali Dal,Kalawali (SC),BALKAUR SINGH,12965,Haryana,54112,#999
Independent,Kalayat,BHAI JAI PARKASH (J.P.),8390,Haryana,51106,#95b3d7
Bharatiya Janata Party,Kalka,LATIKA SHARMA,19027,Haryana,50347,#FB7B0D
Bharatiya Janata Party,Karnal,MANOHAR LAL KHATTAR,63773,Haryana,82485,#FB7B0D
Indian National Congress,Kharkhauda (SC),JAIVEER SINGH,14182,Haryana,37829,#019733
Bharatiya Janata Party,Kosli,BIKRAM SINGH THEKEDAR,10767,Haryana,63264,#FB7B0D
Bharatiya Janata Party,Ladwa,DR. PAWAN SAINI,2992,Haryana,42445,#FB7B0D
Indian National Lok Dal,Loharu,OM PARKASH BARWA,2095,Haryana,40693,#800000
Bharatiya Janata Party,Mahendragarh,RAM  BILASH  SHARMA,34491,Haryana,83724,#FB7B0D
Indian National Congress,Meham,ANAND SINGH DANGI,9657,Haryana,50728,#019733
Bharatiya Janata Party,Mulana (SC),SANTOSH CHAUHAN SARWAN,5649,Haryana,49970,#FB7B0D
Indian National Lok Dal,Nalwa,RANBIR GANGWA,7115,Haryana,41950,#800000
Bharatiya Janata Party,Nangal chaudhry,ABHE SINGH YADAV,981,Haryana,33929,#FB7B0D
Bharatiya Janata Party,Naraingarh,NAYAB SINGH,24361,Haryana,55931,#FB7B0D
Bharatiya Janata Party,Narnaul,OM PRAKASH,4573,Haryana,31664,#FB7B0D
Bharatiya Janata Party,Narnaund,CAPTAIN ABHIMANYU,5761,Haryana,53770,#FB7B0D
Indian National Lok Dal,Narwana (SC),PIRTHI SINGH,9152,Haryana,72166,#800000
Bharatiya Janata Party,Nilokheri (SC),BHAGWAN DASS KABIR PANTHI,34410,Haryana,58354,#FB7B0D
Indian National Lok Dal,Nuh,ZAKIR HUSSAIN,32796,Haryana,64221,#800000
Indian National Congress,Palwal,KARAN SINGH DALAL,5642,Haryana,57423,#019733
Bharatiya Janata Party,Panchkula,GIAN CHAND GUPTA,44602,Haryana,69916,#FB7B0D
Bharatiya Janata Party,Panipat City,ROHITA REWRI,53721,Haryana,92757,#FB7B0D
Bharatiya Janata Party,Panipat Rural,MAHIPAL DHANDA,36132,Haryana,62074,#FB7B0D
Bharatiya Janata Party,Pataudi (SC),BIMLA CHAUDHARY,38963,Haryana,75198,#FB7B0D
Indian National Lok Dal,Pehowa,JASWINDER SINGH SANDHU,9347,Haryana,49110,#800000
Bahujan Samaj Party,Prithla,TEK CHAND SHARMA,1179,Haryana,37178,#999
Independent,Punahana,RAHISH KHAN,3141,Haryana,34281,#95b3d7
Independent,Pundri,DINESH KAUSHIK,4832,Haryana,38312,#95b3d7
Bharatiya Janata Party,Radaur,SHYAM SINGH,38707,Haryana,67076,#FB7B0D
Indian National Congress,Rai,JAI TIRATH,3,Haryana,36703,#019733
Indian National Lok Dal,Rania,RAM CHAND KAMBOJ,4315,Haryana,43971,#800000
Indian National Lok Dal,Ratia (SC),PROF. RAVINDER BALIALA,453,Haryana,50905,#800000
Bharatiya Janata Party,Rewari,RANDHIR SINGH KAPRIWAS,45466,Haryana,81103,#FB7B0D
Bharatiya Janata Party,Rohtak,MANISH KUMAR GROVER,11132,Haryana,57718,#FB7B0D
Bharatiya Janata Party,Sadhaura (SC),BALWANT SINGH,14146,Haryana,63772,#FB7B0D
Independent,Safidon,JASBIR DESWAL,1422,Haryana,29369,#95b3d7
Independent,Samalkha,RAVINDER MACHHROULI,20373,Haryana,53294,#95b3d7
Bharatiya Janata Party,Shahbad (SC),KRISHAN KUMAR,562,Haryana,45715,#FB7B0D
Indian National Lok Dal,Sirsa,MAKHAN LAL SINGLA,2938,Haryana,46573,#800000
Bharatiya Janata Party,Sohna,TEJPAL TAWAR,24547,Haryana,53797,#FB7B0D
Bharatiya Janata Party,Sonipat,KAVITA JAIN,25810,Haryana,56832,#FB7B0D
Bharatiya Janata Party,Thanesar,SUBHASH SUDHA,25638,Haryana,68080,#FB7B0D
Indian National Congress,Tigaon,LALIT NAGAR,2938,Haryana,55408,#019733
Bharatiya Janata Party,Tohana,SUBHASH BARALA,6906,Haryana,49462,#FB7B0D
Indian National Congress,Tosham,KIRAN CHOUDHRY,19741,Haryana,58218,#019733
Bharatiya Janata Party,Uchana kalan,PREM LATA,7480,Haryana,79674,#FB7B0D
Indian National Lok Dal,Uklana (SC),ANOOP DHANAK,17927,Haryana,58120,#800000
Bharatiya Janata Party,Yamunanagar,GHANSHYAM DASS,28245,Haryana,79743,#FB7B0D
Independent,Achalpur,BACCHU ALIAS OMPRAKASH BABARAO KADU,10170,Maharashtra,59234,#95b3d7
Bharatiya Janata Party,Aheri,AMBRISHRAO RAJE SATYAVANRAO ATRAM,19858,Maharashtra,56418,#FB7B0D
Independent,Ahmadpur,JADHAV PATIL VINAYAKRAO KISHANRAO,4006,Maharashtra,61957,#95b3d7
Nationalist Congress Party,Ahmednagar City,SANGRAM ARUNKAKA JAGTAP,3317,Maharashtra,49378,#8064a2
Nationalist Congress Party,Airoli,SANDEEP GANESH NAIK,8725,Maharashtra,76444,#8064a2
Indian National Congress,Akkalkot,SIDDHARAM  SATLINGAPPA MHETRE,17644,Maharashtra,97333,#019733
Indian National Congress,Akkalkuwa,PADAVI ADV. K.C.,15775,Maharashtra,64410,#019733
Bharatiya Janata Party,Akola East,SAVARKAR RANDHIR PRALHADRAO,2440,Maharashtra,53678,#FB7B0D
Bharatiya Janata Party,Akola West,GOVARDHAN MANGILAL SHARMA,39953,Maharashtra,66934,#FB7B0D
Nationalist Congress Party,Akole,PICHAD VAIBHAV MADHUKAR,20062,Maharashtra,67696,#8064a2
Bharatiya Janata Party,Akot,BHARSAKLE PRAKASH GUNVANTRAO,31411,Maharashtra,70086,#FB7B0D
Peasants And Workers Party of India,Alibag,SUBHASH ALIAS PANDITSHET PATIL,16094,Maharashtra,76959,#999
Independent,Amalner,SHIRISHDADA HIRALAL CHAUDHARI,21239,Maharashtra,68149,#95b3d7
Nationalist Congress Party,Ambegaon,DILIP DATTATRAY WALSE PATIL,58154,Maharashtra,120235,#8064a2
Shivsena,Ambernath,DR. BALAJI KINIKAR,2041,Maharashtra,47000,#F05A00
Bharatiya Janata Party,Amgaon,PURAM SANJAY HANWANTRAO,18295,Maharashtra,62590,#FB7B0D
Bharatiya Janata Party,Amravati,DR. DESHMUKH SUNIL PANJABRAO,35072,Maharashtra,84033,#FB7B0D
Shivsena,Andheri East,RAMESH LATKE,5479,Maharashtra,52817,#F05A00
Bharatiya Janata Party,Andheri West,AMEET BHASKAR SATAM,24040,Maharashtra,59022,#FB7B0D
Shivsena,Anushakti Nagar,TUKARAM RAMKRISHNA KATE,1007,Maharashtra,39966,#F05A00
Bharatiya Janata Party,Arjuni-morgaon,BADOLE RAJKUMAR SUDAMJI,30295,Maharashtra,64401,#FB7B0D
Bharatiya Janata Party,Armori,KRUSHNA DAMAJI GAJBE,12733,Maharashtra,60413,#FB7B0D
Bharatiya Janata Party,Arni,RAJU NARAYAN TODSAM,20721,Maharashtra,86991,#FB7B0D
Indian National Congress,Arvi,AMAR SHARADRAO KALE,3143,Maharashtra,75886,#019733
Bharatiya Janata Party,Ashti,DHONDE BHIMRAO ANANDRAO,5982,Maharashtra,120915,#FB7B0D
All India Majlis-E-Ittehadul Muslimeen,Aurangabad central,SAYED IMTIAZ JALIL,19982,Maharashtra,61843,#999
Bharatiya Janata Party,Aurangabad East,ATUL MORESHWAR SAVE,4260,Maharashtra,64528,#FB7B0D
Shivsena,Aurangabad West,SANJAY SHIRSAT,6927,Maharashtra,61282,#F05A00
Indian National Congress,Ausa,BASAVRAJ MADHAVRAO PATIL,8858,Maharashtra,64237,#019733
Bharatiya Janata Party,Badnapur,KUCHE NARAYAN TILAKCHAND,23495,Maharashtra,73560,#FB7B0D
Independent,Badnera,RAVI RANA,7419,Maharashtra,46827,#95b3d7
Nationalist Congress Party,Baglan,CHAVAN DIPIKA SANJAY,4181,Maharashtra,68434,#8064a2
Bharipa Bahujan Mahasangh,Balapur,BALIRAM BHAGWAN SIRSKAR,6939,Maharashtra,41426,#999
Bharatiya Janata Party,Ballarpur,MUNGANTIWAR SUDHIR SACHHIDANAND,43600,Maharashtra,103718,#FB7B0D
Nationalist Congress Party,Baramati,AJIT ANANTRAO PAWAR,89791,Maharashtra,150588,#8064a2
Nationalist Congress Party,Barshi,DILIP GANGADHAR SOPAL,5111,Maharashtra,97655,#8064a2
Shivsena,Basmath,MUNDADA JAIPRAKASH SHANKARLAL,5556,Maharashtra,63851,#F05A00
Nationalist Congress Party,Beed,KSHIRSAGER JAYDATTJI SONAJIRAO,6132,Maharashtra,77134,#8064a2
Bharatiya Janata Party,Belapur,MANDA VIJAY MHATRE,1491,Maharashtra,55316,#FB7B0D
Bharatiya Janata Party,Bhandara,AVSARE RAMCHANDRA PUNAJI,36832,Maharashtra,83408,#FB7B0D
Shivsena,Bhandup West,ASHOK PATIL,4772,Maharashtra,48151,#F05A00
Shivsena,Bhiwandi East,RUPESH LAXMAN MHATRE,3393,Maharashtra,33541,#F05A00
Shivsena,Bhiwandi Rural (S.T.),SHANTARAM TUKARAM MORE,9160,Maharashtra,57082,#F05A00
Bharatiya Janata Party,Bhiwandi West,CHOUGHULE MAHESH PRABHAKAR,3326,Maharashtra,42483,#FB7B0D
Indian National Congress,Bhokar,AMEETA ASHOKRAO CHAVAN,47557,Maharashtra,100781,#019733
Bharatiya Janata Party,Bhokardan,DANAVE SANTOSH RAOSAHEB,6750,Maharashtra,69597,#FB7B0D
Indian National Congress,Bhor,SANGRAM ANANTRAO THOPATE,18951,Maharashtra,78602,#019733
Independent,Bhosari,MAHESH (DADA) KISAN LANDGE,15316,Maharashtra,60173,#95b3d7
Bharatiya Janata Party,Bhusawal,SAWAKARE SANJAY WAMAN,34637,Maharashtra,87818,#FB7B0D
Bahujan Vikas Aaghadi,Boisar,TARE VILAS SUKUR,12873,Maharashtra,64550,#999
Bharatiya Janata Party,Borivali,VINOD TAWDE,79267,Maharashtra,108278,#FB7B0D
Indian National Congress,Brahmapuri,WADETTIWAR VIJAY NAMDEVRAO,13610,Maharashtra,70373,#019733
Indian National Congress,Buldhana,HARSHWARDHAN VASANTRAO SAPKAL,11661,Maharashtra,46985,#019733
All India Majlis-E-Ittehadul Muslimeen,Byculla,ADVOCATE  WARIS YUSUF PATHAN,1357,Maharashtra,25314,#999
Bharatiya Janata Party,Chalisgaon,UNMESH BHAIYYASAHEB PATIL,22380,Maharashtra,94754,#FB7B0D
Nationalist Congress Party,Chandgad,DESAI-KUPAKAR SANDHYADEVI KRUSHNARAO,8199,Maharashtra,51599,#8064a2
Indian National Congress,Chandivali,KHAN MOHD. ARIF (NASEEM),29469,Maharashtra,73141,#019733
Bharatiya Janata Party,Chandrapur,SHAMKULE NANAJI SITARAM,30772,Maharashtra,81483,#FB7B0D
Bharatiya Janata Party,Chandvad,DR. AHER RAHUL DAULTRAO,11161,Maharashtra,54946,#FB7B0D
Bharatiya Janata Party,Charkop,YOGESH SAGAR,64367,Maharashtra,96097,#FB7B0D
Shivsena,Chembur,PRAKASH VAIKUNTH PHATERPEKAR,10027,Maharashtra,47410,#F05A00
Indian National Congress,Chikhli,RAHUL SIDDHAVINAYAK BONDRE,14061,Maharashtra,61581,#019733
Bharatiya Janata Party,Chimur,BANTI BHANGDIYA,25155,Maharashtra,87377,#FB7B0D
Bharatiya Janata Party,Chinchwad,JAGTAP LAXMAN PANDURANG,60297,Maharashtra,123786,#FB7B0D
Shivsena,Chiplun,CHAVAN SADANAND NARAYAN,6068,Maharashtra,75695,#F05A00
Shivsena,Chopda,SONAWANE CHANDRAKANT BALIRAM,11935,Maharashtra,54176,#F05A00
Bharatiya Janata Party,Colaba,RAJ K.PUROHIT,23787,Maharashtra,52608,#FB7B0D
Bharatiya Janata Party,Dahanu,DHANARE PASKAL JANYA,16700,Maharashtra,44849,#FB7B0D
Bharatiya Janata Party,Dahisar,CHAUDHARY MANISHA ASHOK,38578,Maharashtra,77238,#FB7B0D
Nationalist Congress Party,Dapoli,KADAM SANJAY VASANT,3784,Maharashtra,52907,#8064a2
Bharatiya Janata Party,Daryapur,RAMESH GANPATRAO BUNDILE,19582,Maharashtra,64224,#FB7B0D
Rashtriya Samaj Paksha,Daund,KUL RAHUL SUBHASHRAO,11345,Maharashtra,87649,#999
Shivsena,Deglur,SABNE SUBHASH PIRAJI,8648,Maharashtra,66852,#F05A00
Indian National Congress,Deoli,KAMBLE RANJIT PRATAPRAO,943,Maharashtra,62533,#019733
Shivsena,Devlali,GHOLAP YOGESH(BAPU) BABANRAO,28171,Maharashtra,49751,#F05A00
Indian National Congress,Dhamamgaon railway,JAGTAP VIRENDRA WALMIK,974,Maharashtra,70879,#019733
Indian National Congress,Dharavi,GAIKWAD VARSHA EKNATH,15328,Maharashtra,47718,#019733
Bharatiya Janata Party,Dhule City,ANIL ANNA GOTE,12928,Maharashtra,57780,#FB7B0D
Indian National Congress,Dhule Rural,KUNAL (BABA) ROHIDAS PATIL,46082,Maharashtra,119094,#019733
Shivsena,Digras,RATHOD SANJAY DULICHAND,79864,Maharashtra,121216,#F05A00
Nationalist Congress Party,Dindori,ZIRWAL NARHARI SITARAM,12633,Maharashtra,68284,#8064a2
Shivsena,Dindoshi,SUNIL PRABHU,19828,Maharashtra,56577,#F05A00
Bharatiya Janata Party,Dombivali,CHAVHAN RAVINDRA DATTATRAY,46225,Maharashtra,83872,#FB7B0D
Nationalist Congress Party,Erandol,ANNASAHEB DR. SATISH BHASKARRAO PATIL,1983,Maharashtra,55656,#8064a2
Bharatiya Janata Party,Gadchiroli,DR. DEORAO MADGUJI HOLI,51905,Maharashtra,70185,#FB7B0D
Nationalist Congress Party,Gangakhed,MADHUSUDAN MANIKRAO KENDRE,2289,Maharashtra,58415,#8064a2
Bharatiya Janata Party,Gangapur,BAMB PRASHANT BANSILAL,17278,Maharashtra,55483,#FB7B0D
Bharatiya Janata Party,Georai,PAWAR LAXMAN MADHAVRO,60001,Maharashtra,136384,#FB7B0D
Nationalist Congress Party,Ghansawangi,RAJESHBHAIYYA TOPE,43476,Maharashtra,98030,#8064a2
Bharatiya Janata Party,Ghatkopar East,MEHTA PRAKASH MANCHHUBHAI,40127,Maharashtra,67012,#FB7B0D
Bharatiya Janata Party,Ghatkopar West,RAM  KADAM,41916,Maharashtra,80343,#FB7B0D
Indian National Congress,Gondiya,AGRAWAL GOPALDAS SHANKARLAL,10758,Maharashtra,62701,#019733
Bharatiya Janata Party,Goregaon,VIDYA THAKUR,4756,Maharashtra,63629,#FB7B0D
Nationalist Congress Party,Guhagar,JADHAV BHASKAR BHAURAO,32764,Maharashtra,72525,#8064a2
Bharatiya Janata Party,Hadapsar,TILEKAR YOGESH KUNDALIK,30248,Maharashtra,82629,#FB7B0D
Shivsena,Hadgaon,ASHTIKAR PATIL NAGESH BAPURAO,13441,Maharashtra,78520,#F05A00
Shivsena,Hatkanangle,DR. MINCHEKAR SUJIT VASANTRAO,29370,Maharashtra,89087,#F05A00
Bharatiya Janata Party,Hinganghat,KUNAWAR SAMIR TRAMBAKRAO,65175,Maharashtra,90275,#FB7B0D
Bharatiya Janata Party,Hingna,MEGHE SAMEER DATTATRAYA,23158,Maharashtra,84139,#FB7B0D
Bharatiya Janata Party,Hingoli,MUTKULE TANHAJI SAKHARAMJI,56446,Maharashtra,97045,#FB7B0D
Bharatiya Janata Party,Ichalkaranji,SURESH GANPATI HALVANKAR,15255,Maharashtra,94293,#FB7B0D
Indian National Congress,Igatpuri,GAVEET NIRMALA RAMESH,10377,Maharashtra,49128,#019733
Nationalist Congress Party,Indapur,DATTATRAY VITHOBA BHARNE,14173,Maharashtra,108400,#8064a2
Nationalist Congress Party,Islampur,JAYANT RAJARAM PATIL,75186,Maharashtra,113045,#8064a2
Bharatiya Janata Party,Jalgaon (Jamod),KUTE DR. SANJAY SHRIRAM,4695,Maharashtra,63888,#FB7B0D
Bharatiya Janata Party,Jalgaon City,SURESH DAMU BHOLE (RAJUMAMA),42314,Maharashtra,88363,#FB7B0D
Shivsena,Jalgaon Rural,PATIL GULAB RAGHUNATH,31367,Maharashtra,84020,#F05A00
Shivsena,Jalna,ARJUN PANDITRAO KHOTKAR,296,Maharashtra,45078,#F05A00
Bharatiya Janata Party,Jamner,GIRISH DATTATRAY MAHAJAN,35768,Maharashtra,103498,#FB7B0D
Bharatiya Janata Party,Jath,JAGTAP VILASRAV NARAYAN,17698,Maharashtra,72885,#FB7B0D
Nationalist Congress Party,Jintur,BHAMALE VIJAY MANIKRAO,27358,Maharashtra,106912,#8064a2
Shivsena,Jogeshwari East,RAVINDRA DATTARAM WAIKAR,28962,Maharashtra,72767,#F05A00
Maharashtra Navnirman sena,Junnar,SHARADDADA BHIMAJI SONAVANE,16923,Maharashtra,60305,#999
Nationalist Congress Party,Kagal,MUSHRIF HASAN MIYALAL,5934,Maharashtra,123626,#8064a2
Bharatiya Janata Party,Kaij,THOMBRE SANGEETA VIJAYPRAKASH,42721,Maharashtra,106834,#FB7B0D
Indian National Congress,Kalamnuri,TARFE SANTOSH KAUTIKA,10536,Maharashtra,67104,#019733
Shivsena,Kalina,SANJAY  GOVIND POTNIS,1297,Maharashtra,30715,#F05A00
Communist Party of India  (Marxist),Kalwan,GAVIT JIVA PANDU,4786,Maharashtra,67795,#DE0000
Independent,Kalyan East,GANPAT KALU GAIKWAD,745,Maharashtra,36357,#95b3d7
Shivsena,Kalyan Rural,BHOIR SUBHASH GANU,44212,Maharashtra,84110,#F05A00
Bharatiya Janata Party,Kalyan West,NARENDRA BABURAO PAWAR,2219,Maharashtra,54388,#FB7B0D
Bharatiya Janata Party,Kamthi,CHANDRASHEKHAR KRUSHNRAO BAWANKULE,40002,Maharashtra,126755,#FB7B0D
Bharatiya Janata Party,Kandivali East,ATUL BHATKHALKAR,41188,Maharashtra,72427,#FB7B0D
Indian National Congress,Kankavli,NITESH NARAYAN RANE,25979,Maharashtra,74715,#019733
Shivsena,Kannad,JADHAV HARSHVARDHAN RAIBHAN,1561,Maharashtra,62542,#F05A00
Nationalist Congress Party,Karad North,PATIL SHAMRAO ALIAS BALASO PANDURANG,20507,Maharashtra,78324,#8064a2
Indian National Congress,Karad South,CHAVAN PRITHVIRAJ DAJISAHEB,16418,Maharashtra,76831,#019733
Bharatiya Janata Party,Karanja,PATNI RAJENDRA SUKHANAND,4147,Maharashtra,44751,#FB7B0D
Nationalist Congress Party,Karjat,SURESHBHAU NARAYAN LAD,1900,Maharashtra,57013,#8064a2
Bharatiya Janata Party,Karjat jamkhed,PRO. RAM SHANKAR SHINDE,37816,Maharashtra,84058,#FB7B0D
Shivsena,Karmala,PATIL NARAYAN GOVINDRAO,257,Maharashtra,60674,#F05A00
Shivsena,Karvir,NARKE CHANDRADIP SHASHIKANT,710,Maharashtra,107998,#F05A00
Bharatiya Janata Party,Kasba peth,BAPAT GIRISH BHALCHANDRA,42272,Maharashtra,73594,#FB7B0D
Bharatiya Janata Party,Katol,DR ASHISH DESHMUKH,5557,Maharashtra,70344,#FB7B0D
Bharatiya Janata Party,Khadakwasala,TAPKIR BHIMRAO DHONDIBA,63026,Maharashtra,111531,#FB7B0D
Bharatiya Janata Party,Khamgaon,AKASH PANDURANG FUNDKAR,7061,Maharashtra,71819,#FB7B0D
Shivsena,Khanapur,ANILBHAU BABAR,19797,Maharashtra,72849,#F05A00
Shivsena,Khed alandi,GORE SURESH NAMDEO,32718,Maharashtra,103207,#F05A00
Nationalist Congress Party,Kinwat,JADHAV PRADEEP NAIK,4975,Maharashtra,60127,#8064a2
Shivsena,Kolhapur North,RAJESH VINAYAKRAO KSHIRSAGAR,22421,Maharashtra,69736,#F05A00
Bharatiya Janata Party,Kolhapur South,AMAL MAHADIK,8528,Maharashtra,105489,#FB7B0D
Bharatiya Janata Party,Kopargaon,KOLHE SNEHALATA BIPINDADA,29270,Maharashtra,99763,#FB7B0D
Shivsena,Kopri-Pachpakhadi,EKNATH SAMBHAJI SHINDE,51869,Maharashtra,100316,#F05A00
Nationalist Congress Party,Koregaon,SHINDE SHASHIKANT JAYWANTRAO,47247,Maharashtra,95213,#8064a2
Bharatiya Janata Party,Kothrud,KULKARNI MEDHA VISHRAM,64662,Maharashtra,100941,#FB7B0D
Shivsena,Kudal,NAIK VAIBHAV VIJAY,10376,Maharashtra,70582,#F05A00
Shivsena,Kurla,MANGESH  KUDALKAR,12679,Maharashtra,41580,#F05A00
Indian National Congress,Latur City,AMIT VILASRAO DESHMUKH,49465,Maharashtra,119656,#019733
Indian National Congress,Latur Rural,BHISE TRIMBAKRAO SHRIRANGRAO,10510,Maharashtra,100897,#019733
Shivsena,Loha,CHIKHALIKAR PRATAPRAO GOVINDRAO,45486,Maharashtra,92435,#F05A00
Nationalist Congress Party,Madha,SHINDE BABANRAO VITTHALRAO,35778,Maharashtra,97803,#8064a2
Shivsena,Magathane,PRAKASH SURVE,20385,Maharashtra,65016,#F05A00
Shivsena,Mahad,GOGAWALE BHARAT MARUTI,21256,Maharashtra,94408,#F05A00
Shivsena,Mahim,SADA SARVANKAR,5941,Maharashtra,46291,#F05A00
Bharatiya Janata Party,Majalgaon,R.T.DESHMUKH (JIJA),37245,Maharashtra,112497,#FB7B0D
Bharatiya Janata Party,Malabar hill,MANGAL PRABHAT  LODHA,68686,Maharashtra,97818,#FB7B0D
Indian National Congress,Malad West,ASLAM SHAIKH,2303,Maharashtra,56574,#019733
Indian National Congress,Malegaon central,SHAIKH AASIF SHAIKH RASHID,16151,Maharashtra,75326,#019733
Shivsena,Malegaon outer,BHUSE DADAJI DAGDU,37421,Maharashtra,82093,#F05A00
Bharatiya Janata Party,Malkapur,CHAINSUKH MADANLAL SANCHETI,26946,Maharashtra,75965,#FB7B0D
Nationalist Congress Party,Malshiras,DOLAS HANUMANT JAGANNATH,6245,Maharashtra,77179,#8064a2
Indian National Congress,Man,JAYKUMAR BHAGWANRAO GORE,23351,Maharashtra,75708,#019733
Samajwadi Party,Mankhurd shivaji Nagar,ABU ASIM AZMI,9937,Maharashtra,41719,#999
Bharatiya Janata Party,Maval,BHEGADE SANJAY (BALA) VISHWANATH,28001,Maharashtra,95319,#FB7B0D
Shivsena,Mehkar,SANJAY BHASHKAR RAIMULKAR,35935,Maharashtra,80356,#F05A00
Bharatiya Janata Party,Melghat,BHILAWEKAR PRABHDAS BABULAL,1979,Maharashtra,57002,#FB7B0D
Bharatiya Janata Party,Mira Bhayandar,NARENDRA MEHTA,32292,Maharashtra,91468,#FB7B0D
Bharatiya Janata Party,Miraj,KHADE SURESH(BHAU) DAGADU,64067,Maharashtra,93795,#FB7B0D
Nationalist Congress Party,Mohol,RAMESH NAGNATH KADAM,8367,Maharashtra,62120,#8064a2
Bharatiya Janata Party,Morshi,DR. ANIL SUKHDEVRAO BONDE,40162,Maharashtra,71611,#FB7B0D
Bharatiya Janata Party,Mukhed,GOVIND MUKKAJI RATHOD,73291,Maharashtra,118781,#FB7B0D
Bharatiya Janata Party,Muktainagar,KHADSE EKNATHRAO GANPATRAO,9708,Maharashtra,85657,#FB7B0D
Bharatiya Janata Party,Mulund,SARDAR TARA SINGH,65307,Maharashtra,93850,#FB7B0D
Indian National Congress,Mumbadevi,AMIN PATEL,8513,Maharashtra,39188,#019733
Nationalist Congress Party,Mumbra-Kalwa,AWHAD JITENDRA SATISH,47683,Maharashtra,86533,#8064a2
Bharatiya Janata Party,Murbad,KISAN SHANKAR KATHORE,26230,Maharashtra,85543,#FB7B0D
Bharatiya Janata Party,Murtizapur,HARISH MAROTIAPPA PIMPLE,12888,Maharashtra,54226,#FB7B0D
Bharatiya Janata Party,Nagpur central,KUMBHARE VIKAS SHANKARRAO,38071,Maharashtra,87523,#FB7B0D
Bharatiya Janata Party,Nagpur East,KHOPDE KRISHNA PANCHAM,48614,Maharashtra,99136,#FB7B0D
Bharatiya Janata Party,Nagpur North,DR. MILIND MANE,13718,Maharashtra,68905,#FB7B0D
Bharatiya Janata Party,Nagpur South,KOHALE SUDHAKAR VITTHALRAO,43214,Maharashtra,81224,#FB7B0D
Bharatiya Janata Party,Nagpur South West,DEVENDRA GANGADHAR FADNAVIS,58942,Maharashtra,113918,#FB7B0D
Bharatiya Janata Party,Nagpur West,DESHMUKH SUDHAKAR SHAMRAO,26402,Maharashtra,86500,#FB7B0D
Indian National Congress,Naigaon,CHAVAN VASANTRAO BALWANTRAO,10425,Maharashtra,71020,#019733
Bahujan Vikas Aaghadi,Nalasopara,KSHITIJ HITENDRA THAKUR,54499,Maharashtra,113566,#999
Indian National Congress,Nanded North,D.P.SAWANT,7602,Maharashtra,40356,#019733
Shivsena,Nanded South,HEMANT SRIRAM PATIL,3207,Maharashtra,45836,#F05A00
Nationalist Congress Party,Nandgaon,PANKAJ CHHAGAN BHUJBAL,18436,Maharashtra,69263,#8064a2
Bharatiya Janata Party,Nandurbar,GAVIT VIJAYKUMAR KRUSHNARAO,27118,Maharashtra,101328,#FB7B0D
Bharatiya Janata Party,Nashik central,FARANDE DEVAYANI SUHAS,28272,Maharashtra,61548,#FB7B0D
Bharatiya Janata Party,Nashik East,BALASAHEB MAHADU SANAP,46374,Maharashtra,78941,#FB7B0D
Bharatiya Janata Party,Nashik West,HIRAY SEEMA MAHESH (SEEMATAI),29670,Maharashtra,67489,#FB7B0D
Indian National Congress,Nawapur,NAIK SURUPSING HIRYA,21817,Maharashtra,93796,#019733
Bharatiya Janata Party,Nevasa,BALASAHEB ALIAS DADASAHEB DAMODHAR MURKUTE,4659,Maharashtra,84570,#FB7B0D
Bharatiya Janata Party,Nilanga,NILANGEKAR SAMBHAJI DEELIPRAO PATIL,27511,Maharashtra,76817,#FB7B0D
Shivsena,Niphad,ANIL SAHEBRAO KADAM,3921,Maharashtra,78186,#F05A00
Nationalist Congress Party,Osmanabad,RANA JAGJIT SINHA PADMA SINHA  PATIL,10806,Maharashtra,88469,#8064a2
Shivsena,Ovala - Majiwada,PRATAP BABURAO SARNAIK,10906,Maharashtra,68571,#F05A00
Shivsena,Pachora,KISHOR APPA PATIL,28403,Maharashtra,87520,#F05A00
Shivsena,Paithan,BHUMRE SANDIPANRAO AASARAM,25039,Maharashtra,66991,#F05A00
Shivsena,Palghar,GHODA KRUSHNA ARJUN,515,Maharashtra,46142,#F05A00
Indian National Congress,Palus-Kadegaon,DR. KADAM PATANGRAO SHRIPATRAO,24034,Maharashtra,112523,#019733
Indian National Congress,Pandharpur,BHALAKE BHARAT TUKARAM,8913,Maharashtra,91863,#019733
Bharatiya Janata Party,Panvel,PRASHANT RAMSHETH THAKUR,13215,Maharashtra,125142,#FB7B0D
Nationalist Congress Party,Paranda,MOTE RAHUL MAHARUDRA,12389,Maharashtra,78548,#8064a2
Shivsena,Parbhani,DR.RAHUL VEDPRAKASH PATIL,26526,Maharashtra,71584,#F05A00
Bharatiya Janata Party,Parli,MUNDE PANKAJA GOPINATHRAO,25895,Maharashtra,96904,#FB7B0D
Shivsena,Parner,AUTI VIJAYRAO BHASKARRAO,27422,Maharashtra,73263,#F05A00
Bharatiya Janata Party,Partur,BABANRAO DATTATRAY YADAV LONIKAR,4360,Maharashtra,46937,#FB7B0D
Bharatiya Janata Party,Parvati,MISAL MADHURI SATISH,69090,Maharashtra,95583,#FB7B0D
Shivsena,Patan,DESAI SHAMBHURAJ SHIVAJIRAO,18824,Maharashtra,104419,#F05A00
Independent,Pathri,FAD MOHAN MADHAVRAO,13449,Maharashtra,69081,#95b3d7
Peasants And Workers Party of India,Pen,DHAIRYASHEEL MOHAN PATIL,4120,Maharashtra,64616,#999
Nationalist Congress Party,Phaltan,CHAVAN DIPAK PRALHAD,33568,Maharashtra,92910,#8064a2
Bharatiya Janata Party,Phulambri,BAGDE HARIBHAU KISANRAO,3611,Maharashtra,73294,#FB7B0D
Shivsena,Pimpri,ADV. CHABUKSWAR GAUTAM SUKHDEO,2335,Maharashtra,51096,#F05A00
Bharatiya Janata Party,Pune cantonment,DILIP KAMBLE,14955,Maharashtra,54692,#FB7B0D
Shivsena,Purandar,VIJAYBAPU SHIVTARE,8590,Maharashtra,82339,#F05A00
Nationalist Congress Party,Pusad,NAIK MANOHAR RAJUSING,65359,Maharashtra,94152,#8064a2
Shivsena,Radhanagari,AABITAKAR PRAKASH ANANDARAO,39408,Maharashtra,132485,#F05A00
Bharatiya Janata Party,Rahuri,KARDILE SHIVAJI BHANUDAS,25676,Maharashtra,91454,#FB7B0D
Shivsena,Rajapur,SALVI RAJAN PRABHAKAR,39062,Maharashtra,76266,#F05A00
Bharatiya Janata Party,Rajura,SANJAY YADAORAO DHOTE,2278,Maharashtra,66223,#FB7B0D
Bharatiya Janata Party,Ralegaon,PRO. DR. ASHOK RAMAJI WOOIKE,38750,Maharashtra,100618,#FB7B0D
Bharatiya Janata Party,Ramtek,REDDY DWARAM MALLIKARJUN RAMREDDY,12081,Maharashtra,59343,#FB7B0D
Shivsena,Ratnagiri,UDAY RAVINDRA SAMANT,39427,Maharashtra,93876,#F05A00
Bharatiya Janata Party,Raver,HARIBHAU MADHAV JAWALE,10000,Maharashtra,65962,#FB7B0D
Indian National Congress,Risod,AMEET SUBHASHRAO ZANAK,16708,Maharashtra,70939,#019733
Bharatiya Janata Party,Sakoli,KASHIWAR RAJESH LAHANU,25489,Maharashtra,80902,#FB7B0D
Indian National Congress,Sakri,AHIRE DHANAJI SITARAM OR D.S.AHIRE,3323,Maharashtra,74760,#019733
Indian National Congress,Sangamner,VIJAY ALIAS BALASAHEB BHAUSAHEB THORAT,58805,Maharashtra,103564,#019733
Bharatiya Janata Party,Sangli,DHANANJAY ALIAS SUDHIR DADA  HARI GADGIL,14457,Maharashtra,80497,#FB7B0D
Peasants And Workers Party of India,Sangola,DESHMUKH GANPATRAO  ANNASAHEB,25224,Maharashtra,94374,#999
Nationalist Congress Party,Satara,BHONSLE SHIVENDRASINH ABHAYSINH,47813,Maharashtra,97964,#8064a2
Indian National Congress,Savner,KEDAR SUNIL CHHATRAPAL,9209,Maharashtra,84630,#019733
Shivsena,Sawantwadi,DEEPAK VASANT KESARKAR,41192,Maharashtra,70902,#F05A00
Bharatiya Janata Party,Shahada,PADVI UDESING KOCHARU,719,Maharashtra,58556,#FB7B0D
Nationalist Congress Party,shahapur,BARORA PANDURANG MAHADU,5544,Maharashtra,56813,#8064a2
Shivsena,Shahuwadi,SATYAJEET BABASAHEB PATIL (ABA) SARUDKAR,388,Maharashtra,74702,#F05A00
Bharatiya Janata Party,Shevgaon,MONIKA RAJIV RAJALE,53185,Maharashtra,134685,#FB7B0D
Bharatiya Janata Party,Shirala,NAIK SHIVAJIRAO YASHWANTRAO,3668,Maharashtra,85363,#FB7B0D
Indian National Congress,Shirdi,RADHAKRISHNA EKNATHRAO VIKHE PATIL,74662,Maharashtra,121459,#019733
Shivsena,Shirol,PATIL ULHAS SAMBHAJI,20033,Maharashtra,70809,#F05A00
Indian National Congress,Shirpur,KASHIRAM VECHAN PAWARA,25201,Maharashtra,98114,#019733
Bharatiya Janata Party,Shirur,PACHARNE BABURAO KASHINATH,10941,Maharashtra,92579,#FB7B0D
Shivsena,Shivadi,AJAY CHOUDHARI,41909,Maharashtra,72462,#F05A00
Bharatiya Janata Party,Shivajinagar,VIJAY KALE,22047,Maharashtra,56460,#FB7B0D
Nationalist Congress Party,Shrigonda,JAGTAP RAHUL KUNDLIKRAO,13637,Maharashtra,99281,#8064a2
Indian National Congress,Shrirampur,BHAUSAHEB MALHARI KAMBLE,11484,Maharashtra,57118,#019733
Nationalist Congress Party,Shrivardhan,AVDHOOT ANIL TATKARE,77,Maharashtra,61038,#8064a2
Indian National Congress,Sillod,ABDUL SATTAR ABDUL NABI,13921,Maharashtra,96038,#019733
Shivsena,Sindkhed Raja,DR. KHEDEKAR SHASHIKANT NARSINGRAO,18854,Maharashtra,64203,#F05A00
Bharatiya Janata Party,Sindkheda,JAYKUMAR JITENDRASINH RAWAL,42158,Maharashtra,92794,#FB7B0D
Shivsena,Sinnar,RAJABHAU (PARAG) PRAKASH WAJE,20554,Maharashtra,104031,#F05A00
Bharatiya Janata Party,Sion koliwada,CAPTAIN R. TAMIL SELVAN,3738,Maharashtra,40869,#FB7B0D
Indian National Congress,Solapur City central,SHINDE PRANITI SUSHILKUMAR,9769,Maharashtra,46907,#019733
Bharatiya Janata Party,Solapur City North,VIJAY SIDRAMAPPA DESHMUKH,68878,Maharashtra,86877,#FB7B0D
Bharatiya Janata Party,Solapur South,DESHMUKH SUBHASH SURESHCHANDRA,27123,Maharashtra,70077,#FB7B0D
Nationalist Congress Party,Tasgaon-Kavathe Mahankal,ADV.R.R. (AABA) ALIAS RAVSAHEB RAMRAO PATIL,22410,Maharashtra,108310,#8064a2
Indian National Congress,Teosa,ADV. YASHOMATI THAKUR (SONAWANE),20441,Maharashtra,58808,#019733
Bharatiya Janata Party,Thane,KELKAR SANJAY MUKUND,12588,Maharashtra,70884,#FB7B0D
Bharatiya Janata Party,Tirora,RAHANGDALE VIJAY BHARATLAL,13098,Maharashtra,54160,#FB7B0D
Indian National Congress,Tuljapur,CHAVAN MADHUKARRAO DEORAO,29610,Maharashtra,70701,#019733
Bharatiya Janata Party,Tumsar,WAGHAMARE CHARAN SOVINDA,28679,Maharashtra,73952,#FB7B0D
Bharatiya Janata Party,Udgir,SUDHAKAR SANGRAM BHALERAO,24894,Maharashtra,66686,#FB7B0D
Nationalist Congress Party,Ulhasnagar,JYOTI PAPPU KALANI,1863,Maharashtra,43760,#8064a2
Shivsena,Umarga,CHOUGULE DNYANRAJ DHONDIRAM,20442,Maharashtra,65178,#F05A00
Bharatiya Janata Party,Umarkhed,RAJENDRA WAMAN NAJARDHANE,48576,Maharashtra,90190,#FB7B0D
Bharatiya Janata Party,Umred,PARWE SUDHIR LAXMAN,58322,Maharashtra,92399,#FB7B0D
Shivsena,Uran,MANOHAR GAJANAN BHOIR,811,Maharashtra,56131,#F05A00
Bharatiya Janata Party,VADGAON SHERI,JAGDISH TUKARAM MULUK,5325,Maharashtra,66908,#FB7B0D
Nationalist Congress Party,Vaijapur,BHAUSAHEB PATIL CHIKATGAONKAR,4709,Maharashtra,53114,#8064a2
Shivsena,Vandre East,PRAKASH (BALA) SAWANT,15597,Maharashtra,41388,#F05A00
Bharatiya Janata Party,Vandre West,AV. ASHISH SHELAR,26911,Maharashtra,74779,#FB7B0D
Bahujan Vikas Aaghadi,Vasai,HITENDRA VISHNU THAKUR,31896,Maharashtra,97291,#999
Bharatiya Janata Party,Versova,DR. BHARATI HEMANT LAVEKAR,26398,Maharashtra,49182,#FB7B0D
Shivsena,Vikhroli,SUNIL RAJARAM RAUT,25339,Maharashtra,50302,#F05A00
Bharatiya Janata Party,Vikramgad,SAVARA VISHNU RAMA,3845,Maharashtra,40201,#FB7B0D
Bharatiya Janata Party,Vile parle,PARAG ALAVANI,32435,Maharashtra,74270,#FB7B0D
Indian National Congress,Wadala,KALIDAS NILKANTH KOLAMBKAR,800,Maharashtra,38540,#019733
Nationalist Congress Party,Wai,JADHAV (PATIL) MAKRAND LAXMANRAO,38702,Maharashtra,101218,#8064a2
Bharatiya Janata Party,Wani,BODKURWAR SANJIVREDDI BAPURAO,5606,Maharashtra,45178,#FB7B0D
Bharatiya Janata Party,Wardha,DR.PANKAJ RAJESH BHOYAR,8550,Maharashtra,45897,#FB7B0D
Shivsena,Warora,SURESH ALIAS BALUBHAU NARAYAN DHANORKAR,2004,Maharashtra,53877,#F05A00
Bharatiya Janata Party,Washim,MALIK LAKHAN SAHADEV,4393,Maharashtra,48196,#FB7B0D
Shivsena,Worli,SUNIL GOVIND SHINDE,23012,Maharashtra,60625,#F05A00
Bharatiya Janata Party,Yavatmal,MADAN MADHUKARRAO YERAWAR,1227,Maharashtra,53671,#FB7B0D
Nationalist Congress Party,Yevla,CHHAGAN BHUJBAL,46442,Maharashtra,112787,#8064a2
Jammu & Kashmir Peoples Democratic Party,Karnah,RAJA MANZOOR AHMAD,5775,Jammu & Kashmir,12371,#9DBC2A
Jammu & Kashmir People Conference,Kupwara,BASHIR AHMAD DAR,151,Jammu & Kashmir,24754,#999
Jammu & Kashmir Peoples Democratic Party,Lolab,ABDUL HAQ KHAN,2870,Jammu & Kashmir,29408,#9DBC2A
Jammu & Kashmir People Conference,Handwara,SAJAD GANI LONE,5423,Jammu & Kashmir,29355,#999
Independent,Langate,ABDUL RASHID SHEIKH,2505,Jammu & Kashmir,18172,#95b3d7
Jammu & Kashmir National Conference,Uri,MOHAMMAD SHAFI,5792,Jammu & Kashmir,24359,#B15928
Jammu & Kashmir Peoples Democratic Party,Rafiabad,YAWAR AHMAD MIR,2334,Jammu & Kashmir,17918,#9DBC2A
Indian National Congress,Sopore,ABDUL RASHID DAR,2755,Jammu & Kashmir,8429,#019733
Jammu & Kashmir National Conference,Gurez,NAZIR AHMAD KHAN,141,Jammu & Kashmir,6664,#B15928
Indian National Congress,Bandipora,USMAN ABDUL MAJID,3743,Jammu & Kashmir,25084,#019733
Jammu & Kashmir National Conference,Sonawari,MOHAMMAD AKBAR LONE,406,Jammu & Kashmir,32567,#B15928
Jammu & Kashmir Peoples Democratic Party,Sangrama,SYED BASHARAT AHMED BUKHARI,1754,Jammu & Kashmir,12146,#9DBC2A
Jammu & Kashmir Peoples Democratic Party,Baramulla,JAVID HASSAN BAIG,7017,Jammu & Kashmir,14418,#9DBC2A
Jammu & Kashmir Peoples Democratic Party,Gulmarg,MOHD. ABASS WANI,2811,Jammu & Kashmir,22957,#9DBC2A
Jammu & Kashmir Peoples Democratic Party,Pattan,IMRAN RAZA ANSARI,9334,Jammu & Kashmir,21218,#9DBC2A
Jammu & Kashmir National Conference,Kangan,ALTAF AHMAD,1432,Jammu & Kashmir,25812,#B15928
Jammu & Kashmir National Conference,Ganderbal,ISHFAQ AHMAD SHEIKH,597,Jammu & Kashmir,19478,#B15928
Jammu & Kashmir Peoples Democratic Party,Hazratbal,ASIEA,3400,Jammu & Kashmir,13234,#9DBC2A
Jammu & Kashmir Peoples Democratic Party,Zadibal,ABID HUSSAIN ANSARI,3003,Jammu & Kashmir,7852,#9DBC2A
Jammu & Kashmir National Conference,Eidgah,MUBARIK AHMAD GUL,608,Jammu & Kashmir,6766,#B15928
Jammu & Kashmir National Conference,Khanyar,ALI MOHD SAGAR,1167,Jammu & Kashmir,6505,#B15928
Jammu & Kashmir National Conference,Habba kadal,SHAMIM FIRDOUS,2359,Jammu & Kashmir,4955,#B15928
Jammu & Kashmir Peoples Democratic Party,Amira kadal,SYED MOHAMMAD ALTAF BUKHARI,5341,Jammu & Kashmir,11726,#9DBC2A
Jammu & Kashmir Peoples Democratic Party,Sonawar,MOHAMMAD ASHRAF MIR,4783,Jammu & Kashmir,14283,#9DBC2A
Jammu & Kashmir Peoples Democratic Party,Batmaloo,NOOR MOHD SHEIKH,4327,Jammu & Kashmir,12542,#9DBC2A
Jammu & Kashmir Peoples Democratic Party,Chadoora,JAVAID MUSTAFA MIR,1693,Jammu & Kashmir,25770,#9DBC2A
Jammu & Kashmir National Conference,Budgam,AGA SYED RUHULLAH MEHDI,2787,Jammu & Kashmir,30090,#B15928
Jammu & Kashmir National Conference,Beerwah,OMAR ABDULLAH,910,Jammu & Kashmir,23717,#B15928
Jammu And Kashmir People Democratic Front (Secular),Khan Sahib,HAKEEM MOHAMMAD YASEEN SHAH,1109,Jammu & Kashmir,26649,#999
Jammu & Kashmir Peoples Democratic Party,Chrar-i-sharief,GHULAM NABI LONE,5167,Jammu & Kashmir,32849,#9DBC2A
Jammu & Kashmir Peoples Democratic Party,Tral,MUSHTAQ AHMAD SHAH,4110,Jammu & Kashmir,12415,#9DBC2A
Jammu & Kashmir Peoples Democratic Party,Pampore,ZAHOOR AHMAD MIR,3498,Jammu & Kashmir,16239,#9DBC2A
Jammu & Kashmir Peoples Democratic Party,Pulwama,MOHD. KHALIL BAND,1032,Jammu & Kashmir,11631,#9DBC2A
Jammu & Kashmir Peoples Democratic Party,Rajpora,HASEEB  A DRABU,4273,Jammu & Kashmir,18103,#9DBC2A
Jammu & Kashmir Peoples Democratic Party,Wachi,AIJAZ AHMAD MIR,1805,Jammu & Kashmir,15610,#9DBC2A
Jammu & Kashmir Peoples Democratic Party,Shopian,MOHD YOUSUF BHAT,2366,Jammu & Kashmir,14262,#9DBC2A
Jammu & Kashmir Peoples Democratic Party,Noorabad,ABDUL MAJID PADDER,3708,Jammu & Kashmir,28698,#9DBC2A
Communist Party of India  (Marxist),Kulgam,MOHAMAD YOUSUF TARIGAMI,334,Jammu & Kashmir,20574,#DE0000
Jammu & Kashmir National Conference,Hom Shali Bugh,AB. MAJEED,1269,Jammu & Kashmir,11406,#B15928
Jammu & Kashmir Peoples Democratic Party,Anantnag,MUFTI MOHD SAYEED,6028,Jammu & Kashmir,16983,#9DBC2A
Indian National Congress,Devsar,MOHAMMAD AMIN BHAT,1511,Jammu & Kashmir,20162,#019733
Jammu & Kashmir Peoples Democratic Party,Dooru,SYED FAROOQ AHMAD ANDRABI,161,Jammu & Kashmir,18150,#9DBC2A
Jammu & Kashmir Peoples Democratic Party,Kokernag,ABDUL RAHIM RATHER,4571,Jammu & Kashmir,24284,#9DBC2A
Indian National Congress,Shangus,GULZAR AHMAD WANI,2189,Jammu & Kashmir,21085,#019733
Jammu & Kashmir Peoples Democratic Party,Bijbehara,ABDUL REHMAN BHAT,2868,Jammu & Kashmir,23581,#9DBC2A
Jammu & Kashmir National Conference,Pahalgam,ALTAF AHMAD WANI,904,Jammu & Kashmir,25232,#B15928
Indian National Congress,Nubra,DELDAN NAMGAIL,1618,Jammu & Kashmir,3936,#019733
Indian National Congress,Leh,NAWANG RIGZIN,7676,Jammu & Kashmir,27585,#019733
Indian National Congress,Kargil,ASGAR ALI KARBALAIE,10505,Jammu & Kashmir,22911,#019733
Independent,Zanskar,SYED MOHAMMAD BAQIR RIZVI,566,Jammu & Kashmir,6763,#95b3d7
Bharatiya Janata Party,Kishtwar,SUNIL KUMAR SHARMA,2852,Jammu & Kashmir,28054,#FB7B0D
Indian National Congress,Inderwal,GHULAM MOHD SAROORI,12370,Jammu & Kashmir,29754,#019733
Bharatiya Janata Party,Doda,SHAKTI RAJ,4040,Jammu & Kashmir,24572,#FB7B0D
Bharatiya Janata Party,Bhaderwah,DALEEP SINGH,1496,Jammu & Kashmir,25953,#FB7B0D
Bharatiya Janata Party,Ramban,NEELAM KUMAR LANGEH,5364,Jammu & Kashmir,25349,#FB7B0D
Indian National Congress,Banihal,VIKAR RASOOL WANI,4349,Jammu & Kashmir,17671,#019733
Indian National Congress,Gulab Garh,MUMTAZ AHMED,1816,Jammu & Kashmir,17964,#019733
Bharatiya Janata Party,Reasi,AJAY NANDA,1887,Jammu & Kashmir,22017,#FB7B0D
Indian National Congress,Gool Arnas,AJAZ AHMED KHAN,6878,Jammu & Kashmir,22966,#019733
Independent,Udhampur,PAWAN KUMAR GUPTA,14650,Jammu & Kashmir,36226,#95b3d7
Bharatiya Janata Party,Chenani,DINA NATH,20332,Jammu & Kashmir,33047,#FB7B0D
Bharatiya Janata Party,Ram Nagar,RANBIR SINGH PATHANIA,17420,Jammu & Kashmir,45891,#FB7B0D
Bharatiya Janata Party,Bani,JEWAN LAL,4412,Jammu & Kashmir,12841,#FB7B0D
Bharatiya Janata Party,Basohli,LAL SINGH,17801,Jammu & Kashmir,29808,#FB7B0D
Bharatiya Janata Party,Kathua,RAJIV JASROTIA,6806,Jammu & Kashmir,35670,#FB7B0D
Bharatiya Janata Party,Billawar,DR. NIRMAL KUMAR SINGH,17975,Jammu & Kashmir,43447,#FB7B0D
Bharatiya Janata Party,Hira Nagar,KULDEEP RAJ,39284,Jammu & Kashmir,55399,#FB7B0D
Bharatiya Janata Party,Samba(SC),DEVINDER KUMAR MANYAL,22118,Jammu & Kashmir,34075,#FB7B0D
Bharatiya Janata Party,Vijay pur,CHANDER PARKASH,12172,Jammu & Kashmir,38607,#FB7B0D
Jammu & Kashmir National Conference,Nagrota,DEVENDER SINGH RANA,4048,Jammu & Kashmir,23678,#B15928
Bharatiya Janata Party,Gandhi Nagar,KAVINDER GUPTA,16777,Jammu & Kashmir,56679,#FB7B0D
Bharatiya Janata Party,Jammu East,RAJESH GUPTA,12694,Jammu & Kashmir,21776,#FB7B0D
Bharatiya Janata Party,Jammu West,SAT PAUL SHARMA,50629,Jammu & Kashmir,69626,#FB7B0D
Jammu & Kashmir National Conference,Bishnah,KAMAL VERMA,2986,Jammu & Kashmir,29380,#B15928
Bharatiya Janata Party,Ranbir singh Pura,DR. GAGAN BHAGAT,13610,Jammu & Kashmir,25696,#FB7B0D
Bharatiya Janata Party,Suchet Garh,SHAM LAL CHOUDHARY,9417,Jammu & Kashmir,19971,#FB7B0D
Bharatiya Janata Party,Marh,SUKHNANDAN KUMAR,11612,Jammu & Kashmir,25396,#FB7B0D
Bharatiya Janata Party,Raipur Domana,BALI BHAGAT,32143,Jammu & Kashmir,49134,#FB7B0D
Bharatiya Janata Party,Akhnoor,RAJEEV SHARMA,9380,Jammu & Kashmir,41901,#FB7B0D
Bharatiya Janata Party,Chhamb,DR. KIRSHAN LAL,14790,Jammu & Kashmir,36033,#FB7B0D
Bharatiya Janata Party,Nowshera,RAVINDER RAINA,9503,Jammu & Kashmir,37374,#FB7B0D
Jammu & Kashmir Peoples Democratic Party,Darhal,CHOWDHARY ZULFKAR ALI,5068,Jammu & Kashmir,24381,#9DBC2A
Jammu & Kashmir Peoples Democratic Party,Rajouri,QAMAR HUSSAIN,2490,Jammu & Kashmir,26954,#9DBC2A
Bharatiya Janata Party,Kala kote,ABDUL GHANI KOHLI,6178,Jammu & Kashmir,25225,#FB7B0D
Indian National Congress,Surankote,CH MOHD AKRAM,8064,Jammu & Kashmir,30584,#019733
Jammu & Kashmir National Conference,Mendhar,JAVED AHMED RANA,9025,Jammu & Kashmir,31186,#B15928
Jammu & Kashmir Peoples Democratic Party,Poonch Haveli,SHAH MOHD TANTRAY,3512,Jammu & Kashmir,19488,#9DBC2A
Bharatiya Janata Party,Rajmahal,ANANT KUMAR OJHA,702,Jharkhand,77481,#FB7B0D
Bharatiya Janata Party,Borio,TALA MARANDI,712,Jharkhand,57565,#FB7B0D
Jharkhand Mukti Morcha,Barhait,HEMANT SOREN,24087,Jharkhand,62515,#0C6965
Jharkhand Mukti Morcha,Littipara,DR. ANIL MURMU,25083,Jharkhand,67194,#0C6965
Indian National Congress,Pakur,ALAMGIR ALAM,18066,Jharkhand,83338,#019733
Jharkhand Mukti Morcha,Maheshpur,STEPHEN MARANDI,6156,Jharkhand,51866,#0C6965
Jharkhand Mukti Morcha,Shikaripara,NALIN SOREN,24501,Jharkhand,61901,#0C6965
Jharkhand Mukti Morcha,Nala,RABINDRA NATH MAHATO,7015,Jharkhand,56131,#0C6965
Indian National Congress,Jamtara,IRFAN ANSARI,9137,Jharkhand,67486,#019733
Bharatiya Janata Party,Dumka,LOIS MARANDI,5262,Jharkhand,70367,#FB7B0D
Jharkhand Mukti Morcha,Jama,SITA MURMU ALIAS SITA SOREN,2306,Jharkhand,53250,#0C6965
Indian National Congress,Jarmundi,BADAL,2708,Jharkhand,43981,#019733
Bharatiya Janata Party,Madhupur,RAJ PALIWAR,6884,Jharkhand,74325,#FB7B0D
Jharkhand Vikas Morcha (Prajatantrik),Sarath,RANDHIR KUMAR SINGH,13901,Jharkhand,62717,#4bacc6
Bharatiya Janata Party,Deoghar,NARAYAN DAS,45152,Jharkhand,92022,#FB7B0D
Jharkhand Vikas Morcha (Prajatantrik),Poreyahat,PRADIP YADAV,11158,Jharkhand,64036,#4bacc6
Bharatiya Janata Party,Godda,RAGHU NANDAN MANDAL,34486,Jharkhand,87158,#FB7B0D
Bharatiya Janata Party,Mahagama,ASHOK KUMAR,31560,Jharkhand,70635,#FB7B0D
Bharatiya Janata Party,Kodarma,DR. NEERA YADAV,13525,Jharkhand,84874,#FB7B0D
Jharkhand Vikas Morcha (Prajatantrik),Barkatha,JANKI PRASAD YADAV,8207,Jharkhand,63336,#4bacc6
Indian National Congress,Barhi,MANOJ KUMAR YADAV,7085,Jharkhand,57818,#019733
Indian National Congress,Barkagaon,NIRMALA DEVI,411,Jharkhand,61817,#019733
AJSU Party,Ramgarh,CHANDRA PRAKASH CHOUDHARY,53818,Jharkhand,98987,#000
Jharkhand Mukti Morcha,Mandu,JAI PRAKASH BHAI PATEL,7012,Jharkhand,78499,#0C6965
Bharatiya Janata Party,Hazaribagh,MANISH JAISWAL,27129,Jharkhand,89675,#FB7B0D
Jharkhand Vikas Morcha (Prajatantrik),Simaria,GANESH GANJHU,15640,Jharkhand,67404,#4bacc6
Bharatiya Janata Party,Chatra,JAY PRAKASH SINGH BHOGTA,20576,Jharkhand,69745,#FB7B0D
Communist Party of India  (Marxist-Leninist)  (Liberation),Dhanwar,RAJ KUMAR YADAW,10712,Jharkhand,50634,#DE0000
Bharatiya Janata Party,Bagodar,NAGENDRA MAHTO,4339,Jharkhand,74898,#FB7B0D
Bharatiya Janata Party,Jamua,KEDAR HAZRA,23100,Jharkhand,56027,#FB7B0D
Bharatiya Janata Party,Gandey,JAI PRAKASH VERMA,10279,Jharkhand,48838,#FB7B0D
Bharatiya Janata Party,Giridih,NIRBHAY KUMAR SHAHABADI,9933,Jharkhand,57450,#FB7B0D
Jharkhand Mukti Morcha,Dumri,JAGARNATH MAHTO,32481,Jharkhand,77984,#0C6965
Jharkhand Mukti Morcha,Gomia,YOGENDRA PRASAD,37514,Jharkhand,97799,#0C6965
Bharatiya Janata Party,Bermo,YOGESHWAR MAHTO,12613,Jharkhand,80489,#FB7B0D
Bharatiya Janata Party,Bokaro,BIRANCHI NARAYAN,72643,Jharkhand,114321,#FB7B0D
Jharkhand Vikas Morcha (Prajatantrik),Chandankyari,AMAR KUMAR BAURI,34164,Jharkhand,81925,#4bacc6
Bharatiya Janata Party,Sindri,FULCHAND MANDAL,6548,Jharkhand,58623,#FB7B0D
Marxist Co-Ordination,Nirsa,ARUP CHATTERJEE,1035,Jharkhand,51581,#999
Bharatiya Janata Party,Dhanbad,RAJ SINHA,52997,Jharkhand,132091,#FB7B0D
Bharatiya Janata Party,Jharia,SANJEEV SINGH,33692,Jharkhand,74062,#FB7B0D
AJSU Party,Tundi,RAJ KISHORE MAHATO,1126,Jharkhand,55466,#000
Bharatiya Janata Party,Baghmara,DULU MAHTO,29623,Jharkhand,86603,#FB7B0D
Jharkhand Mukti Morcha,Baharagora,KUNAL SHARANGI,15355,Jharkhand,57973,#0C6965
Bharatiya Janata Party,Ghatsila,LAKSHMAN TUDU,6403,Jharkhand,52506,#FB7B0D
Bharatiya Janata Party,Potka,MENAKA SARDAR,6706,Jharkhand,68191,#FB7B0D
AJSU Party,Jugsalai,RAM CHANDRA SAHIS,25045,Jharkhand,82302,#000
Bharatiya Janata Party,Jamshedpur  East,RAGHUBAR DAS,70157,Jharkhand,103427,#FB7B0D
Bharatiya Janata Party,Jamshedpur  West,SARYU ROY,10517,Jharkhand,95346,#FB7B0D
Bharatiya Janata Party,Ichagarh,SADHU CHARAN MAHATO,42250,Jharkhand,75634,#FB7B0D
Jharkhand Mukti Morcha,Saraikella,CHAMPAI SOREN,1115,Jharkhand,94746,#0C6965
Jharkhand Mukti Morcha,Chaibasa,DEEPAK BIRUA,34715,Jharkhand,68801,#0C6965
Jharkhand Mukti Morcha,Majhganon,NIRAL PURTY,11182,Jharkhand,45272,#0C6965
Jai Bharat Samanta Party,Jaganathpur,GEETA KORA,24611,Jharkhand,48546,#999
Jharkhand Mukti Morcha,Manoharpur,JOBA MAJHI,16569,Jharkhand,57558,#0C6965
Jharkhand Mukti Morcha,Chakradharpur,SHASHIBHUSHAN SAMAD,26448,Jharkhand,64396,#0C6965
Jharkhand Mukti Morcha,Kharasawan,DASHRATH GAGRAI,11966,Jharkhand,72002,#0C6965
AJSU Party,Tamar,VIKASH KUMAR MUNDA,26006,Jharkhand,57428,#000
Jharkhand Mukti Morcha,Torpa,PAULUS SURIN,43,Jharkhand,32003,#0C6965
Bharatiya Janata Party,Khunti,NILKANTH SINGH MUNDA,21515,Jharkhand,47032,#FB7B0D
Jharkhand Mukti Morcha,Silli,AMIT KUMAR,29740,Jharkhand,79747,#0C6965
Bharatiya Janata Party,Khijri,RAMKUMAR PAHAN,64912,Jharkhand,94581,#FB7B0D
Bharatiya Janata Party,Ranchi,CHANDRESHWAR PRASAD SINGH,58863,Jharkhand,95760,#FB7B0D
Jharkhand Vikas Morcha (Prajatantrik),Hatia,NAVIN JAISWAL,8018,Jharkhand,88228,#4bacc6
Bharatiya Janata Party,Kanke,DR. JITU CHARAN RAM,59804,Jharkhand,115702,#FB7B0D
Bharatiya Janata Party,Mandar,GANGOTRI KUJUR,7605,Jharkhand,54200,#FB7B0D
Bharatiya Janata Party,Sisai,DINESH ORAON,2593,Jharkhand,44472,#FB7B0D
Bharatiya Janata Party,Gumla,SHIVSHANKAR ORAON,4032,Jharkhand,50473,#FB7B0D
Jharkhand Mukti Morcha,Bishunpur,CHAMRA LINDA,10843,Jharkhand,55851,#0C6965
Bharatiya Janata Party,Simdega,VIMLA PRADHAN,3194,Jharkhand,45343,#FB7B0D
Jharkhand Party,Kolebira,ANOSH EKKA,17143,Jharkhand,48978,#999
AJSU Party,Lohardaga,KAMAL KISHORE BHAGAT,592,Jharkhand,56920,#000
Bharatiya Janata Party,Manika,HARIKRISHN SINGH,1083,Jharkhand,31583,#FB7B0D
Jharkhand Vikas Morcha (Prajatantrik),Latehar,PRAKASH RAM,26787,Jharkhand,71189,#4bacc6
Indian National Congress,Panki,BIDESH SINGH,1995,Jharkhand,41175,#019733
Jharkhand Vikas Morcha (Prajatantrik),Daltonganj,ALOK KR. CHAURASIYA,4347,Jharkhand,59202,#4bacc6
Bharatiya Janata Party,Bishrampur,RAMCHANDRA CHANDRAVANSHI,13910,Jharkhand,37974,#FB7B0D
Bharatiya Janata Party,Chattarpur,RADHA KRISHNA KISHORE,5881,Jharkhand,43843,#FB7B0D
Bahujan Samaj Party,Hussainabad,KUSHWAHA SHIVPUJAN MEHTA,27752,Jharkhand,57275,#999
Bharatiya Janata Party,Garhwa,SATYENDRA NATH TIWARI,21510,Jharkhand,74638,#FB7B0D
Navjawan Sangharsh Morcha,Bhawanathpur,BHANU PRATAP SHAHI,2661,Jharkhand,58908,#999
Aam Aadmi Party,NERELA,SHARAD KUMAR,40292,NCT OF Delhi,96143,#0C6965
Aam Aadmi Party,BURARI,SANJEEV JHA,67950,NCT OF Delhi,124724,#0C6965
Aam Aadmi Party,TIMARPUR,PANKAJ PUSHKAR,20647,NCT OF Delhi,64477,#0C6965
Aam Aadmi Party,ADARSH NAGAR,PAWAN KUMAR SHARMA,20741,NCT OF Delhi,54026,#0C6965
Aam Aadmi Party,BADLI,AJESH YADAV,35376,NCT OF Delhi,72795,#0C6965
Aam Aadmi Party,RITHALA,MOHINDER GOYAL,29251,NCT OF Delhi,93470,#0C6965
Aam Aadmi Party,BAWANA,VED PARKASH,50023,NCT OF Delhi,109259,#0C6965
Aam Aadmi Party,MUNDKA,SUKHVIR SINGH,40826,NCT OF Delhi,94206,#0C6965
Aam Aadmi Party,KIRARI,RITURAJ GOVIND,45172,NCT OF Delhi,97727,#0C6965
Aam Aadmi Party,SULTANPUR MAJRA,SANDEEP KUMAR,64439,NCT OF Delhi,80269,#0C6965
Aam Aadmi Party,NANGLOI JAT,RAGHUVINDER SHOKEEN,37024,NCT OF Delhi,83259,#0C6965
Aam Aadmi Party,MANGOL PURI,RAKHI BIRLA,22699,NCT OF Delhi,60534,#0C6965
Bharatiya Janata Party,ROHINI,VIJENDER KUMAR,5367,NCT OF Delhi,59866,#FB7B0D
Aam Aadmi Party,SHALIMAR BAGH,BANDANA KUMARI,10978,NCT OF Delhi,62656,#0C6965
Aam Aadmi Party,SHAKUR BASTI,SATYENDAR JAIN,3133,NCT OF Delhi,51530,#0C6965
Aam Aadmi Party,TRI NAGAR,JITENDER SINGH TOMAR,22311,NCT OF Delhi,63012,#0C6965
Aam Aadmi Party,WAZIRPUR,RAJESH GUPTA,22044,NCT OF Delhi,61208,#0C6965
Aam Aadmi Party,MODEL TOWN,AKHILESH PATI TRIPATHI,16706,NCT OF Delhi,54628,#0C6965
Aam Aadmi Party,SADAR BAZAR,SOM DUTT,34315,NCT OF Delhi,67507,#0C6965
Aam Aadmi Party,CHANDNI CHOWK,ALKA  LAMBA,18287,NCT OF Delhi,36756,#0C6965
Aam Aadmi Party,MATIA MAHAL,ASIM AHMED KHAN,26096,NCT OF Delhi,47584,#0C6965
Aam Aadmi Party,BALLIMARAN,IMRAN HUSSAIN,33877,NCT OF Delhi,57118,#0C6965
Aam Aadmi Party,KAROL BAGH,VISHESH RAVI,32880,NCT OF Delhi,67429,#0C6965
Aam Aadmi Party,PATEL NAGAR,HAZARI LAL CHAUHAN,34638,NCT OF Delhi,68868,#0C6965
Aam Aadmi Party,MOTI NAGAR,SHIV CHARAN GOEL,15221,NCT OF Delhi,60223,#0C6965
Aam Aadmi Party,MADIPUR,GIRISH SONI,29387,NCT OF Delhi,66571,#0C6965
Aam Aadmi Party,RAJOURI GARDEN,JARNAIL SINGH,10036,NCT OF Delhi,54916,#0C6965
Aam Aadmi Party,HARI NAGAR,JAGDEEP SINGH,26496,NCT OF Delhi,65814,#0C6965
Aam Aadmi Party,TILAK NAGAR,JARNAIL SINGH,19890,NCT OF Delhi,57180,#0C6965
Aam Aadmi Party,JANAKPURI,RAJESH RISHI,25580,NCT OF Delhi,71802,#0C6965
Aam Aadmi Party,VIKASPURI,MAHINDER YADAV,77665,NCT OF Delhi,132437,#0C6965
Aam Aadmi Party,UTTAM NAGAR,NARESH BALYAN,30419,NCT OF Delhi,85881,#0C6965
Aam Aadmi Party,DWARKA,ADARSH SHASTRI,39366,NCT OF Delhi,79729,#0C6965
Aam Aadmi Party,MATIALA,GULAB SINGH,47004,NCT OF Delhi,127665,#0C6965
Aam Aadmi Party,NAJAFGARH,KAILASH GAHLOT,1555,NCT OF Delhi,55598,#0C6965
Aam Aadmi Party,BIJWASAN,COL DEVINDER SEHRAWAT,19536,NCT OF Delhi,65006,#0C6965
Aam Aadmi Party,PALAM,BHAVNA GAUR,30849,NCT OF Delhi,82637,#0C6965
Aam Aadmi Party,DELHI CANTT,SURENDER SINGH,11198,NCT OF Delhi,40133,#0C6965
Aam Aadmi Party,RAJINDER NAGAR,VIJENDER GARG VIJAY,20051,NCT OF Delhi,61354,#0C6965
Aam Aadmi Party,NEW DELHI,ARVIND KEJRIWAL,31583,NCT OF Delhi,57213,#0C6965
Aam Aadmi Party,JANGPURA,PRAVEEN KUMAR,20450,NCT OF Delhi,43927,#0C6965
Aam Aadmi Party,KASTURBA NAGAR,MADAN LAL,15896,NCT OF Delhi,50766,#0C6965
Aam Aadmi Party,MALVIYA NAGAR,SOMNATH BHARTI,15897,NCT OF Delhi,51196,#0C6965
Aam Aadmi Party,R K PURAM,PARMILA TOKAS,19068,NCT OF Delhi,54645,#0C6965
Aam Aadmi Party,MEHRAULI,NARESH YADAV,16951,NCT OF Delhi,58125,#0C6965
Aam Aadmi Party,CHHATARPUR,KARTAR SINGH TANWAR,22240,NCT OF Delhi,67645,#0C6965
Aam Aadmi Party,DEOLI,PRAKASH,63937,NCT OF Delhi,96530,#0C6965
Aam Aadmi Party,AMBEDKAR NAGAR,AJAY DUTT,42460,NCT OF Delhi,66632,#0C6965
Aam Aadmi Party,SANGAM VIHAR,DINESH MOHANIYA,43988,NCT OF Delhi,72131,#0C6965
Aam Aadmi Party,GREATER KAILASH,SAURABH BHARADWAJ,14583,NCT OF Delhi,57589,#0C6965
Aam Aadmi Party,KALKAJI,AVTAR SINGH KALKAJI,19769,NCT OF Delhi,55104,#0C6965
Aam Aadmi Party,TUGHLAKABAD,SAHI RAM,33701,NCT OF Delhi,64311,#0C6965
Aam Aadmi Party,BADARPUR,NARAYAN DUTT SHARMA,47583,NCT OF Delhi,94242,#0C6965
Aam Aadmi Party,OKHLA,AMANATULLAH KHAN,64532,NCT OF Delhi,104271,#0C6965
Aam Aadmi Party,TRILOKPURI,RAJU DHINGAN,29754,NCT OF Delhi,74907,#0C6965
Aam Aadmi Party,KONDLI,MANOJ KUMAR,24759,NCT OF Delhi,63185,#0C6965
Aam Aadmi Party,PATPARGANJ,MANISH SISODIA,28761,NCT OF Delhi,75477,#0C6965
Aam Aadmi Party,LAXMI NAGAR,NITIN TYAGI,4846,NCT OF Delhi,58229,#0C6965
Bharatiya Janata Party,VISHWAS NAGAR,OM PRAKASH SHARMA,10158,NCT OF Delhi,58124,#FB7B0D
Aam Aadmi Party,KRISHNA NAGAR,S K BAGGA  ADVOCATE,2277,NCT OF Delhi,65919,#0C6965
Aam Aadmi Party,GANDHI NAGAR,ANIL KUMAR BAJPAI,7482,NCT OF Delhi,50946,#0C6965
Aam Aadmi Party,SHAHDARA,RAM NIWAS GOEL,11731,NCT OF Delhi,58523,#0C6965
Aam Aadmi Party,SEEMA PURI,RAJENDRA PAL GAUTAM,48821,NCT OF Delhi,79777,#0C6965
Aam Aadmi Party,ROHTAS NAGAR,SARITA SINGH,7874,NCT OF Delhi,62209,#0C6965
Aam Aadmi Party,SEELAMPUR,MOHD. ISHRAQUE,27887,NCT OF Delhi,57302,#0C6965
Aam Aadmi Party,GHONDA,SHRI DUTT SHARMA,8093,NCT OF Delhi,60906,#0C6965
Aam Aadmi Party,BABARPUR,GOPAL RAI,35488,NCT OF Delhi,75928,#0C6965
Aam Aadmi Party,GOKALPUR,FATEH SINGH,31968,NCT OF Delhi,71240,#0C6965
Bharatiya Janata Party,MUSTAFABAD,JAGDISH PRADHAN,6031,NCT OF Delhi,58388,#FB7B0D
Aam Aadmi Party,KARAWAL NAGAR,KAPIL MISHRA,44431,NCT OF Delhi,101865,#0C6965
Janata Dal (United),Agiaon (SC),PRABHUNATH PRASAD,14704,Bihar,52276,#594671
Janata Dal (United),Alamnagar,NARENDRA NARAYAN YADAV,43876,Bihar,87962,#594671
Rashtriya Janata Dal,Alauli (SC),CHANDAN KUMAR,24470,Bihar,70519,#21610B
Rashtriya Janata Dal,Alinagar,ABDUL BARI SIDDIQUI,13460,Bihar,67461,#21610B
Janata Dal (United),Amarpur,JANARDAN MANJHI,11773,Bihar,73707,#594671
Bharatiya Janata Party,Amnour,SHATRUDHAN TIWARY,5251,Bihar,39134,#FB7B0D
Indian National Congress,Amour,ABDUL JALIL MASTAN,51997,Bihar,100135,#019733
Indian National Congress,Araria,AVIDUR RAHMAN,40044,Bihar,92667,#019733
Rashtriya Janata Dal,Arrah,MOHAMMAD NAWAZ ALAM,666,Bihar,70004,#21610B
Rashtriya Janata Dal,Arwal,RAVINDRA SINGH,17810,Bihar,55295,#21610B
Janata Dal (United),Asthawan,JITENDRA KUMAR,10444,Bihar,58908,#594671
Rashtriya Janata Dal,Atri,KUNTI DEVI,13817,Bihar,60687,#21610B
Rashtriya Janata Dal,Aurai,SURENDRA KUMAR,10825,Bihar,66958,#21610B
Indian National Congress,Aurangabad,ANAND SHANKAR SINGH,18398,Bihar,63637,#019733
Janata Dal (United),Babubarhi,KAPIL DEO KAMAT,20267,Bihar,61486,#594671
Indian National Congress,Bachhwara,RAMDEO RAI,36931,Bihar,73983,#019733
Bharatiya Janata Party,Bagaha,RAGHAW SHARAN PANDEY,8183,Bihar,74476,#FB7B0D
Indian National Congress,Bahadurganj,M.D. TAUSEEF ALAM,13942,Bihar,53533,#019733
Rashtriya Janata Dal,Bahadurpur,BHOLA YADAV,16989,Bihar,71547,#21610B
Bharatiya Janata Party,Baikunthpur,MITHILESH TIWARI,14115,Bihar,56162,#FB7B0D
Rashtriya Janata Dal,Baisi,ABDUS SUBHAN,38740,Bihar,67022,#21610B
Janata Dal (United),Bajpatti,DR. RANJU GEETA,16946,Bihar,67194,#594671
Rashtriya Janata Dal,Bakhri (SC),UPENDRA PASWAN,40256,Bihar,72632,#21610B
Bharatiya Janata Party,Bakhtiarpur,RANVIJAY SINGH,7902,Bihar,61496,#FB7B0D
Communist Party of India (Marxist-Leninist) (Liberation),Balrampur,MAHBOOB ALAM,20419,Bihar,62513,#DE0000
Rashtriya Janata Dal,Baniapur,KEDAR NATH SINGH,15951,Bihar,69851,#21610B
Bharatiya Janata Party,Banka,RAM NARAYAN MANDAL,3730,Bihar,52379,#FB7B0D
Bharatiya Janata Party,Bankipur,NITIN NAVEEN,39767,Bihar,86759,#FB7B0D
Bharatiya Janata Party,Banmankhi (SC),KRISHNA KUMAR RISHI,708,Bihar,59053,#FB7B0D
Rashtriya Janata Dal,Barachatti (SC),SAMTA DEVI,19126,Bihar,70909,#21610B
Rashtriya Janata Dal,Barari,NEERAJ KUMAR,14336,Bihar,71175,#21610B
Rashtriya Janata Dal,Barauli,MD NEMATULLAH,504,Bihar,61690,#21610B
Indian National Congress,Barbigha,SUDARSHAN KUMAR,15717,Bihar,46406,#019733
Bharatiya Janata Party,Barh,GYANENDRA KUMAR SINGH,8359,Bihar,63989,#FB7B0D
Rashtriya Janata Dal,Barhara,SAROJ YADAV,13308,Bihar,65001,#21610B
Janata Dal (United),Barharia,SHYAM BAHADUR SINGH,14583,Bihar,65168,#594671
Rashtriya Janata Dal,Baruraj,NAND KUMAR RAI,4909,Bihar,68011,#21610B
Bharatiya Janata Party,Bathnaha (SC),DINKAR RAM,20166,Bihar,74763,#FB7B0D
Indian National Congress,Begusarai,AMITA BHUSHAN,16531,Bihar,83521,#019733
Rashtriya Janata Dal,Belaganj,SURENDRA PRASAD YADAV,30341,Bihar,71067,#21610B
Janata Dal (United),Beldaur,PANNA LAL SINGH PATEL,13525,Bihar,63216,#594671
Janata Dal (United),Belhar,GIRIDHARI YADAV,16191,Bihar,70348,#594671
Janata Dal (United),Belsand,SUNITA SINGH CHAUHAN,5575,Bihar,33785,#594671
Indian National Congress,Benipatti,BHAWANA JHA,4734,Bihar,55978,#019733
Janata Dal (United),Benipur,SUNIL CHOUDHARY,26443,Bihar,69511,#594671
Indian National Congress,Bettiah,MADAN MOHAN TIWARI,2320,Bihar,66786,#019733
Bharatiya Janata Party,Bhabua,ANAND BHUSHAN PANDEY,7744,Bihar,50768,#FB7B0D
Indian National Congress,Bhagalpur,AJEET SHARMA,10658,Bihar,70514,#019733
Indian National Congress,Bhorey (SC),ANIL KUMAR,14871,Bihar,74365,#019733
Janata Dal (United),Bibhutipur,RAM BALAK SINGH,17235,Bihar,57882,#594671
Janata Dal (United),Bihariganj,NIRANJAN KUMAR MEHTA,29253,Bihar,78361,#594671
Bharatiya Janata Party,Biharsharif,DR.SUNIL KUMAR,2340,Bihar,76201,#FB7B0D
Rashtriya Janata Dal,Bihpur,VARSHA RANI,12716,Bihar,68963,#21610B
Indian National Congress,Bikram,SIDDHARTH,44311,Bihar,94088,#019733
Rashtriya Janata Dal,Bisfi,FAIYAZ AHMAD,35325,Bihar,70975,#21610B
Independent,Bochaha (SC),BEBY KUMARI,24130,Bihar,67720,#95b3d7
Rashtriya Janata Dal,Bodh Gaya (SC),KUMAR SARVJEET,30473,Bihar,82656,#21610B
Rashtriya Janata Dal,Brahampur,SHAMBHU NATH YADAV,30776,Bihar,94079,#21610B
Indian National Congress,Buxar,SANJAY KUMAR TIWARI ALIAS MUNNA TIWARI,10181,Bihar,66527,#019733
Bharatiya Janata Party,Chainpur,BRIJ KISHOR BIND,671,Bihar,58913,#FB7B0D
Rashtriya Janata Dal,Chakai,SAVITRI DEVI,12113,Bihar,47064,#21610B
Bharatiya Janata Party,Chanpatia,PRAKASH RAI,464,Bihar,61304,#FB7B0D
Bharatiya Janata Party,Chapra,DR. C.N. GUPTA,11379,Bihar,71646,#FB7B0D
Rashtriya Lok Samta Party,Chenari (SC),LALAN PASWAN,9781,Bihar,68148,#999
Janata Dal (United),Cheria Bariarpur,KUMARI MANJU VERMA,29736,Bihar,69795,#594671
Bharatiya Janata Party,Chhatapur,NIRAJ KUMAR SINGH,9292,Bihar,75697,#FB7B0D
Bharatiya Janata Party,Chiraia,LAL BABU PRASAD GUPTA,4374,Bihar,62831,#FB7B0D
Bharatiya Janata Party,Danapur,ASHA DEVI,5209,Bihar,72192,#FB7B0D
Communist Party of India (Marxist-Leninist) (Liberation),Darauli (SC),SATYADEO RAM,9584,Bihar,49576,#DE0000
Janata Dal (United),Daraundha,KAVITA SINGH,13222,Bihar,66255,#594671
Bharatiya Janata Party,Darbhanga,SANJAY SARAOGI,7460,Bihar,77776,#FB7B0D
Rashtriya Janata Dal,Darbhanga Rural,LALIT KUMAR YADAV,34491,Bihar,70557,#21610B
Rashtriya Janata Dal,Dehri,MOHAMMAD ILIYAS HUSSAIN,3898,Bihar,49402,#21610B
Rashtriya Janata Dal,Dhaka,FAISAL RAHMAN,19197,Bihar,87458,#21610B
Janata Dal (United),Dhamdaha,LESHI SINGH,29817,Bihar,75400,#594671
Janata Dal (United),Dhauraiya (SC),MANISH KUMAR,24154,Bihar,68858,#594671
Bharatiya Janata Party,Digha,SANJIV CHAURASIA,24779,Bihar,92671,#FB7B0D
Janata Dal (United),Dinara,JAI KUMAR SINGH,2691,Bihar,64699,#594671
Janata Dal (United),Dumraon,DADAN YADAV,30339,Bihar,81081,#594671
Janata Dal (United),Ekma,MANORANJAN SINGH,8126,Bihar,49508,#594671
Rashtriya Janata Dal,Fatuha,DR. RAMA NAND YADAV,30402,Bihar,77210,#21610B
Bharatiya Janata Party,Forbesganj,VIDYA SAGAR KESHRI,25238,Bihar,85929,#FB7B0D
Rashtriya Janata Dal,Gaighat,MAHESHWAR PRASAD YADAV,3501,Bihar,67313,#21610B
Rashtriya Janata Dal,Garkha (SC),MUNESHWAR CHAUDHARY,39883,Bihar,89249,#21610B
Janata Dal (United),Gaura Bauram,MADAN SAHNI,14062,Bihar,51403,#594671
Bharatiya Janata Party,Gaya Town,PREM KUMAR,22789,Bihar,66891,#FB7B0D
Janata Dal (United),Ghosi,KRISHAN NANDAN PRASAD VERMA,21625,Bihar,67248,#594671
Indian National Congress,Gobindpur,PURNIMA YADAV,4399,Bihar,43016,#019733
Bharatiya Janata Party,Goh,MANOJ KUMAR,7672,Bihar,53615,#FB7B0D
Bharatiya Janata Party,Gopalganj,SUBASH SINGH,5074,Bihar,78491,#FB7B0D
Janata Dal (United),Gopalpur,NARENDRA KUMAR NIRAJ,5169,Bihar,57403,#594671
Rashtriya Janata Dal,Goriakothi,SATYADEO PRASAD SINGH,7651,Bihar,70965,#21610B
Lok Jan Shakti Party,Govindganj,RAJU TIWARI,27920,Bihar,74685,#999
Bharatiya Janata Party,Gurua,RAJIV NANDAN,6515,Bihar,56480,#FB7B0D
Bharatiya Janata Party,Hajipur,AWADHESH SINGH,12195,Bihar,86773,#FB7B0D
Rashtriya Lok Samta Party,Harlakhi,BASANT KUMAR,3892,Bihar,40468,#999
Janata Dal (United),Harnaut,HARI NARAYAN SINGH,14295,Bihar,71933,#594671
Rashtriya Janata Dal,Harsidhi (SC),RAJENDRA KUMAR,10267,Bihar,75203,#21610B
Janata Dal (United),Hasanpur,RAJ KUMAR RAY,29600,Bihar,63094,#594671
Janata Dal (United),Hathua,RAMSEWAK SINGH,22984,Bihar,57917,#594671
Janata Dal (United),Hayaghat,AMAR NATH GAMI,33231,Bihar,65677,#594671
Rashtriya Janata Dal,Hilsa,ATRI MUNI URPH SHAKTI SINGH YADAV,26076,Bihar,72347,#21610B
Bharatiya Janata Party,Hisua,ANIL SINGH,12239,Bihar,82493,#FB7B0D
Hindustani Awam Morcha (Secular),Imamganj (SC),JITAN RAM MANJHI,29408,Bihar,79389,#999
Janata Dal (United),Islampur,CHANDRASEN PRASAD,22602,Bihar,66587,#594671
Rashtriya Janata Dal,Jagdishpur,RAM VISHUN SINGH,10195,Bihar,49020,#21610B
Rashtriya Janata Dal,Jahanabad,MUNDRIKA SINGH YADAV,30321,Bihar,76458,#21610B
Bharatiya Janata Party,Jale,JIBESH KUMAR,4620,Bihar,62059,#FB7B0D
Janata Dal (United),Jamalpur,SHAILESH KUMAR,15476,Bihar,67273,#594671
Rashtriya Janata Dal,Jamui,VIJAY PRAKASH,8249,Bihar,66577,#21610B
Bharatiya Janata Party,Jhajha,RABINDRA YADAV,22086,Bihar,65537,#FB7B0D
Rashtriya Janata Dal,Jhanjharpur,GULAB YADAV,834,Bihar,64320,#21610B
Janata Dal (United),Jokihat,SARFRAZ ALAM,53980,Bihar,92890,#594671
Indian National Congress,Kadwa,SHAKEEL AHMAD KHAN,5799,Bihar,56141,#019733
Indian National Congress,Kahalgaon,SADANAND SINGH,21229,Bihar,64981,#019733
Bharatiya Janata Party,Kalyanpur,SACHINDRA PRASAD SINGH,11488,Bihar,50060,#FB7B0D
Janata Dal (United),Kalyanpur (SC),MAHESHWAR HAZARI,37686,Bihar,84904,#594671
Independent,Kanti,ASHOK KUMAR CHOUDHARY (SADATPUR),9275,Bihar,58111,#95b3d7
Rashtriya Janata Dal,Karakat,SANJAY KUMAR SINGH,12119,Bihar,59720,#21610B
Janata Dal (United),Kargahar,BASHISHT SINGH,12907,Bihar,57018,#594671
Indian National Congress,Kasba,MD. AFAQUE ALAM,1794,Bihar,81633,#019733
Bharatiya Janata Party,Katihar,TARKISHORE PRASAD,14894,Bihar,66048,#FB7B0D
Rashtriya Janata Dal,Katoria (ST),SWEETY SIMA HEMBRAM,10337,Bihar,54760,#21610B
Rashtriya Janata Dal,Keoti,FARAZ FATMI,7830,Bihar,68601,#21610B
Rashtriya Janata Dal,Kesaria,DR. RAJESH KUMAR,15947,Bihar,62902,#21610B
Janata Dal (United),Khagaria,POONAM DEVI YADAV,25565,Bihar,64767,#594671
Rashtriya Janata Dal,Khajauli,SITARAM YADAV,10703,Bihar,71534,#21610B
Indian National Congress,Kishanganj,DR MOHAMMAD JAWAID,8609,Bihar,66522,#019733
Janata Dal (United),Kochadhaman,MUJAHID ALAM,18843,Bihar,55929,#594671
Indian National Congress,Korha (SC),PUNAM KUMARI ALIAS PUNAM PASWAN,5426,Bihar,78409,#019733
Janata Dal (United),Kuchaikote,AMRENDRA KUMAR PANDEY,3562,Bihar,72224,#594671
Bharatiya Janata Party,Kumhrar,ARUN KUMAR SINHA,37275,Bihar,87792,#FB7B0D
Bharatiya Janata Party,Kurhani,KEDAR PRASAD GUPTA,11570,Bihar,73227,#FB7B0D
Janata Dal (United),Kurtha,SATYADEO SINGH,14119,Bihar,43676,#594671
Janata Dal (United),Kusheshwar Asthan (SC),SHASHI BHUSAN HAZARI,19850,Bihar,50062,#594671
Indian National Congress,Kutumba (SC),RAJESH KUMAR,10098,Bihar,51303,#019733
Bharatiya Janata Party,Lakhisarai,VIJAY KUMAR SINHA,6556,Bihar,75901,#FB7B0D
Lok Jan Shakti Party,Lalganj,RAJ KUMAR SAH,20293,Bihar,80842,#999
Janata Dal (United),Laukaha,LAKSHMESHWAR ROY,23833,Bihar,79971,#594671
Bharatiya Janata Party,Lauriya,VINAY BIHARI,17573,Bihar,57351,#FB7B0D
Rashtriya Janata Dal,Madhepura,CHANDRA SHEKHAR,37642,Bihar,90974,#21610B
Bharatiya Janata Party,Madhuban,RANA RANDHIR,16222,Bihar,61054,#FB7B0D
Rashtriya Janata Dal,Madhubani,SAMIR KUMAR MAHASETH,7307,Bihar,76823,#21610B
Janata Dal (United),Maharajganj,HEM NARAYAN SAH,20292,Bihar,68459,#594671
Rashtriya Janata Dal,Mahishi,DR. ABDUL GHAFOOR,26135,Bihar,56436,#21610B
Janata Dal (United),Mahnar,UMESH SINGH KUSHWAHA,26455,Bihar,69825,#594671
Rashtriya Janata Dal,Mahua,TEJ PRATAP YADAV,28155,Bihar,66927,#21610B
Rashtriya Janata Dal,Makhadumapur (SC),SUBEDAR DAS,26777,Bihar,66631,#21610B
Rashtriya Janata Dal,Maner,BHAI VIRENDRA,22828,Bihar,89773,#21610B
Indian National Congress,Manihari (ST),MANOHAR PRASAD SINGH,13680,Bihar,61704,#019733
Indian National Congress,Manjhi,VIJAY SHANKER DUBEY,8866,Bihar,29558,#019733
Rashtriya Janata Dal,Marhaura,JEETENDRA KUMAR RAI,16718,Bihar,66714,#21610B
Rashtriya Janata Dal,Masaurhi (SC),REKHA DEVI (VILL- PABHEDA),39186,Bihar,89657,#21610B
Janata Dal (United),Matihani,NARENDRA KUMAR SINGH ALIAS BOGO SINGH,22688,Bihar,89297,#594671
Rashtriya Janata Dal,Minapur,RAJEEV KUMAR URF MUNNA YADAV,23940,Bihar,80790,#21610B
Bharatiya Janata Party,Mohania (SC),NIRANJAN RAM,7581,Bihar,60911,#FB7B0D
Rashtriya Janata Dal,Mohiuddinnagar,EJYA YADAV,23431,Bihar,47137,#21610B
Independent,Mokama,ANANT KUMAR SINGH,18348,Bihar,54005,#95b3d7
Janata Dal (United),Morwa,VIDYA SAGAR SINGH NISHAD,18816,Bihar,59206,#594671
Bharatiya Janata Party,Motihari,PRAMOD KUMAR,18517,Bihar,79947,#FB7B0D
Rashtriya Janata Dal,Munger,VIJAY KUMAR 'VIJAY',4365,Bihar,77216,#21610B
Bharatiya Janata Party,Muzaffarpur,SURESH KUMAR SHARMA,29739,Bihar,95594,#FB7B0D
Janata Dal (United),Nabinagar,VIRENDRA KUMAR SINGH,5261,Bihar,42035,#594671
Janata Dal (United),Nalanda,SHRAWON KUMAR,2996,Bihar,72596,#594671
Rashtriya Janata Dal,Narkatia,SHAMIM AHMAD,19982,Bihar,75118,#21610B
Indian National Congress,Narkatiaganj,VINAY VARMA,16061,Bihar,57212,#019733
Rashtriya Janata Dal,Narpatganj,ANIL KUMAR YADAV,25951,Bihar,90250,#21610B
Janata Dal (United),Nathnagar,AJAY KUMAR MANDAL,7825,Bihar,66485,#594671
Bharatiya Janata Party,Nautan,NARAYAN PRASAD,14335,Bihar,66697,#FB7B0D
Rashtriya Janata Dal,Nawada,RAJBALLABH PRASAD,16726,Bihar,88235,#21610B
Janata Dal (United),Nirmali,ANIRUDH PRASAD YADAV,23951,Bihar,79600,#594671
Rashtriya Janata Dal,Nokha,ANITA DEVI,22998,Bihar,72780,#21610B
Rashtriya Janata Dal,Obra,BIRENDRA KUMAR SINHA,11396,Bihar,56042,#21610B
Rashtriya Janata Dal,Paliganj,JAY VARDHAN YADAV ALIAS BACHCHA YADAV,24453,Bihar,65932,#21610B
Janata Dal (United),Parbatta,RAMANAD PRASAD SINGH,28924,Bihar,76248,#594671
Bharatiya Janata Party,Parihar,GAYTRI DEVI,4017,Bihar,66388,#FB7B0D
Bharatiya Janata Party,Paroo,ASHOK KUMAR SINGH,13539,Bihar,80445,#FB7B0D
Rashtriya Janata Dal,Parsa,CHANDRIKA RAI,42335,Bihar,77211,#21610B
Rashtriya Janata Dal,Patepur (SC),PREMA CHAUDHARY,12461,Bihar,67548,#21610B
Bharatiya Janata Party,Patna Sahib,NAND KISHORE YADAV,2792,Bihar,88108,#FB7B0D
Janata Dal (United),Phulparas,GULJAR DEVI,13415,Bihar,64368,#594671
Janata Dal (United),Phulwari (SC),SHYAM RAJAK,45713,Bihar,94094,#594671
Bharatiya Janata Party,Pipra,SHYAMBABU PRASAD YADAV,3930,Bihar,65552,#FB7B0D
Rashtriya Janata Dal,Pipra,YADUBANSH KUMAR YADAV,36369,Bihar,85944,#21610B
Rashtriya Janata Dal,Pirpainti (SC),RAM VILASH PASWAN,5144,Bihar,80058,#21610B
Bharatiya Janata Party,Pranpur,BINOD KUMAR SINGH,8101,Bihar,47924,#FB7B0D
Bharatiya Janata Party,Purnia,VIJAY KUMAR KHEMKA,32815,Bihar,92020,#FB7B0D
Janata Dal (United),Rafiganj,ASHOK KUMAR SINGH,9525,Bihar,62897,#594671
Rashtriya Janata Dal,Raghopur,TEJASHWI PRASAD YADAV,22733,Bihar,91236,#21610B
Rashtriya Janata Dal,Raghunathpur,HARISHANKAR YADAV,10622,Bihar,61042,#21610B
Rashtriya Janata Dal,Raja Pakar (SC),SHIVCHANDRA RAM,15155,Bihar,61251,#21610B
Rashtriya Janata Dal,Rajauli (SC),PRAKASH VEER,4615,Bihar,70549,#21610B
Janata Dal (United),Rajgir (SC),RAVI JYOTI KUMAR,5390,Bihar,62009,#594671
Bharatiya Janata Party,Rajnagar (SC),RAM PRIT PASWAN,6242,Bihar,71614,#FB7B0D
Janata Dal (United),Rajpur (SC),SANTOSH KUMAR NIRALA,32788,Bihar,84184,#594671
Bharatiya Janata Party,Ramgarh,ASHOK KUMAR SINGH,8011,Bihar,57501,#FB7B0D
Bharatiya Janata Party,Ramnagar (SC),BHAGIRATHI DEVI,17988,Bihar,82166,#FB7B0D
Janata Dal (United),Raniganj (SC),ACHMIT RISHIDEV,14930,Bihar,77717,#594671
Bharatiya Janata Party,Raxaul,AJAY KUMAR SINGH,3169,Bihar,64731,#FB7B0D
Indian National Congress,Riga,AMIT KUMAR,22856,Bihar,79217,#019733
Indian National Congress,Rosera (SC),DR. ASHOK KUMAR,34361,Bihar,85506,#019733
Rashtriya Janata Dal,Runnisaidpur,MANGITA DEVI,14110,Bihar,55699,#21610B
Janata Dal (United),Rupauli,BIMA BHARTI,9672,Bihar,50945,#594671
Rashtriya Janata Dal,Saharsa,ARUN KUMAR,39206,Bihar,102850,#21610B
Rashtriya Janata Dal,Sahebganj,RAMVICHAR RAI,10660,Bihar,70583,#21610B
Rashtriya Janata Dal,Sahebpur Kamal,SHREENARAYAN YADAV,45474,Bihar,78225,#21610B
Rashtriya Janata Dal,Sakra (SC),LAL BABU RAM,13012,Bihar,75010,#21610B
Rashtriya Janata Dal,Samastipur,AKHTARUL ISLAM SHAHEEN,31080,Bihar,82508,#21610B
Rashtriya Janata Dal,Sandesh,ARUN KUMAR,25427,Bihar,74306,#21610B
Janata Dal (United),Sarairanjan,VIJAY KUMAR CHOUDHARY,34044,Bihar,81055,#594671
Rashtriya Janata Dal,Sasaram,ASHOK KUMAR,19612,Bihar,82766,#21610B
Rashtriya Janata Dal,Shahpur,RAHUL TIWARY,14570,Bihar,69315,#21610B
Janata Dal (United),Sheikhpura,RANDHIR KUMAR SONI,13101,Bihar,41755,#594671
Janata Dal (United),Sheohar,SHARFUDDIN,461,Bihar,44576,#594671
Janata Dal (United),Sherghati,VINOD PRASAD YADAV,4834,Bihar,44579,#594671
Indian National Congress,Sikandra (SC),SUDHIR KUMAR ALIAS BANTY CHOUDHARY,7990,Bihar,59092,#019733
Janata Dal (United),Sikta,KHURSHID URF FIROJ AHMAD,2835,Bihar,69870,#594671
Bharatiya Janata Party,Sikti,VIJAY KUMAR MANDAL,8106,Bihar,76995,#FB7B0D
Janata Dal (United),Simri Bakhtiarpur,DINESH CHANDRA YADAV,37806,Bihar,78514,#594671
Janata Dal (United),Singheshwar (SC),RAMESH RISHIDEV,50200,Bihar,83073,#594671
Rashtriya Janata Dal,Sitamarhi,SUNIL KUMAR,14722,Bihar,81557,#21610B
Bharatiya Janata Party,Siwan,VYAS DEO PRASAD,3534,Bihar,55156,#FB7B0D
Janata Dal (United),Sonbarsha (SC),RATNESH SADA,53763,Bihar,88789,#594671
Rashtriya Janata Dal,Sonepur,DR. RAMANUJ PRASAD,36396,Bihar,86082,#21610B
Bharatiya Janata Party,Sugauli,RAMCHANDRA SAHNI,7756,Bihar,62384,#FB7B0D
Janata Dal (United),Sultanganj,SUBODH ROY,14033,Bihar,63345,#594671
Janata Dal (United),Supaul,BIJENDRA PRASAD YADAV,37397,Bihar,82295,#594671
Rashtriya Janata Dal,Sursand,SYED ABU DOJANA,23234,Bihar,52857,#21610B
Rashtriya Janata Dal,Suryagarha,PRAHLAD YADAV,30030,Bihar,82490,#21610B
Rashtriya Janata Dal,Taraiya,MUDRIKA PRASAD ROY,20440,Bihar,69012,#21610B
Janata Dal (United),Tarapur,M L CHOUDHARY,11947,Bihar,66411,#594671
Communist Party of India (Marxist-Leninist) (Liberation),Tarari,SUDAMA PRASAD,272,Bihar,44050,#DE0000
Rashtriya Janata Dal,Teghra,BIRENDRA KUMAR,15611,Bihar,68975,#21610B
Janata Dal (United),Thakurganj,NAUSHAD ALAM (TATPAUWA),8087,Bihar,74239,#594671
Janata Dal (United),Tikari,ABHAY KUMAR SINHA,31813,Bihar,86975,#594671
Janata Dal (United),Triveniganj (SC),VEENA BHARTI,52400,Bihar,89869,#594671
Rashtriya Janata Dal,Ujiarpur,ALOK KUMAR MEHTA,47460,Bihar,85466,#21610B
Janata Dal (United),Vaishali,RAJ KISHORE SINGH,31061,Bihar,79286,#594671
Independent,Valmiki Nagar,DHIRENDRA PRATAP SINGH ALIAS RINKU SINGH,33580,Bihar,66860,#95b3d7
Janata Dal (United),Warisnagar,ASHOK KUMAR,58573,Bihar,92687,#594671
Bharatiya Janata Party,Warsaliganj,ARUNA DEVI,19527,Bihar,85912,#FB7B0D
Indian National Congress,Wazirganj,AWADHESH KUMAR SINGH,12759,Bihar,80107,#019733
Janata Dal (United),Ziradei,RAMESH SINGH KUSHWAHA,6091,Bihar,40760,#594671
