age,category,color,electors,name,party,pc,polled_votes,rank,sex,state,votes,year
,,#999,,GODAM NAGESH,Telangana Rashtra Samithi,ADILABAD,1045839,1,,Andhra Pradesh,430847,2014
,,#999,,BALKA SUMAN,Telangana Rashtra Samithi,PEDDAPALLE,1022184,1,,Andhra Pradesh,565496,2014
,,#999,,VINOD KUMAR BOINAPALLY,Telangana Rashtra Samithi,KARIMNAGAR,1125691,1,,Andhra Pradesh,505783,2014
,,#999,,KALVAKUNTLA KAVITHA,Telangana Rashtra Samithi,NIZAMABAD,1033924,1,,Andhra Pradesh,439307,2014
,,#999,,B.B. PATIL,Telangana Rashtra Samithi,ZAHIRABAD,1094806,1,,Andhra Pradesh,508661,2014
,,#999,,KALVAKUNTLA CHANDRASEKHAR RAO,Telangana Rashtra Samithi,MEDAK,1191096,1,,Andhra Pradesh,657492,2014
,,#4bacc6,,CH.MALLA REDDY,Telugu Desam,MALKAJGIRI,1620397,1,,Andhra Pradesh,523336,2014
,,#FB7B0D,,BANDARU DATTATREYA,Bharatiya Janata Party,SECUNDRABAD,1003769,1,,Andhra Pradesh,438271,2014
,,#999,,ASADUDDIN OWAISI,All India Majlis-E-Ittehadul Muslimeen,HYDERABAD,971421,1,,Andhra Pradesh,513868,2014
,,#999,,KONDA VISHWESHWAR REDDY,Telangana Rashtra Samithi,CHELVELLA,1315862,1,,Andhra Pradesh,435077,2014
,,#999,,AP JITHENDER REDDY,Telangana Rashtra Samithi,MAHBUBNAGAR,1014800,1,,Andhra Pradesh,334228,2014
,,#019733,,YELLAIAH NANDI,Indian National Congress,NAGARKURNOOL,1108968,1,,Andhra Pradesh,420075,2014
,,#019733,,GUTHA SUKHENDER REDDY,Indian National Congress,NALGONDA,1189399,1,,Andhra Pradesh,472093,2014
,,#999,,DR. BOORA NARSAIAH GOUD,Telangana Rashtra Samithi,BHONGIR,1211943,1,,Andhra Pradesh,448245,2014
,,#999,,KADIYAM SRIHARI,Telangana Rashtra Samithi,WARANGAL,1174631,1,,Andhra Pradesh,661639,2014
,,#999,,PROF. AZMEERA SEETARAM NAIK,Telangana Rashtra Samithi,MAHABUBABAD,1124370,1,,Andhra Pradesh,320569,2014
,,#999,,PONGULETI  SRINIVASA REDDY,Yuvajana Sramika Rythu Congress Party,KHAMMAM,1182897,1,,Andhra Pradesh,421957,2014
,,#999,,KOTHAPALLI GEETHA,Yuvajana Sramika Rythu Congress Party,ARUKU,909614,1,,Andhra Pradesh,413191,2014
,,#4bacc6,,RAMMOHAN NAIDU KINJARAPU,Telugu Desam,SRIKAKULAM,1051446,1,,Andhra Pradesh,556163,2014
,,#4bacc6,,ASHOK GAJAPATHI RAJU PUSAPATI,Telugu Desam,VIZIANAGARAM,1120316,1,,Andhra Pradesh,536549,2014
,,#FB7B0D,,KAMBHAMPATI HARI BABU,Bharatiya Janata Party,VISAKHAPATNAM,1163558,1,,Andhra Pradesh,566832,2014
,,#4bacc6,,MUTTAMSETTI SRINIVASA RAO (AVANTHI),Telugu Desam,ANAKAPALLI,1148072,1,,Andhra Pradesh,568463,2014
,,#4bacc6,,THOTA NARASIMHAM,Telugu Desam,KAKINADA,1099999,1,,Andhra Pradesh,514402,2014
,,#4bacc6,,DR PANDULA RAVINDRA BABU,Telugu Desam,AMALAPURAM,1120927,1,,Andhra Pradesh,594547,2014
,,#4bacc6,,MURALI MOHAN MAGANTI,Telugu Desam,RAJAHMUNDRY,1154381,1,,Andhra Pradesh,630573,2014
,,#FB7B0D,,GOKARAJU GANGA RAJU,Bharatiya Janata Party,NARSAPURAM,1088951,1,,Andhra Pradesh,540306,2014
,,#4bacc6,,MAGANTI VENKATESWARA RAO (BABU),Telugu Desam,ELURU,1201696,1,,Andhra Pradesh,623471,2014
,,#4bacc6,,KONAKALLA NARAYANA RAO,Telugu Desam,MACHILIPATNAM,1141065,1,,Andhra Pradesh,587280,2014
,,#4bacc6,,KESINENI SRINIVAS,Telugu Desam,VIJAYAWADA,1195075,1,,Andhra Pradesh,592696,2014
,,#4bacc6,,JAYADEV GALLA,Telugu Desam,GUNTUR,1244926,1,,Andhra Pradesh,618417,2014
,,#4bacc6,,SAMBASIVA RAO RAYAPATI,Telugu Desam,NARASARAOPET,1282058,1,,Andhra Pradesh,632464,2014
,,#4bacc6,,MALYADRI SRIRAM,Telugu Desam,BAPATLA,1184634,1,,Andhra Pradesh,578145,2014
,,#999,,Y.V.SUBBA REDDY,Yuvajana Sramika Rythu Congress Party,ONGOLE,1208225,1,,Andhra Pradesh,589960,2014
,,#999,,S.P.Y REDDY,Yuvajana Sramika Rythu Congress Party,NANDYAL,1204956,1,,Andhra Pradesh,622411,2014
,,#999,,BUTTA RENUKA,Yuvajana Sramika Rythu Congress Party,KURNOOL,1065732,1,,Andhra Pradesh,472782,2014
,,#4bacc6,,J.C. DIVAKAR REDDI,Telugu Desam,ANANTAPUR,1205054,1,,Andhra Pradesh,606509,2014
,,#4bacc6,,KRISTAPPA NIMMALA,Telugu Desam,HINDUPUR,1177257,1,,Andhra Pradesh,604291,2014
,,#999,,Y.S. AVINASH REDDY,Yuvajana Sramika Rythu Congress Party,KADAPA,1200662,1,,Andhra Pradesh,671983,2014
,,#999,,MEKAPATI RAJAMOHAN REDDY,Yuvajana Sramika Rythu Congress Party,NELLORE,1187648,1,,Andhra Pradesh,576396,2014
,,#999,,VARAPRASAD RAO VELAGAPALLI,Yuvajana Sramika Rythu Congress Party,TIRUPATI,1213064,1,,Andhra Pradesh,580376,2014
,,#999,,P.V.MIDHUN REDDY,Yuvajana Sramika Rythu Congress Party,RAJAMPET,1158317,1,,Andhra Pradesh,601752,2014
,,#4bacc6,,NARAMALLI SIVAPRASAD,Telugu Desam,CHITTOOR,1198915,1,,Andhra Pradesh,594862,2014
,,#FB7B0D,,KIREN RIJIJU,Bharatiya Janata Party,ARUNACHAL WEST,335665,1,,Arunachal Pradesh,169367,2014
,,#019733,,NINONG ERING,Indian National Congress,ARUNACHAL EAST,261291,1,,Arunachal Pradesh,118455,2014
,,#999,,RADHESHYAM BISWAS,All India United Democratic Front,KARIMGANJ,886920,1,,Assam,362866,2014
,,#019733,,SUSHMITA DEV,Indian National Congress,SILCHAR,799830,1,,Assam,336451,2014
,,#019733,,BIREN SINGH ENGTI,Indian National Congress,AUTONOMOUS DISTRICT,543280,1,,Assam,213152,2014
,,#999,,BADRUDDIN AJMAL,All India United Democratic Front,DHUBRI,1369624,1,,Assam,592569,2014
,,#95b3d7,,NABA KUMAR SARANIA (HIRA),Independent,KOKRAJHAR,1223869,1,,Assam,634428,2014
,,#999,,SIRAJ UDDIN AJMAL,All India United Democratic Front,BARPETA,1205863,1,,Assam,394702,2014
,,#FB7B0D,,BIJOYA CHAKRAVARTY,Bharatiya Janata Party,GAUHATI,1511729,1,,Assam,764985,2014
,,#FB7B0D,,RAMEN DEKA,Bharatiya Janata Party,MANGALDOI,1233237,1,,Assam,486357,2014
,,#FB7B0D,,RAM PRASAD SARMAH,Bharatiya Janata Party,TEZPUR,980688,1,,Assam,446511,2014
,,#FB7B0D,,RAJEN GOHAIN,Bharatiya Janata Party,NOWGONG,1230074,1,,Assam,494146,2014
,,#019733,,GOURAV GOGOI,Indian National Congress,KALIABOR,1166490,1,,Assam,443315,2014
,,#FB7B0D,,KAMAKHYA PRASAD TASA,Bharatiya Janata Party,JORHAT,931336,1,,Assam,456420,2014
,,#FB7B0D,,RAMESWAR TELI,Bharatiya Janata Party,DIBRUGARH,890968,1,,Assam,494364,2014
,,#FB7B0D,,SARBANANDA SONOWAL,Bharatiya Janata Party,LAKHIMPUR,1111975,1,,Assam,612543,2014
,,#FB7B0D,,SATISH CHANDRA DUBEY,Bharatiya Janata Party,VALMIKI NAGAR,900114,1,,Bihar,364011,2014
,,#FB7B0D,,DR. SANJAY JAISWAL,Bharatiya Janata Party,PASCHIM CHAMPARAN,854800,1,,Bihar,371232,2014
,,#FB7B0D,,RADHA MOHAN SINGH,Bharatiya Janata Party,PURVI CHAMPARAN,822671,1,,Bihar,400452,2014
,,#FB7B0D,,RAMA DEVI,Bharatiya Janata Party,SHEOHAR,842894,1,,Bihar,372506,2014
,,#999,,RAM KUMAR SHARMA,Rashtriya Lok Samta Party,SITAMARHI,900588,1,,Bihar,411265,2014
,,#FB7B0D,,HUKM DEO NARAYAN YADAV,Bharatiya Janata Party,MADHUBANI,860453,1,,Bihar,358040,2014
,,#FB7B0D,,BIRENDRA KUMAR CHAUDHARY,Bharatiya Janata Party,JHANJHARPUR,941249,1,,Bihar,335481,2014
,,#019733,,RANJEET RANJAN,Indian National Congress,SUPAUL,970528,1,,Bihar,332927,2014
,,#999,,TASLEEM UDDIN,Rashtriya Janata Dal,ARARIA,975811,1,,Bihar,407978,2014
,,#019733,,MOHAMMAD ASRARUL HAQUE,Indian National Congress,KISHANGANJ,928490,1,,Bihar,493461,2014
,,#999,,TARIQ ANWAR,Nationalist Congress Party,KATIHAR,977830,1,,Bihar,431292,2014
,,#8064a2,,SANTOSH KUMAR,Janata Dal  (United),PURNIA,1017732,1,,Bihar,418826,2014
,,#999,,RAJESH RANJAN @ PAPPU YADAV,Rashtriya Janata Dal,MADHEPURA,1034799,1,,Bihar,368937,2014
,,#FB7B0D,,KIRTI AZAD,Bharatiya Janata Party,DARBHANGA,828342,1,,Bihar,314949,2014
,,#FB7B0D,,AJAY NISHAD,Bharatiya Janata Party,MUZAFFARPUR,948887,1,,Bihar,469295,2014
,,#999,,RAMA KISHORE SINGH,Lok Jan Shakti Party,VAISHALI,925937,1,,Bihar,305450,2014
,,#FB7B0D,,JANAK RAM,Bharatiya Janata Party,GOPALGANJ (SC),903583,1,,Bihar,478773,2014
,,#FB7B0D,,OM PRAKASH YADAV,Bharatiya Janata Party,SIWAN,884021,1,,Bihar,372670,2014
,,#FB7B0D,,PANKAJ,Bharatiya Janata Party,MAHARAJGANJ,1902732,1,,Uttar Pradesh,471542,2014
,,#FB7B0D,,RAJIV PRATAP RUDY,Bharatiya Janata Party,SARAN,863254,1,,Bihar,355120,2014
,,#999,,RAMVILAS PASWAN,Lok Jan Shakti Party,HAJIPUR (SC),904753,1,,Bihar,455652,2014
,,#FB7B0D,,NITYANAND RAI,Bharatiya Janata Party,UJIARPUR,858920,1,,Bihar,317352,2014
,,#999,,RAM CHANDRA PASWAN,Lok Jan Shakti Party,SAMASTIPUR (SC),863199,1,,Bihar,270401,2014
,,#FB7B0D,,BHOLA SINGH,Bharatiya Janata Party,BEGUSARAI,1077855,1,,Bihar,428227,2014
,,#999,,CHOUDHARY MAHBOOB ALI KAISER,Lok Jan Shakti Party,KHAGARIA,896231,1,,Bihar,313806,2014
,,#999,,SHAILESH KUMAR URPH BULO MANDAL,Rashtriya Janata Dal,BHAGALPUR,974016,1,,Bihar,367623,2014
,,#999,,JAI PRAKASH NARAYAN YADAV,Rashtriya Janata Dal,BANKA,899353,1,,Bihar,285150,2014
,,#999,,VEENA DEVI,Lok Jan Shakti Party,MUNGER,914350,1,,Bihar,352911,2014
,,#8064a2,,KAUSHLENDRA KUMAR,Janata Dal  (United),NALANDA,921761,1,,Bihar,321982,2014
,,#FB7B0D,,SHATRUGHANA SINHA,Bharatiya Janata Party,PATNA SAHIB,882262,1,,Bihar,485905,2014
,,#FB7B0D,,RAM KRIPAL YADAV,Bharatiya Janata Party,PATALIPUTRA,978649,1,,Bihar,383262,2014
,,#FB7B0D,,RAJ KUMAR SINGH,Bharatiya Janata Party,ARRAH,893213,1,,Bihar,391074,2014
,,#FB7B0D,,ASHWINI KUMAR CHOUBEY,Bharatiya Janata Party,BUXAR,888204,1,,Bihar,319012,2014
,,#FB7B0D,,CHHEDI PASWAN,Bharatiya Janata Party,SASARAM (SC),846788,1,,Bihar,366087,2014
,,#999,,UPENDRA KUSHWAHA,Rashtriya Lok Samta Party,KARAKAT,789927,1,,Bihar,338892,2014
,,#999,,DR. ARUN KUMAR,Rashtriya Lok Samta Party,JAHANABAD,811516,1,,Bihar,322647,2014
,,#F05A00,,CHANDRAKANT BHAURAO KHAIRE,Shivsena,AURANGABAD,1769207,1,,Maharashtra,520902,2014
,,#FB7B0D,,HARI MANJHI,Bharatiya Janata Party,GAYA (SC),809378,1,,Bihar,326230,2014
,,#FB7B0D,,GIRIRAJ SINGH,Bharatiya Janata Party,NAWADA,884441,1,,Bihar,390248,2014
,,#999,,CHIRAG KUMAR PASWAN,Lok Jan Shakti Party,JAMUI (SC),775639,1,,Bihar,285354,2014
,,#FB7B0D,,SHRIPAD YESSO NAIK,Bharatiya Janata Party,NORTH GOA,406631,1,,Goa,237903,2014
,,#FB7B0D,,ADV. NARENDRA KESHAV SAWAIKAR,Bharatiya Janata Party,SOUTH GOA,410369,1,,Goa,198776,2014
,,#FB7B0D,,CHAVDA VINOD LAKHAMASHI,Bharatiya Janata Party,KACHCHH,946240,1,,Gujarat,562855,2014
,,#FB7B0D,,CHAUDHARY HARIBHAI PARTHIBHAI,Bharatiya Janata Party,BANASKANTHA,886634,1,,Gujarat,507856,2014
,,#FB7B0D,,LILADHARBHAI KHODAJI VAGHELA,Bharatiya Janata Party,PATAN,955799,1,,Gujarat,518538,2014
,,#FB7B0D,,PATEL JAYSHREEBEN KANUBHAI,Bharatiya Janata Party,MAHESANA,1004258,1,,Gujarat,580250,2014
,,#FB7B0D,,RATHOD DIPSINH SHANKARSINH,Bharatiya Janata Party,SABARKANTHA,1094002,1,,Gujarat,552205,2014
,,#FB7B0D,,L.K.ADVANI,Bharatiya Janata Party,GANDHINAGAR,1135495,1,,Gujarat,773539,2014
,,#FB7B0D,,PARESH RAWAL,Bharatiya Janata Party,AHMEDABAD EAST,985525,1,,Gujarat,633582,2014
,,#FB7B0D,,DR. KIRIT P SOLANKI,Bharatiya Janata Party,AHMEDABAD WEST,964609,1,,Gujarat,617104,2014
,,#FB7B0D,,FATEPARA DEVAJIBHAI GOVINDBHAI,Bharatiya Janata Party,SURENDRANAGAR,944677,1,,Gujarat,529003,2014
,,#FB7B0D,,KUNDARIYA MOHANBHAI KALYANJIBHAI,Bharatiya Janata Party,RAJKOT,1057069,1,,Gujarat,621524,2014
,,#FB7B0D,,RADADIYA VITHALBHAI  HANSRAJBHAI,Bharatiya Janata Party,PORBANDAR,809433,1,,Gujarat,508437,2014
,,#FB7B0D,,POONAMBEN HEMATBHAI MAADAM,Bharatiya Janata Party,JAMNAGAR,852643,1,,Gujarat,484412,2014
,,#FB7B0D,,CHUDASAMA RAJESHBHAI NARANBHAI,Bharatiya Janata Party,JUNAGADH,941378,1,,Gujarat,513179,2014
,,#FB7B0D,,KACHHADIYA NARANBHAI BHIKHABHAI,Bharatiya Janata Party,AMRELI,808816,1,,Gujarat,436715,2014
,,#FB7B0D,,DR. BHARATIBEN DHIRUBHAI SHIYAL,Bharatiya Janata Party,BHAVNAGAR,917402,1,,Gujarat,549529,2014
,,#FB7B0D,,DILIP PATEL,Bharatiya Janata Party,ANAND,970894,1,,Gujarat,490829,2014
,,#FB7B0D,,CHAUHAN DEVUSINH JESINGBHAI (CHAUHAN DEVUSINH),Bharatiya Janata Party,KHEDA,955906,1,,Gujarat,568235,2014
,,#FB7B0D,,CHAUHAN PRABHATSINH PRATAPSINH,Bharatiya Janata Party,PANCHMAHAL,933461,1,,Gujarat,508274,2014
,,#FB7B0D,,JASVANTSINH SUMANBHAI BHABHOR,Bharatiya Janata Party,DAHOD,900381,1,,Gujarat,511111,2014
,,#FB7B0D,,NARENDRA MODI,Bharatiya Janata Party,VADODARA,1161577,1,,Gujarat,845464,2014
,,#FB7B0D,,RAMSINH RATHWA,Bharatiya Janata Party,CHHOTA UDAIPUR,1100542,1,,Gujarat,607916,2014
,,#FB7B0D,,VASAVA MANSUKHBHAI DHANJIBHAI,Bharatiya Janata Party,BHARUCH,1060211,1,,Gujarat,548902,2014
,,#FB7B0D,,VASAVA PARBHUBHAI NAGARBHAI,Bharatiya Janata Party,BARDOLI,1206179,1,,Gujarat,622769,2014
,,#FB7B0D,,DARSHANA VIKRAM JARDOSH,Bharatiya Janata Party,SURAT,947922,1,,Gujarat,718412,2014
,,#FB7B0D,,C. R. PATIL,Bharatiya Janata Party,NAVSARI,1160747,1,,Gujarat,820831,2014
,,#FB7B0D,,DR. K.C.PATEL,Bharatiya Janata Party,VALSAD,1122203,1,,Gujarat,617772,2014
,,#FB7B0D,,RATTAN LAL KATARIA,Bharatiya Janata Party,AMBALA,1218995,1,,Haryana,612121,2014
,,#FB7B0D,,RAJ KUMAR SAINI,Bharatiya Janata Party,KURUKSHETRA,1135892,1,,Haryana,418112,2014
,,#999,,CHARANJEET SINGH RORI,Indian National Lok Dal,SIRSA,1279105,1,,Haryana,506370,2014
,,#999,,DUSHYANT CHAUTALA,Indian National Lok Dal,HISAR,1155914,1,,Haryana,494478,2014
,,#FB7B0D,,ASHWINI KUMAR,Bharatiya Janata Party,KARNAL,1193500,1,,Haryana,594817,2014
,,#FB7B0D,,RAMESH CHANDER,Bharatiya Janata Party,SONIPAT,985637,1,,Haryana,347203,2014
,,#019733,,DEEPENDER SINGH HOODA,Indian National Congress,ROHTAK,1044331,1,,Haryana,490063,2014
,,#FB7B0D,,DHARAMBIR S/O BHALE RAM,Bharatiya Janata Party,BHIWANI-MAHENDRAGARH,1030431,1,,Haryana,404542,2014
,,#FB7B0D,,INDERJIT SINGH RAO,Bharatiya Janata Party,GURGAON,1320619,1,,Haryana,644780,2014
,,#FB7B0D,,KRISHAN PAL,Bharatiya Janata Party,FARIDABAD,1130726,1,,Haryana,652516,2014
,,#FB7B0D,,SHANTA KUMAR,Bharatiya Janata Party,KANGRA,799445,1,,Himachal Pradesh,456163,2014
,,#FB7B0D,,RAM SWAROOP SHARMA,Bharatiya Janata Party,MANDI,726094,1,,Himachal Pradesh,362824,2014
,,#FB7B0D,,KUNWAR PUSHPENDRA SINGH CHANDEL,Bharatiya Janata Party,HAMIRPUR,1810445,1,,Uttar Pradesh,453884,2014
,,#FB7B0D,,VIRENDER KASHYAP,Bharatiya Janata Party,SHIMLA,737757,1,,Himachal Pradesh,385973,2014
,,#999,,MUZAFFAR HUSSAIN BAIG,Jammu & Kashmir Peoples Democratic Party,BARAMULLA,465992,1,,Jammu & Kashmir,175277,2014
,,#999,,TARIQ HAMEED KARRA,Jammu & Kashmir Peoples Democratic Party,SRINAGAR,312212,1,,Jammu & Kashmir,157923,2014
,,#999,,MEHBOOBA MUFTI,Jammu & Kashmir Peoples Democratic Party,ANANTNAG,375279,1,,Jammu & Kashmir,200429,2014
,,#FB7B0D,,THUPSTAN CHHEWANG,Bharatiya Janata Party,LADAKH,118029,1,,Jammu & Kashmir,31111,2014
,,#FB7B0D,,DR. JITENDRA SINGH,Bharatiya Janata Party,UDHAMPUR,1041758,1,,Jammu & Kashmir,487369,2014
,,#FB7B0D,,JUGAL KISHORE,Bharatiya Janata Party,JAMMU,1253593,1,,Jammu & Kashmir,619995,2014
,,#019733,,PRAKASH BABANNA HUKKERI,Indian National Congress,CHIKKODI,1071103,1,,Karnataka,474373,2014
,,#FB7B0D,,ANGADI SURESH CHANNABASAPPA,Bharatiya Janata Party,BELGAUM,1078547,1,,Karnataka,554417,2014
,,#FB7B0D,,GADDIGOUDAR PARVTAGOUDA CHANDANAGOUDA,Bharatiya Janata Party,BAGALKOT,1079310,1,,Karnataka,571548,2014
,,#FB7B0D,,RAMESH JIGAJINAGI,Bharatiya Janata Party,BIJAPUR,966757,1,,Karnataka,471757,2014
,,#019733,,MALLIKARJUN KHARGE,Indian National Congress,GULBARGA,997638,1,,Karnataka,507193,2014
,,#019733,,B.V.NAYAK,Indian National Congress,RAICHUR,968889,1,,Karnataka,443659,2014
,,#FB7B0D,,BHAGWANTH KHUBA,Bharatiya Janata Party,BIDAR,959384,1,,Karnataka,459290,2014
,,#FB7B0D,,KARADI SANGANNA AMARAPPA,Bharatiya Janata Party,KOPPAL,1006508,1,,Karnataka,486383,2014
,,#FB7B0D,,B. SREERAMULU,Bharatiya Janata Party,BELLARY,1045772,1,,Karnataka,534406,2014
,,#FB7B0D,,UDASI SHIVAKUMAR CHANNABASAPPA,Bharatiya Janata Party,HAVERI,1115968,1,,Karnataka,566790,2014
,,#FB7B0D,,PRALHAD JOSHI,Bharatiya Janata Party,DHARWAD,1041226,1,,Karnataka,545395,2014
,,#FB7B0D,,ANANTKUMAR HEGDE,Bharatiya Janata Party,UTTARA KANNADA,1001038,1,,Karnataka,546939,2014
,,#FB7B0D,,G M SIDDESHWARA,Bharatiya Janata Party,DAVANAGERE,1114868,1,,Karnataka,518894,2014
,,#FB7B0D,,B. S. YEDDYURAPPA,Bharatiya Janata Party,SHIMOGA,1129008,1,,Karnataka,606216,2014
,,#FB7B0D,,SHOBHA KARANDLAJE,Bharatiya Janata Party,UDUPI CHIKMAGALUR,1034108,1,,Karnataka,581168,2014
,,#8064a2,,H.D. DEVEGOWDA,Janata Dal  (Secular),HASSAN,1147172,1,,Karnataka,509841,2014
,,#FB7B0D,,NALIN KUMAR KATEEL,Bharatiya Janata Party,DAKSHINA KANNADA,1207474,1,,Karnataka,642739,2014
,,#019733,,B.N.CHANDRAPPA,Indian National Congress,CHITRADURGA,1096499,1,,Karnataka,467511,2014
,,#019733,,MUDDAHANUMEGOWDA.S.P.,Indian National Congress,TUMKUR,1101484,1,,Karnataka,429868,2014
,,#8064a2,,C.S.PUTTARAJU,Janata Dal  (Secular),MANDYA,1192638,1,,Karnataka,524370,2014
,,#FB7B0D,,PRATHAP SIMHA,Bharatiya Janata Party,MYSORE,1159594,1,,Karnataka,503908,2014
,,#019733,,R. DHRUVANARAYANA,Indian National Congress,CHAMARAJANAGAR,1133029,1,,Karnataka,567782,2014
,,#019733,,D K SURESH,Indian National Congress,BANGALORE RURAL,1455244,1,,Karnataka,652723,2014
,,#FB7B0D,,D.V SADANANDA GOWDA,Bharatiya Janata Party,BANGALORE NORTH,1356718,1,,Karnataka,718326,2014
,,#FB7B0D,,P.C. MOHAN,Bharatiya Janata Party,BANGALORE CENTRAL,1074589,1,,Karnataka,557130,2014
,,#FB7B0D,,ANANTH KUMAR,Bharatiya Janata Party,BANGALORE SOUTH,1113726,1,,Karnataka,633816,2014
,,#019733,,M VEERAPPA MOILY,Indian National Congress,CHIKKBALLAPUR,1263274,1,,Karnataka,424800,2014
,,#019733,,K.H.MUNIYAPPA,Indian National Congress,KOLAR,1127323,1,,Karnataka,418926,2014
,,#DE0000,,P KARUNAKARAN,Communist Party of India  (Marxist),KASARAGOD,974215,1,,Kerala,384964,2014
,,#DE0000,,P K SREEMATHI TEACHER,Communist Party of India  (Marxist),KANNUR,947117,1,,Kerala,427622,2014
,,#019733,,MULLAPPALLY RAMACHANDRAN,Indian National Congress,VADAKARA,959342,1,,Kerala,416479,2014
,,#019733,,M I SHANAVAS,Indian National Congress,WAYANAD,915006,1,,Kerala,377035,2014
,,#019733,,M .K RAGHAVAN,Indian National Congress,KOZHIKODE,943009,1,,Kerala,397615,2014
,,#999,,E. AHAMED,Indian Union Muslim League,MALAPPURAM,853467,1,,Kerala,437723,2014
,,#999,,E. T. MOHAMMED BASHEER,Indian Union Muslim League,PONNANI,871592,1,,Kerala,378503,2014
,,#DE0000,,M B RAJESH,Communist Party of India  (Marxist),PALAKKAD,910322,1,,Kerala,412897,2014
,,#DE0000,,P.K.BIJU,Communist Party of India  (Marxist),ALATHUR,927228,1,,Kerala,411808,2014
,,#DE0000,,C. N. JAYADEVAN,Communist Party of India,THRISSUR,920505,1,,Kerala,389209,2014
,,#95b3d7,,INNOCENT,Independent,CHALAKUDY,884033,1,,Kerala,358440,2014
,,#019733,,PROF. K.V. THOMAS,Indian National Congress,ERNAKULAM,850834,1,,Kerala,353841,2014
,,#95b3d7,,ADV.JOICE GEORGE,Independent,IDUKKI,819766,1,,Kerala,382019,2014
,,#999,,JOSE K. MANI,Kerala Congress  (M),KOTTAYAM,831636,1,,Kerala,424194,2014
,,#019733,,K C VENUGOPAL,Indian National Congress,ALAPPUZHA,997464,1,,Kerala,462525,2014
,,#019733,,KODIKUNNIL SURESH,Indian National Congress,MAVELIKKARA,889060,1,,Kerala,402432,2014
,,#019733,,ANTO ANTONY,Indian National Congress,PATHANAMTHITTA,869452,1,,Kerala,358842,2014
,,#999,,N.K.PREMACHANDRAN,Revolutionary Socialist Party,KOLLAM,879056,1,,Kerala,408528,2014
,,#DE0000,,DR.A .SAMPATH,Communist Party of India  (Marxist),ATTINGAL,859350,1,,Kerala,392478,2014
,,#019733,,DR. SHASHI THAROOR,Indian National Congress,THIRUVANANTHAPURAM,873439,1,,Kerala,297806,2014
,,#FB7B0D,,ANOOP MISHRA,Bharatiya Janata Party,MORENA,854279,1,,Madhya Pradesh,375567,2014
,,#FB7B0D,,DR. BHAGIRATH PRASAD,Bharatiya Janata Party,BHIND,729084,1,,Madhya Pradesh,404474,2014
,,#FB7B0D,,NARENDRA SINGH TOMAR,Bharatiya Janata Party,GWALIOR,990912,1,,Madhya Pradesh,442796,2014
,,#019733,,JYOTIRADITYA M SCINDIA,Indian National Congress,GUNA,976629,1,,Madhya Pradesh,517036,2014
,,#FB7B0D,,LAXMI NARAYAN YADAV,Bharatiya Janata Party,SAGAR,891929,1,,Madhya Pradesh,482580,2014
,,#FB7B0D,,DR. VIRENDRA KUMAR,Bharatiya Janata Party,TIKAMGARH,766321,1,,Madhya Pradesh,422979,2014
,,#FB7B0D,,PRAHALAD SINGH PATEL,Bharatiya Janata Party,DAMOH,912080,1,,Madhya Pradesh,513079,2014
,,#FB7B0D,,NAGENDRA SINGH,Bharatiya Janata Party,KHAJURAHO,874477,1,,Madhya Pradesh,474966,2014
,,#FB7B0D,,GANESH SINGH,Bharatiya Janata Party,SATNA,913444,1,,Madhya Pradesh,375288,2014
,,#FB7B0D,,JANARDAN MISHRA,Bharatiya Janata Party,REWA,830002,1,,Madhya Pradesh,383320,2014
,,#FB7B0D,,RITI PATHAK,Bharatiya Janata Party,SIDHI,989396,1,,Madhya Pradesh,475678,2014
,,#FB7B0D,,DALPAT SINGH PARASTE,Bharatiya Janata Party,SHAHDOL,968518,1,,Madhya Pradesh,525419,2014
,,#FB7B0D,,RAKESH SINGH,Bharatiya Janata Party,JABALPUR,1002184,1,,Madhya Pradesh,564609,2014
,,#FB7B0D,,FAGGAN SINGH KULASTE,Bharatiya Janata Party,MANDLA,1218518,1,,Madhya Pradesh,585720,2014
,,#FB7B0D,,BODHSINGH BHAGAT,Bharatiya Janata Party,BALAGHAT,1113364,1,,Madhya Pradesh,480594,2014
,,#019733,,KAMAL NATH,Indian National Congress,CHHINDWARA,1107498,1,,Madhya Pradesh,559755,2014
,,#FB7B0D,,UDAY PRATAP SINGH,Bharatiya Janata Party,HOSHANGABAD,1031175,1,,Madhya Pradesh,669128,2014
,,#FB7B0D,,SUSHMA SWARAJ,Bharatiya Janata Party,VIDISHA,1073473,1,,Madhya Pradesh,714348,2014
,,#FB7B0D,,ALOK SANJAR,Bharatiya Janata Party,BHOPAL,1130182,1,,Madhya Pradesh,714178,2014
,,#FB7B0D,,RODMAL NAGAR,Bharatiya Janata Party,RAJGARH,1010724,1,,Madhya Pradesh,596727,2014
,,#FB7B0D,,MANOHAR UNTWAL,Bharatiya Janata Party,DEWAS,1143968,1,,Madhya Pradesh,665646,2014
,,#FB7B0D,,PROF. CHINTAMANI MALVIYA,Bharatiya Janata Party,UJJAIN,1016405,1,,Madhya Pradesh,641101,2014
,,#FB7B0D,,SUDHIR GUPTA,Bharatiya Janata Party,MANDSOUR,1161349,1,,Madhya Pradesh,698335,2014
,,#FB7B0D,,DILEEPSINGH BHURIA,Bharatiya Janata Party,RATLAM,1082681,1,,Madhya Pradesh,545970,2014
,,#FB7B0D,,SAVITRI THAKUR,Bharatiya Janata Party,DHAR,1076816,1,,Madhya Pradesh,558387,2014
,,#FB7B0D,,SUMITRA MAHAJAN (TAI),Bharatiya Janata Party,INDORE,1316817,1,,Madhya Pradesh,854972,2014
,,#FB7B0D,,SUBHASH PATEL,Bharatiya Janata Party,KHARGONE,1152525,1,,Madhya Pradesh,649354,2014
,,#FB7B0D,,NANDKUMAR SINGH CHOUHAN (NANDU BHAIYA),Bharatiya Janata Party,KHANDWA,1257327,1,,Madhya Pradesh,717357,2014
,,#FB7B0D,,JYOTI DHURVE,Bharatiya Janata Party,BETUL,1047719,1,,Madhya Pradesh,643651,2014
,,#FB7B0D,,DR.GAVIT HEENA VAIJAYKUMAR,Bharatiya Janata Party,NANDURBAR,1116676,1,,Maharashtra,579486,2014
,,#FB7B0D,,DR. BHAMRE SUBHASH RAMRAO,Bharatiya Janata Party,DHULE,983083,1,,Maharashtra,529450,2014
,,#FB7B0D,,A.T. NANA PATIL,Bharatiya Janata Party,JALGAON,990332,1,,Maharashtra,647773,2014
,,#FB7B0D,,KHADASE RAKSHA NIKHIL,Bharatiya Janata Party,RAVER,1009213,1,,Maharashtra,605452,2014
,,#F05A00,,JADHAV PRATAPRAO GANPATRAO,Shivsena,BULDHANA,978626,1,,Maharashtra,509145,2014
,,#FB7B0D,,DHOTRE SANJAY SHAMRAO,Bharatiya Janata Party,AKOLA,978491,1,,Maharashtra,456472,2014
,,#F05A00,,ADSUL ANANDRAO VITHOBA,Shivsena,AMRAVATI,1004061,1,,Maharashtra,467212,2014
,,#FB7B0D,,RAMDAS CHANDRABHANJI TADAS,Bharatiya Janata Party,WARDHA,1013445,1,,Maharashtra,537518,2014
,,#F05A00,,KRUPAL BALAJI TUMANE,Shivsena,RAMTEK,1050316,1,,Maharashtra,519892,2014
,,#FB7B0D,,GADKARI NITIN JAIRAM,Bharatiya Janata Party,NAGPUR,1085058,1,,Maharashtra,587767,2014
,,#FB7B0D,,NANABHAU FALGUNRAO PATOLE,Bharatiya Janata Party,BHANDARA - GONDIYA,1197196,1,,Maharashtra,606129,2014
,,#FB7B0D,,ASHOK MAHADEORAO NETE,Bharatiya Janata Party,GADCHIROLI-CHIMUR,1027129,1,,Maharashtra,535982,2014
,,#FB7B0D,,AHIR HANSRAJ GANGARAM,Bharatiya Janata Party,CHANDRAPUR,1109743,1,,Maharashtra,508049,2014
,,#F05A00,,GAWALI BHAVANA PUNDLIKRAO,Shivsena,YAVATMAL-WASHIM,1032949,1,,Maharashtra,477905,2014
,,#019733,,RAJEEV SHANKARRAO SATAV,Indian National Congress,HINGOLI,1051164,1,,Maharashtra,467397,2014
,,#019733,,ASHOK SHANKARRAO CHAVAN,Indian National Congress,NANDED,1013350,1,,Maharashtra,493075,2014
,,#F05A00,,JADHAV SANJAY (BANDU) HARIBHAU,Shivsena,PARBHANI,1162233,1,,Maharashtra,578455,2014
,,#FB7B0D,,DANVE RAOSAHEB DADARAO,Bharatiya Janata Party,JALNA,1066259,1,,Maharashtra,591428,2014
,,#FB7B0D,,CHAVAN HARISHCHANDRA DEORAM,Bharatiya Janata Party,DINDORI,970182,1,,Maharashtra,542784,2014
,,#F05A00,,GODSE HEMANT TUKARAM,Shivsena,NASHIK,937405,1,,Maharashtra,494735,2014
,,#FB7B0D,,ADV. CHINTAMAN NAVASHA WANGA,Bharatiya Janata Party,PALGHAR,992618,1,,Maharashtra,533201,2014
,,#FB7B0D,,KAPIL MORESHWAR PATIL,Bharatiya Janata Party,BHIWANDI,875605,1,,Maharashtra,411070,2014
,,#F05A00,,DR.SHRIKANT EKNATH SHINDE,Shivsena,KALYAN,824196,1,,Maharashtra,440892,2014
,,#F05A00,,VICHARE RAJAN BABURAO,Shivsena,THANE,1054189,1,,Maharashtra,595364,2014
,,#FB7B0D,,GOPAL CHINAYYA SHETTY,Bharatiya Janata Party,MUMBAI NORTH,946562,1,,Maharashtra,664004,2014
,,#F05A00,,GAJANAN CHANDRAKANT KIRTIKAR,Shivsena,MUMBAI NORTH WEST,895517,1,,Maharashtra,464820,2014
,,#FB7B0D,,KIRIT  SOMAIYA,Bharatiya Janata Party,MUMBAI NORTH EAST,861761,1,,Maharashtra,525285,2014
,,#FB7B0D,,POONAM MAHAJAN ALIAS POONAM VAJENDLA RAO,Bharatiya Janata Party,MUMBAI NORTH CENTRAL,845292,1,,Maharashtra,478535,2014
,,#F05A00,,RAHUL RAMESH SHEWALE,Shivsena,MUMBAI SOUTH CENTRAL,769060,1,,Maharashtra,381275,2014
,,#F05A00,,ARVIND SAWANT,Shivsena,MUMBAI   SOUTH,780715,1,,Maharashtra,374780,2014
,,#F05A00,,ANANT GEETE,Shivsena,RAIGAD,987766,1,,Maharashtra,396178,2014
,,#F05A00,,APPA ALIAS SHRIRANG CHANDU BARNE,Shivsena,MAVAL,1174335,1,,Maharashtra,512226,2014
,,#FB7B0D,,ANIL SHIROLE,Bharatiya Janata Party,PUNE,993274,1,,Maharashtra,569825,2014
,,#999,,SUPRIYA SULE,Nationalist Congress Party,BARAMATI,1066556,1,,Maharashtra,521562,2014
,,#F05A00,,ADHALRAO SHIVAJI DATTATREY,Shivsena,SHIRUR,1089506,1,,Maharashtra,643415,2014
,,#FB7B0D,,GANDHI DILIPKUMAR MANSUKHLAL,Bharatiya Janata Party,AHMADNAGAR,1062318,1,,Maharashtra,605185,2014
,,#F05A00,,LOKHANDE SADASHIV KISAN,Shivsena,SHIRDI,932645,1,,Maharashtra,532936,2014
,,#FB7B0D,,MUNDE GOPINATHRAO PANDURANG,Bharatiya Janata Party,BEED,1232202,1,,Maharashtra,635995,2014
,,#F05A00,,GAIKWAD RAVINDRA VISHWANATH,Shivsena,OSMANABAD,1118151,1,,Maharashtra,607699,2014
,,#FB7B0D,,DR. SUNIL BALIRAM GAIKWAD,Bharatiya Janata Party,LATUR,1057156,1,,Maharashtra,616509,2014
,,#FB7B0D,,SHARAD BANSODE,Bharatiya Janata Party,SOLAPUR,951201,1,,Maharashtra,517879,2014
,,#999,,MOHITE PATIL VIJAYSINH SHANKARRAO,Nationalist Congress Party,MADHA,1079619,1,,Maharashtra,489989,2014
,,#FB7B0D,,SANJAYKAKA PATIL,Bharatiya Janata Party,SANGLI,1046659,1,,Maharashtra,611563,2014
,,#999,,SHRIMANT CHH.  UDAYANRAJE PRATAPSINHA BHONSALE,Nationalist Congress Party,SATARA,976681,1,,Maharashtra,522531,2014
,,#F05A00,,VINAYAK BHAURAO RAUT,Shivsena,RATNAGIRI - SINDHUDURG,896256,1,,Maharashtra,493088,2014
,,#999,,DHANANJAY BHIMRAO MAHADIK,Nationalist Congress Party,KOLHAPUR,1260289,1,,Maharashtra,607665,2014
,,#999,,RAJU SHETTY,Swabhimani Paksha,HATKANANGLE,1188871,1,,Maharashtra,640428,2014
,,#019733,,DR. THOKCHOM MEINYA,Indian National Congress,INNER MANIPUR,640871,1,,Manipur,292102,2014
,,#019733,,THANGSO BAITE,Indian National Congress,OUTER MANIPUR,771766,1,,Manipur,296770,2014
,,#019733,,VINCENT H. PALA,Indian National Congress,SHILLONG,619987,1,,Meghalaya,209340,2014
,,#999,,PURNO AGITOK SANGMA,National Peoples Party,TURA,458071,1,,Meghalaya,239301,2014
,,#019733,,C. L. RUALA,Indian National Congress,MIZORAM,433201,1,,Mizoram,210485,2014
,,#999,,NEIPHIU RIO,Naga Peoples Front,NAGALAND,1038910,1,,Nagaland,713372,2014
,,#000000,,PRABHAS KUMAR SINGH,Biju Janata Dal,BARGARH,1123301,1,,Odisha,383230,2014
,,#FB7B0D,,JUAL @ JUEL ORAM,Bharatiya Janata Party,SUNDARGARH,1010711,1,,Odisha,340508,2014
,,#000000,,NAGENDRA KUMAR PRADHAN,Biju Janata Dal,SAMBALPUR,984309,1,,Odisha,358618,2014
,,#000000,,SAKUNTALA LAGURI,Biju Janata Dal,KEONJHAR,1083869,1,,Odisha,434471,2014
,,#000000,,RAMA CHANDRA HANSDAH,Biju Janata Dal,MAYURBHANJ,1053399,1,,Odisha,393779,2014
,,#000000,,RABINDRA KUMAR JENA,Biju Janata Dal,BALASORE,1049450,1,,Odisha,433768,2014
,,#000000,,ARJUN CHARAN SETHI,Biju Janata Dal,BHADRAK,1081339,1,,Odisha,502338,2014
,,#000000,,RITA TARAI,Biju Janata Dal,JAJPUR,980435,1,,Odisha,541349,2014
,,#000000,,TATHAGATA SATPATHY,Biju Janata Dal,DHENKANAL,1042101,1,,Odisha,453277,2014
,,#000000,,KALIKESH NARAYAN SINGH DEO,Biju Janata Dal,BOLANGIR,1170405,1,,Odisha,453519,2014
,,#000000,,ARKA KESHARI DEO,Biju Janata Dal,KALAHANDI,1117536,1,,Odisha,370871,2014
,,#000000,,BALABHADRA MAJHI,Biju Janata Dal,NABARANGPUR,1022172,1,,Odisha,373887,2014
,,#000000,,HEMENDRA CHANDRA SINGH,Biju Janata Dal,KANDHAMAL,839415,1,,Odisha,421458,2014
,,#000000,,BHARTRUHARI MAHATAB,Biju Janata Dal,CUTTACK,978604,1,,Odisha,526085,2014
,,#000000,,BAIJAYANT PANDA,Biju Janata Dal,KENDRAPARA,1140999,1,,Odisha,601574,2014
,,#000000,,KULAMANI SAMAL,Biju Janata Dal,JAGATSINGHPUR,1131932,1,,Odisha,624492,2014
,,#000000,,PINAKI MISRA,Biju Janata Dal,PURI,1039389,1,,Odisha,523161,2014
,,#000000,,PRASANNA KUMAR PATASANI,Biju Janata Dal,BHUBANESWAR,891822,1,,Odisha,439252,2014
,,#000000,,LADU KISHORE SWAIN,Biju Janata Dal,ASKA,896281,1,,Odisha,541473,2014
,,#000000,,SIDHANT MOHAPATRA,Biju Janata Dal,BERHAMPUR,905362,1,,Odisha,398107,2014
,,#000000,,JHINA HIKAKA,Biju Janata Dal,KORAPUT,989444,1,,Odisha,395109,2014
,,#FB7B0D,,VINOD KHANNA,Bharatiya Janata Party,GURDASPUR,1042699,1,,Punjab,482255,2014
,,#019733,,CAPTAIN AMARINDER SINGH,Indian National Congress,AMRITSAR,1007196,1,,Punjab,482876,2014
,,#999,,RANJIT SINGH BRAHMPURA,Shiromani Akali Dal,KHADOOR SAHIB,1040518,1,,Punjab,467332,2014
,,#019733,,SANTOKH SINGH CHAUDHARY,Indian National Congress,JALANDHAR,1040762,1,,Punjab,380479,2014
,,#FB7B0D,,VIJAY SAMPLA,Bharatiya Janata Party,HOSHIARPUR,961297,1,,Punjab,346643,2014
,,#999,,PREM SINGH CHANDUMAJRA,Shiromani Akali Dal,ANANDPUR SAHIB,1086563,1,,Punjab,347394,2014
,,#019733,,RAVNEET SINGH BITTU,Indian National Congress,LUDHIANA,1100457,1,,Punjab,300459,2014
,,#999,,HARINDER SINGH KHALSA,Aam Aadmi Party,FATEHGARH SAHIB,1030954,1,,Punjab,367293,2014
,,#999,,PROF. SADHU SINGH,Aam Aadmi Party,FARIDKOT,1032107,1,,Punjab,450751,2014
,,#999,,SHER SINGH GHUBAYA,Shiromani Akali Dal,FIROZPUR,1105412,1,,Punjab,487932,2014
,,#999,,HARSIMRAT KAUR BADAL,Shiromani Akali Dal,BATHINDA,1176767,1,,Punjab,514727,2014
,,#999,,BHAGWANT MANN,Aam Aadmi Party,SANGRUR,1099467,1,,Punjab,533237,2014
,,#999,,DR. DHARAM VIRA GANDHI,Aam Aadmi Party,PATIALA,1120933,1,,Punjab,365671,2014
,,#FB7B0D,,NIHALCHAND,Bharatiya Janata Party,GANGANAGAR,1256806,1,,Rajasthan,658130,2014
,,#FB7B0D,,ARJUN RAM MEGHWAL,Bharatiya Janata Party,BIKANER,929751,1,,Rajasthan,584932,2014
,,#FB7B0D,,RAHUL KASWAN,Bharatiya Janata Party,CHURU,1131104,1,,Rajasthan,595756,2014
,,#FB7B0D,,SANTOSH AHLAWAT,Bharatiya Janata Party,JHUNJHUNU,1006465,1,,Rajasthan,488182,2014
,,#FB7B0D,,SUMEDHANAND SARASWATI,Bharatiya Janata Party,SIKAR,1065750,1,,Rajasthan,499428,2014
,,#FB7B0D,,RAJYAVARDHAN SINGH RATHORE,Bharatiya Janata Party,JAIPUR RURAL,1013691,1,,Rajasthan,632930,2014
,,#FB7B0D,,RAMCHARAN BOHARA,Bharatiya Janata Party,JAIPUR,1296806,1,,Rajasthan,863358,2014
,,#FB7B0D,,CHAND NATH,Bharatiya Janata Party,ALWAR,1062305,1,,Rajasthan,642278,2014
,,#FB7B0D,,BAHADUR SINGH,Bharatiya Janata Party,BHARATPUR,962432,1,,Rajasthan,579825,2014
,,#FB7B0D,,MANOJ RAJORIA,Bharatiya Janata Party,KARAULI-DHOLPUR,845941,1,,Rajasthan,402407,2014
,,#FB7B0D,,HARISH CHANDRA MEENA,Bharatiya Janata Party,DAUSA,930492,1,,Rajasthan,315059,2014
,,#FB7B0D,,SUKHBIR SINGH JAUNAPURIA,Bharatiya Janata Party,TONK-SAWAI MADHOPUR,1043040,1,,Rajasthan,548179,2014
,,#FB7B0D,,SANWAR LAL JAT,Bharatiya Janata Party,AJMER,1156314,1,,Rajasthan,637874,2014
,,#FB7B0D,,C R CHOUDHARY,Bharatiya Janata Party,NAGAUR,1004019,1,,Rajasthan,414791,2014
,,#FB7B0D,,P P CHOUDHARY,Bharatiya Janata Party,PALI,1095587,1,,Rajasthan,711772,2014
,,#FB7B0D,,GAJENDRASINGH SHEKHAWAT,Bharatiya Janata Party,JODHPUR,1078598,1,,Rajasthan,713515,2014
,,#FB7B0D,,COL. SONA RAM,Bharatiya Janata Party,BARMER,1219119,1,,Rajasthan,488747,2014
,,#FB7B0D,,DEVJI PATEL,Bharatiya Janata Party,JALORE,1087272,1,,Rajasthan,580508,2014
,,#FB7B0D,,ARJUNLAL MEENA,Bharatiya Janata Party,UDAIPUR,1193202,1,,Rajasthan,660373,2014
,,#FB7B0D,,MANSHANKAR NINAMA,Bharatiya Janata Party,BANSWARA,1171188,1,,Rajasthan,577433,2014
,,#FB7B0D,,CHANDRA PRAKASH JOSHI,Bharatiya Janata Party,CHITTORGARH,1172629,1,,Rajasthan,703236,2014
,,#FB7B0D,,HARIOM SINGH RATHORE,Bharatiya Janata Party,RAJSAMAND,982119,1,,Rajasthan,644794,2014
,,#FB7B0D,,SUBHASH BAHERIA,Bharatiya Janata Party,BHILWARA,1104090,1,,Rajasthan,630317,2014
,,#FB7B0D,,OM BIRLA,Bharatiya Janata Party,KOTA,1154960,1,,Rajasthan,644822,2014
,,#FB7B0D,,DUSHYANT SINGH,Bharatiya Janata Party,JHALAWAR-BARAN,1146364,1,,Rajasthan,676102,2014
,,#999,,PREM DAS RAI,Sikkim Democratic Front,SIKKIM,308967,1,,Sikkim,163698,2014
,,#9DBC2A,,VENUGOPAL.P.(DR),All India Anna Dravida Munnetra Kazhagam,THIRUVALLUR,1254440,1,,Tamil Nadu,628499,2014
,,#9DBC2A,,VENKATESH BABU .T.G,All India Anna Dravida Munnetra Kazhagam,CHENNAI NORTH,910114,1,,Tamil Nadu,406704,2014
,,#9DBC2A,,DR. J. JAYAVARDHAN,All India Anna Dravida Munnetra Kazhagam,CHENNAI SOUTH,1081163,1,,Tamil Nadu,438404,2014
,,#9DBC2A,,S.R. VIJAYAKUMAR,All India Anna Dravida Munnetra Kazhagam,CHENNAI CENTRAL,814894,1,,Tamil Nadu,333296,2014
,,#9DBC2A,,"RAMACHANDRAN, K.N. THIRU",All India Anna Dravida Munnetra Kazhagam,SRIPERUMBUDUR,1286647,1,,Tamil Nadu,545820,2014
,,#9DBC2A,,MARAGATHAM  K,All India Anna Dravida Munnetra Kazhagam,KANCHEEPURAM,1128399,1,,Tamil Nadu,499395,2014
,,#9DBC2A,,"HARI, G.",All India Anna Dravida Munnetra Kazhagam,ARAKKONAM,1089052,1,,Tamil Nadu,493534,2014
,,#9DBC2A,,"SENGUTTUVAN, B.",All India Anna Dravida Munnetra Kazhagam,VELLORE,974770,1,,Tamil Nadu,383719,2014
,,#9DBC2A,,ASHOK KUMAR.K,All India Anna Dravida Munnetra Kazhagam,KRISHNAGIRI,1068391,1,,Tamil Nadu,480491,2014
,,#999,,ANBUMANI RAMADOSS,Pattali Makkal Katchi,DHARMAPURI,1101345,1,,Tamil Nadu,468194,2014
,,#9DBC2A,,VANAROJA R,All India Anna Dravida Munnetra Kazhagam,TIRUVANNAMALAI,1067447,1,,Tamil Nadu,500751,2014
,,#9DBC2A,,V.ELUMALAI,All India Anna Dravida Munnetra Kazhagam,ARANI,1096046,1,,Tamil Nadu,502721,2014
,,#9DBC2A,,RAJENDRAN S,All India Anna Dravida Munnetra Kazhagam,VILUPPURAM,1067641,1,,Tamil Nadu,482704,2014
,,#9DBC2A,,KAMARAJ. K,All India Anna Dravida Munnetra Kazhagam,KALLAKURICHI,1107241,1,,Tamil Nadu,533383,2014
,,#9DBC2A,,PANNERSELVAM.V,All India Anna Dravida Munnetra Kazhagam,SALEM,1150296,1,,Tamil Nadu,556546,2014
,,#9DBC2A,,SUNDARAM P.R,All India Anna Dravida Munnetra Kazhagam,NAMAKKAL,1058755,1,,Tamil Nadu,563272,2014
,,#9DBC2A,,SELVAKUMARA CHINNAYAN S,All India Anna Dravida Munnetra Kazhagam,ERODE,1008582,1,,Tamil Nadu,466995,2014
,,#9DBC2A,,V.SATHYABAMA,All India Anna Dravida Munnetra Kazhagam,TIRUPPUR,1050190,1,,Tamil Nadu,442778,2014
,,#9DBC2A,,"GOPALAKRISHNAN, C.",All India Anna Dravida Munnetra Kazhagam,NILGIRIS,933076,1,,Tamil Nadu,463700,2014
,,#9DBC2A,,"NAGARAJAN, P.",All India Anna Dravida Munnetra Kazhagam,COIMBATORE,1176620,1,,Tamil Nadu,431717,2014
,,#9DBC2A,,MAHENDRAN.C,All India Anna Dravida Munnetra Kazhagam,POLLACHI,1012667,1,,Tamil Nadu,417092,2014
,,#9DBC2A,,UDHAYA KUMAR .M,All India Anna Dravida Munnetra Kazhagam,DINDIGUL,1083364,1,,Tamil Nadu,510462,2014
,,#9DBC2A,,"THAMBIDURAI,M.",All India Anna Dravida Munnetra Kazhagam,KARUR,1046534,1,,Tamil Nadu,540722,2014
,,#9DBC2A,,KUMAR.P,All India Anna Dravida Munnetra Kazhagam,TIRUCHIRAPPALLI,988250,1,,Tamil Nadu,458478,2014
,,#9DBC2A,,"MARUTHARAJAA, R.P.",All India Anna Dravida Munnetra Kazhagam,PERAMBALUR,1030826,1,,Tamil Nadu,462693,2014
,,#9DBC2A,,ARUNMOZHITHEVAN.A,All India Anna Dravida Munnetra Kazhagam,CUDDALORE,984538,1,,Tamil Nadu,481429,2014
,,#9DBC2A,,"CHANDRAKASI, M",All India Anna Dravida Munnetra Kazhagam,CHIDAMBARAM,1088423,1,,Tamil Nadu,429536,2014
,,#9DBC2A,,BHARATHI MOHAN R.K,All India Anna Dravida Munnetra Kazhagam,MAYILADUTHURAI,1025538,1,,Tamil Nadu,513729,2014
,,#9DBC2A,,GOPAL. DR. K,All India Anna Dravida Munnetra Kazhagam,NAGAPATTINAM,942202,1,,Tamil Nadu,434174,2014
,,#9DBC2A,,PARASURAMAN.K,All India Anna Dravida Munnetra Kazhagam,THANJAVUR,1012258,1,,Tamil Nadu,510307,2014
,,#9DBC2A,,SENTHILNATHAN PR,All India Anna Dravida Munnetra Kazhagam,SIVAGANGA,1027036,1,,Tamil Nadu,475993,2014
,,#9DBC2A,,R.GOPALAKRISHNAN,All India Anna Dravida Munnetra Kazhagam,MADURAI,978346,1,,Tamil Nadu,454167,2014
,,#9DBC2A,,"PARTHIPAN, R.",All India Anna Dravida Munnetra Kazhagam,THENI,1075583,1,,Tamil Nadu,571254,2014
,,#9DBC2A,,RADHAKRISHNAN T,All India Anna Dravida Munnetra Kazhagam,VIRUDHUNAGAR,1010930,1,,Tamil Nadu,406694,2014
,,#9DBC2A,,ANWHAR RAAJHAA.A,All India Anna Dravida Munnetra Kazhagam,RAMANATHAPURAM,1001048,1,,Tamil Nadu,405945,2014
,,#9DBC2A,,JEYASINGH THIYAGARAJ NATTERJEE.J,All India Anna Dravida Munnetra Kazhagam,THOOTHUKKUDI,916778,1,,Tamil Nadu,366052,2014
,,#9DBC2A,,VASANTHI.M,All India Anna Dravida Munnetra Kazhagam,TENKASI,1017938,1,,Tamil Nadu,424586,2014
,,#9DBC2A,,PRABAKARAN.K.R.P,All India Anna Dravida Munnetra Kazhagam,TIRUNELVELI,962330,1,,Tamil Nadu,398139,2014
,,#FB7B0D,,RADHAKRISHNAN P.,Bharatiya Janata Party,KANNIYAKUMARI,990742,1,,Tamil Nadu,372906,2014
,,#DE0000,,SANKAR PRASAD DATTA,Communist Party of India  (Marxist),TRIPURA WEST,1072749,1,,Tripura,671665,2014
,,#DE0000,,JITENDRA CHOUDHURY,Communist Party of India  (Marxist),TRIPURA EAST,951110,1,,Tripura,623771,2014
,,#FB7B0D,,RAGHAV LAKHANPAL,Bharatiya Janata Party,SAHARANPUR,1194308,1,,Uttar Pradesh,472999,2014
,,#FB7B0D,,HUKUM SINGH,Bharatiya Janata Party,KAIRANA,1119324,1,,Uttar Pradesh,565909,2014
,,#FB7B0D,,(DR.) SANJEEV KUMAR BALYAN,Bharatiya Janata Party,MUZAFFARNAGAR,1107434,1,,Uttar Pradesh,653391,2014
,,#FB7B0D,,KUNWAR BHARTENDRA,Bharatiya Janata Party,BIJNOR,1060346,1,,Uttar Pradesh,486913,2014
,,#FB7B0D,,YASHWANT SINGH,Bharatiya Janata Party,NAGINA,942196,1,,Uttar Pradesh,367825,2014
,,#FB7B0D,,KUNWER SARVESH KUMAR,Bharatiya Janata Party,MORADABAD,1127965,1,,Uttar Pradesh,485224,2014
,,#FB7B0D,,DR. NEPAL SINGH,Bharatiya Janata Party,RAMPUR,956389,1,,Uttar Pradesh,358616,2014
,,#FB7B0D,,SATYAPAL SINGH,Bharatiya Janata Party,SAMBHAL,1057002,1,,Uttar Pradesh,360242,2014
,,#FB7B0D,,KANWAR SINGH TANWAR,Bharatiya Janata Party,AMROHA,1095860,1,,Uttar Pradesh,528880,2014
,,#FB7B0D,,RAJENDRA AGARWAL,Bharatiya Janata Party,MEERUT,1113384,1,,Uttar Pradesh,532981,2014
,,#FB7B0D,,DR. SATYA PAL SINGH,Bharatiya Janata Party,BAGHPAT,1004263,1,,Uttar Pradesh,423475,2014
,,#FB7B0D,,VIJAY KUMAR SINGH,Bharatiya Janata Party,GHAZIABAD,1342320,1,,Uttar Pradesh,758482,2014
,,#FB7B0D,,DR.MAHESH  SHARMA,Bharatiya Janata Party,GAUTAM BUDDHA NAGAR,1199238,1,,Uttar Pradesh,599702,2014
,,#FB7B0D,,BHOLA SINGH,Bharatiya Janata Party,BULANDSHAHR,1009710,1,,Uttar Pradesh,604449,2014
,,#FB7B0D,,SATISH KUMAR,Bharatiya Janata Party,ALIGARH,1064357,1,,Uttar Pradesh,514622,2014
,,#FB7B0D,,RAJESH KUMAR DIWAKER,Bharatiya Janata Party,HATHRAS,1049273,1,,Uttar Pradesh,544277,2014
,,#FB7B0D,,HEMA MALINI,Bharatiya Janata Party,MATHURA,1076868,1,,Uttar Pradesh,574633,2014
,,#FB7B0D,,DR. RAM SHANKAR KATHERIA,Bharatiya Janata Party,AGRA,1070400,1,,Uttar Pradesh,583716,2014
,,#FB7B0D,,BABULAL,Bharatiya Janata Party,FATEHPUR SIKRI,967968,1,,Uttar Pradesh,426589,2014
,,#B15928,,AKSHAY YADAV,Samajwadi Party,FIROZABAD,1104606,1,,Uttar Pradesh,534583,2014
,,#B15928,,MULAYAM SINGH YADAV,Samajwadi Party,MAINPURI,999265,1,,Uttar Pradesh,595918,2014
,,#FB7B0D,,RAJVEER SINGH (RAJU BHAIYA),Bharatiya Janata Party,ETAH,926281,1,,Uttar Pradesh,474978,2014
,,#B15928,,DHARMENDRA YADAV,Samajwadi Party,BADAUN,1027594,1,,Uttar Pradesh,498378,2014
,,#FB7B0D,,DHARMENDRA KUMAR,Bharatiya Janata Party,AONLA,995641,1,,Uttar Pradesh,409907,2014
,,#FB7B0D,,SANTOSH KUMAR GANGWAR,Bharatiya Janata Party,BAREILLY,1017891,1,,Uttar Pradesh,518258,2014
,,#FB7B0D,,MANEKA SANJAY GANDHI,Bharatiya Janata Party,PILIBHIT,1050547,1,,Uttar Pradesh,546934,2014
,,#FB7B0D,,KRISHNA RAJ,Bharatiya Janata Party,SHAHJAHANPUR,1129841,1,,Uttar Pradesh,525132,2014
,,#FB7B0D,,AJAY KUMAR,Bharatiya Janata Party,KHERI,1077868,1,,Uttar Pradesh,398578,2014
,,#FB7B0D,,REKHA,Bharatiya Janata Party,DHAURAHRA,1060271,1,,Uttar Pradesh,360357,2014
,,#FB7B0D,,RAJESH VERMA,Bharatiya Janata Party,SITAPUR,1026972,1,,Uttar Pradesh,417546,2014
,,#FB7B0D,,ANSHUL VERMA,Bharatiya Janata Party,HARDOI,972894,1,,Uttar Pradesh,360501,2014
,,#FB7B0D,,ANJU BALA,Bharatiya Janata Party,MISRIKH,998314,1,,Uttar Pradesh,412575,2014
,,#FB7B0D,,SWAMI SACHCHIDANAND HARI SAKSHI,Bharatiya Janata Party,UNNAO,1201603,1,,Uttar Pradesh,518834,2014
,,#FB7B0D,,KAUSHAL KISHORE,Bharatiya Janata Party,MOHANLALGANJ,1116588,1,,Uttar Pradesh,455274,2014
,,#FB7B0D,,RAJ NATH SINGH,Bharatiya Janata Party,LUCKNOW,1033783,1,,Uttar Pradesh,561106,2014
,,#019733,,SONIA GANDHI,Indian National Congress,RAE BARELI,825136,1,,Uttar Pradesh,526434,2014
,,#019733,,RAHUL GANDHI,Indian National Congress,AMETHI,874625,1,,Uttar Pradesh,408651,2014
,,#FB7B0D,,FEROZE VARUN GANDHI,Bharatiya Janata Party,SULTANPUR,964981,1,,Uttar Pradesh,410348,2014
,,#999,,KUWAR HARIVANSH SINGH,Apna Dal,PRATAPGARH,894456,1,,Uttar Pradesh,375789,2014
,,#FB7B0D,,MUKESH RAJPUT,Bharatiya Janata Party,FARRUKHABAD,970677,1,,Uttar Pradesh,406195,2014
,,#FB7B0D,,ASHOK KUMAR DOHAREY,Bharatiya Janata Party,ETAWAH,939604,1,,Uttar Pradesh,439646,2014
,,#B15928,,DIMPLE YADAV,Samajwadi Party,KANNAUJ,1114460,1,,Uttar Pradesh,489164,2014
,,#FB7B0D,,DR.MURLI MANOHAR JOSHI,Bharatiya Janata Party,KANPUR,835079,1,,Uttar Pradesh,474712,2014
,,#FB7B0D,,DEVENDRA SINGH @ BHOLE SINGH,Bharatiya Janata Party,AKBARPUR,971375,1,,Uttar Pradesh,481584,2014
,,#FB7B0D,,BHANU PRATAP SINGH VERMA,Bharatiya Janata Party,JALAUN,1109166,1,,Uttar Pradesh,548631,2014
,,#FB7B0D,,UMA BHARATI,Bharatiya Janata Party,JHANSI,1320804,1,,Uttar Pradesh,575889,2014
,,#FB7B0D,,BHAIRON PRASAD MISHRA,Bharatiya Janata Party,BANDA,858326,1,,Uttar Pradesh,342066,2014
,,#FB7B0D,,NIRANJAN JYOTI,Bharatiya Janata Party,FATEHPUR,1056688,1,,Uttar Pradesh,485994,2014
,,#FB7B0D,,VINOD KUMAR SONKAR,Bharatiya Janata Party,KAUSHAMBI,910038,1,,Uttar Pradesh,331593,2014
,,#FB7B0D,,KESHAV PRASAD MAURYA,Bharatiya Janata Party,PHULPUR,960341,1,,Uttar Pradesh,503564,2014
,,#FB7B0D,,SHYAMA CHARAN GUPTA,Bharatiya Janata Party,ALLAHABAD,891582,1,,Uttar Pradesh,313772,2014
,,#FB7B0D,,PRIYANKA SINGH RAWAT,Bharatiya Janata Party,BARABANKI,1068168,1,,Uttar Pradesh,454214,2014
,,#FB7B0D,,LALLU SINGH,Bharatiya Janata Party,FAIZABAD,1022716,1,,Uttar Pradesh,491761,2014
,,#FB7B0D,,HARI OM PANDEY,Bharatiya Janata Party,AMBEDKAR NAGAR,1034404,1,,Uttar Pradesh,432104,2014
,,#FB7B0D,,SADHVI SAVITRI BAI FOOLE,Bharatiya Janata Party,BAHRAICH,934263,1,,Uttar Pradesh,432392,2014
,,#FB7B0D,,BRIJ BHUSAN SHARAN SINGH,Bharatiya Janata Party,KAISERGANJ,943357,1,,Uttar Pradesh,381500,2014
,,#FB7B0D,,DADDAN MISHRA,Bharatiya Janata Party,SHRAWASTI,979638,1,,Uttar Pradesh,345964,2014
,,#FB7B0D,,KIRTI VARDHAN SINGH,Bharatiya Janata Party,GONDA,873732,1,,Uttar Pradesh,359643,2014
,,#FB7B0D,,JAGDAMBIKA PAL,Bharatiya Janata Party,DOMARIYAGANJ,935027,1,,Uttar Pradesh,298845,2014
,,#FB7B0D,,HARISH CHANDRA  ALIAS  HARISH DWIVEDI,Bharatiya Janata Party,BASTI,1048534,1,,Uttar Pradesh,357680,2014
,,#FB7B0D,,SHARAD TRIPATHI,Bharatiya Janata Party,SANT KABIR NAGAR,1011649,1,,Uttar Pradesh,348892,2014
,,#FB7B0D,,ADITYANATH,Bharatiya Janata Party,GORAKHPUR,1040199,1,,Uttar Pradesh,539127,2014
,,#FB7B0D,,RAJESH PANDEY URF GUDDU,Bharatiya Janata Party,KUSHI NAGAR,950445,1,,Uttar Pradesh,370051,2014
,,#FB7B0D,,KALRAJ MISHRA,Bharatiya Janata Party,DEORIA,971557,1,,Uttar Pradesh,496500,2014
,,#FB7B0D,,KAMLESH PASWAN,Bharatiya Janata Party,BANSGAON,877877,1,,Uttar Pradesh,417959,2014
,,#FB7B0D,,NEELAM SONKAR,Bharatiya Janata Party,LALGANJ,898655,1,,Uttar Pradesh,324016,2014
,,#B15928,,MULAYAM SINGH YADAV,Samajwadi Party,AZAMGARH,960218,1,,Uttar Pradesh,340306,2014
,,#FB7B0D,,HARINARAYAN RAJBHAR,Bharatiya Janata Party,GHOSI,1039656,1,,Uttar Pradesh,379797,2014
,,#FB7B0D,,RAVINDRA KUSHAWAHA,Bharatiya Janata Party,SALEMPUR,854749,1,,Uttar Pradesh,392213,2014
,,#FB7B0D,,BHARAT SINGH,Bharatiya Janata Party,BALLIA,942211,1,,Uttar Pradesh,359758,2014
,,#FB7B0D,,KRISHNA PRATAP 'K.P.',Bharatiya Janata Party,JAUNPUR,1007143,1,,Uttar Pradesh,367149,2014
,,#FB7B0D,,RAM CHARITRA NISHAD,Bharatiya Janata Party,MACHHLISHAHR,997902,1,,Uttar Pradesh,438210,2014
,,#FB7B0D,,MANOJ SINHA,Bharatiya Janata Party,GHAZIPUR,986673,1,,Uttar Pradesh,306929,2014
,,#FB7B0D,,DR MAHENDRA NATH PANDEY,Bharatiya Janata Party,CHANDAULI,980572,1,,Uttar Pradesh,414135,2014
,,#FB7B0D,,NARENDRA MODI,Bharatiya Janata Party,VARANASI,1030685,1,,Uttar Pradesh,581022,2014
,,#FB7B0D,,VIRENDRA SINGH,Bharatiya Janata Party,BHADOHI,981552,1,,Uttar Pradesh,403544,2014
,,#999,,ANUPRIYA SINGH PATEL,Apna Dal,MIRZAPUR,1007627,1,,Uttar Pradesh,436536,2014
,,#FB7B0D,,CHHOTELAL,Bharatiya Janata Party,ROBERTSGANJ,885873,1,,Uttar Pradesh,378211,2014
,,#0C6965,,RENUKA SINHA,All India Trinamool Congress,COOCH BEHAR,1332409,1,,West Bengal,526499,2014
,,#0C6965,,DASRATH TIRKEY,All India Trinamool Congress,ALIPURDUARS,1223566,1,,West Bengal,362453,2014
,,#0C6965,,BIJOY CHANDRA BARMAN,All India Trinamool Congress,JALPAIGURI,1302117,1,,West Bengal,494773,2014
,,#FB7B0D,,S.S.AHLUWALIA,Bharatiya Janata Party,DARJEELING,1142009,1,,West Bengal,488257,2014
,,#DE0000,,MD. SALIM,Communist Party of India  (Marxist),RAIGANJ,1108193,1,,West Bengal,317515,2014
,,#0C6965,,ARPITA GHOSH,All India Trinamool Congress,BALURGHAT,1063053,1,,West Bengal,409641,2014
,,#019733,,MAUSAM NOOR,Indian National Congress,MALDAHA UTTAR,1162985,1,,West Bengal,388609,2014
,,#019733,,ABU HASEM KHAN CHOWDHURY,Indian National Congress,MALDAHA DAKSHIN,1092407,1,,West Bengal,380291,2014
,,#019733,,ABHIJIT MUKHERJEE,Indian National Congress,JANGIPUR,1119084,1,,West Bengal,378201,2014
,,#019733,,ADHIR RANJAN CHOWDHURY,Indian National Congress,BAHARAMPUR,1154587,1,,West Bengal,583549,2014
,,#DE0000,,BADARUDDOZA KHAN,Communist Party of India  (Marxist),MURSHIDABAD,1287763,1,,West Bengal,426947,2014
,,#0C6965,,TAPAS PAUL,All India Trinamool Congress,KRISHNANAGAR,1247914,1,,West Bengal,438789,2014
,,#0C6965,,TAPAS MANDAL,All India Trinamool Congress,RANAGHAT,1353196,1,,West Bengal,590451,2014
,,#0C6965,,KAPIL KRISHNA THAKUR,All India Trinamool Congress,BANGAON,1283688,1,,West Bengal,551213,2014
,,#0C6965,,DINESH TRIVEDI,All India Trinamool Congress,BARRACKPORE,1051130,1,,West Bengal,479206,2014
,,#0C6965,,SAUGATA ROY,All India Trinamool Congress,DUM DUM,1132644,1,,West Bengal,483244,2014
,,#0C6965,,DR. KAKALI GHOSHDOSTIDAR,All India Trinamool Congress,BARASAT,1269331,1,,West Bengal,525387,2014
,,#0C6965,,IDRIS ALI,All India Trinamool Congress,BASIRHAT,1273771,1,,West Bengal,492326,2014
,,#0C6965,,PRATIMA MONDAL,All India Trinamool Congress,JOYNAGAR,1186052,1,,West Bengal,494746,2014
,,#0C6965,,CHOUDHURY MOHAN JATUA,All India Trinamool Congress,MATHURAPUR,1265531,1,,West Bengal,627761,2014
,,#0C6965,,ABHISHEK BANERJEE,All India Trinamool Congress,DIAMOND HARBOUR,1261296,1,,West Bengal,508481,2014
,,#0C6965,,SUGATA BOSE,All India Trinamool Congress,JADAVPUR,1272362,1,,West Bengal,584244,2014
,,#0C6965,,SUBRATA BAKSHI,All India Trinamool Congress,KOLKATA DAKSHIN,1167979,1,,West Bengal,431715,2014
,,#0C6965,,SUDIP BANDYOPADHYAY,All India Trinamool Congress,KOLKATA UTTAR,955778,1,,West Bengal,343687,2014
,,#0C6965,,PRASUN BANERJEE,All India Trinamool Congress,HOWRAH,1125399,1,,West Bengal,488461,2014
,,#0C6965,,SULTAN AHMED,All India Trinamool Congress,ULUBERIA,1186027,1,,West Bengal,570785,2014
,,#0C6965,,KALYAN BANERJEE,All India Trinamool Congress,SRERAMPUR,1290433,1,,West Bengal,514933,2014
,,#0C6965,,DR. RATNA DE (NAG),All India Trinamool Congress,HOOGHLY,1348870,1,,West Bengal,614312,2014
,,#0C6965,,APARUPA PODDAR (AFRIN ALI),All India Trinamool Congress,ARAMBAGH,1361934,1,,West Bengal,748764,2014
,,#0C6965,,ADHIKARI SUVENDU,All India Trinamool Congress,TAMLUK,1337684,1,,West Bengal,716928,2014
,,#0C6965,,ADHIKARI SISIR KUMAR,All India Trinamool Congress,KANTHI,1290811,1,,West Bengal,676749,2014
,,#0C6965,,ADHIKARI DEEPAK (DEV),All India Trinamool Congress,GHATAL,1366709,1,,West Bengal,685696,2014
,,#0C6965,,UMA SAREN,All India Trinamool Congress,JHARGRAM,1257613,1,,West Bengal,674504,2014
,,#0C6965,,SANDHYA ROY,All India Trinamool Congress,MEDINIPUR,1260032,1,,West Bengal,579860,2014
,,#0C6965,,DR. MRIGANKA MAHATO,All India Trinamool Congress,PURULIA,1204675,1,,West Bengal,468277,2014
,,#0C6965,,SREEMATI  DEV VARMA (MOON MOON SEN),All India Trinamool Congress,BANKURA,1236319,1,,West Bengal,483455,2014
,,#0C6965,,KHAN SAUMITRA,All India Trinamool Congress,BISHNUPUR,1272070,1,,West Bengal,578870,2014
,,#0C6965,,SUNIL KUMAR MONDAL,All India Trinamool Congress,BARDHAMAN PURBA,1320922,1,,West Bengal,574660,2014
,,#0C6965,,DR. MAMTAZ SANGHAMITA,All India Trinamool Congress,BURDWAN - DURGAPUR,1331242,1,,West Bengal,554521,2014
,,#FB7B0D,,BABUL SUPRIYA BARAL (BABUL SUPRIYO),Bharatiya Janata Party,ASANSOL,1142395,1,,West Bengal,419983,2014
,,#0C6965,,ANUPAM HAZRA,All India Trinamool Congress,BOLPUR,1304756,1,,West Bengal,630693,2014
,,#0C6965,,SATABDI ROY,All India Trinamool Congress,BIRBHUM,1275819,1,,West Bengal,460568,2014
,,#FB7B0D,,KAMALBHAN SINGH MARABI,Bharatiya Janata Party,SARGUJA,1187321,1,,Chhattisgarh,585336,2014
,,#FB7B0D,,VISHNU DEO SAI,Bharatiya Janata Party,RAIGARH,1246186,1,,Chhattisgarh,662478,2014
,,#FB7B0D,,KAMLA PATLE,Bharatiya Janata Party,JANJGIR-CHAMPA,1073347,1,,Chhattisgarh,518909,2014
,,#FB7B0D,,DR. BANSHILAL MAHTO,Bharatiya Janata Party,KORBA,1052720,1,,Chhattisgarh,439002,2014
,,#FB7B0D,,LAKHAN LAL SAHU,Bharatiya Janata Party,BILASPUR,1090457,1,,Chhattisgarh,561387,2014
,,#FB7B0D,,ABHISHEK SINGH,Bharatiya Janata Party,RAJNANDGAON,1178296,1,,Chhattisgarh,643473,2014
,,#019733,,TAMRADHWAJ SAHU,Indian National Congress,DURG,1258342,1,,Chhattisgarh,570687,2014
,,#FB7B0D,,RAMESH BAIS,Bharatiya Janata Party,RAIPUR,1250845,1,,Chhattisgarh,654922,2014
,,#FB7B0D,,CHANDU LAL SAHU (CHANDU BHAIYA),Bharatiya Janata Party,MAHASAMUND,1131209,1,,Chhattisgarh,503514,2014
,,#FB7B0D,,DINESH KASHYAP,Bharatiya Janata Party,BASTAR,769913,1,,Chhattisgarh,385829,2014
,,#FB7B0D,,VIKRAM DEV USENDI,Bharatiya Janata Party,KANKER,1016943,1,,Chhattisgarh,465215,2014
,,#999,,VIJAY KUMAR HANSDAK,Jharkhand Mukti Morcha,RAJMAHAL,951563,1,,Jharkhand,379507,2014
,,#999,,SHIBU SOREN,Jharkhand Mukti Morcha,DUMKA,903060,1,,Jharkhand,335815,2014
,,#FB7B0D,,NISHIKANT DUBEY,Bharatiya Janata Party,GODDA,1049442,1,,Jharkhand,380500,2014
,,#FB7B0D,,SUNIL KUMAR SINGH,Bharatiya Janata Party,CHATRA,712971,1,,Jharkhand,295862,2014
,,#FB7B0D,,RAVINDRA KR. RAY,Bharatiya Janata Party,KODARMA,1024906,1,,Jharkhand,365410,2014
,,#FB7B0D,,RAVINDRA KUMAR PANDEY,Bharatiya Janata Party,GIRIDIH,969997,1,,Jharkhand,391913,2014
,,#FB7B0D,,PASHUPATI NATH SINGH,Bharatiya Janata Party,DHANBAD,1143902,1,,Jharkhand,543491,2014
,,#FB7B0D,,RAM TAHAL CHOUDHARY,Bharatiya Janata Party,RANCHI,1049783,1,,Jharkhand,448729,2014
,,#FB7B0D,,BIDYUT BARAN MAHATO,Bharatiya Janata Party,JAMSHEDPUR,1049140,1,,Jharkhand,464153,2014
,,#FB7B0D,,LAXMAN GILUWA,Bharatiya Janata Party,SINGHBHUM,795286,1,,Jharkhand,303131,2014
,,#FB7B0D,,KARIA MUNDA,Bharatiya Janata Party,KHUNTI,736955,1,,Jharkhand,269185,2014
,,#FB7B0D,,SUDARSHAN BHAGAT,Bharatiya Janata Party,LOHARDAGA,651460,1,,Jharkhand,226666,2014
,,#FB7B0D,,VISHNU DAYAL RAM,Bharatiya Janata Party,PALAMAU,977323,1,,Jharkhand,476513,2014
,,#FB7B0D,,JAYANT SINHA,Bharatiya Janata Party,HAZARIBAGH,967152,1,,Jharkhand,406931,2014
,,#FB7B0D,,MALA RAJYA LAXMI SHAH,Bharatiya Janata Party,TEHRI GARHWAL,776214,1,,Uttarakhand,446733,2014
,,#FB7B0D,,(MAJ GEN (RETD.) ) BHUWAN CHANDRA KHANDURI (AVSM),Bharatiya Janata Party,GARHWAL,682024,1,,Uttarakhand,405690,2014
,,#FB7B0D,,AJAY TAMTA,Bharatiya Janata Party,ALMORA,656525,1,,Uttarakhand,348186,2014
,,#FB7B0D,,BHAGAT SINGH KOSHYARI,Bharatiya Janata Party,NAINITAL-UDHAMSINGH NAGAR,1101435,1,,Uttarakhand,636769,2014
,,#FB7B0D,,RAMESH POKHRIYAL NISHANK,Bharatiya Janata Party,HARDWAR,1175692,1,,Uttarakhand,592320,2014
,,#FB7B0D,,BISHNU PADA RAY,Bharatiya Janata Party,ANDAMAN & NICOBAR ISLANDS,190328,1,,Andaman & Nicobar Islands,90969,2014
,,#FB7B0D,,KHER KIRRON ANUPAM,Bharatiya Janata Party,CHANDIGARH,453455,1,,Chandigarh,191362,2014
,,#FB7B0D,,PATEL NATUBHAI GOMANBHAI,Bharatiya Janata Party,DADAR & NAGAR HAVELI,165286,1,,Dadra & Nagar Haveli,80790,2014
,,#FB7B0D,,PATEL LALUBHAI BABUBHAI,Bharatiya Janata Party,DAMAN & DIU,87233,1,,Daman & Diu,46960,2014
,,#FB7B0D,,DR. HARSH VARDHAN,Bharatiya Janata Party,CHANDNI CHOWK,981863,1,,NCT OF Delhi,437938,2014
,,#FB7B0D,,MANOJ TIWARI,Bharatiya Janata Party,NORTH EAST DELHI,1317338,1,,NCT OF Delhi,596125,2014
,,#FB7B0D,,MAHEISH GIRRI,Bharatiya Janata Party,EAST DELHI,1196336,1,,NCT OF Delhi,572202,2014
,,#FB7B0D,,MEENAKASHI LEKHI,Bharatiya Janata Party,NEW DELHI,969812,1,,NCT OF Delhi,453350,2014
,,#FB7B0D,,UDIT RAJ,Bharatiya Janata Party,NORTH WEST DELHI,1356036,1,,NCT OF Delhi,629860,2014
,,#FB7B0D,,PARVESH SAHIB SINGH VERMA,Bharatiya Janata Party,WEST DELHI,1347971,1,,NCT OF Delhi,651395,2014
,,#FB7B0D,,RAMESH BIDHURI,Bharatiya Janata Party,SOUTH DELHI,1102410,1,,NCT OF Delhi,497980,2014
,,#999,,MOHAMMED FAIZAL P.P.,Nationalist Congress Party,LAKSHADWEEP,43239,1,,Lakshadweep,21665,2014
,,#999,,R. RADHAKRISHNAN,All India N.R. Congress,PUDUCHERRY,740017,1,,Puducherry,255826,2014
