PARTY,YEAR,AC_NAME,NAME,SEX,AGE
IND,2006,Lawspet,S. KRISHNAN,M,79
ADMK,2011,Muthialpet,A. KASILINGAM,M,79
IND,2006,Ossudu,N. MARIMUTHU,M,77
ADMK,2006,Muthialpet,A. KASILINGAM,M,75
IND,2011,Mannadipet,N. RAJARAM,M,72
DMK,2011,Nellithope,R.V.JANAKIRAMAN,M,70
IND,2011,Nedungadu,A. MARIMUTHU,M,69
IND,2006,Mannadipeth,N. RAJARAM,M,68
LJP,2006,Oupalam,G.K. BASKARAN,M,67
AINRC,2011,Ariankuppam,V.SABAPATHY @,M,67
DMK,2006,Nellithope,R.V. JANAKIRAMAN,M,65
IND,2006,Yanam,RAKSHAHARIKRISHNA,M,65
IND,2011,Thattanchavady,N. ARJUNAN,M,65
ADMK,2011,Neravy T.R. Pattinam,ER. M. SELVARAJ,M,65
IND,2006,Nedungadu,A.MARIMUTHU,M,64
DMK,2011,Mudaliarpet,DR. M.A.S. SUBRAMANIAN,M,64
CPM,2011,Mahe,T.K.GANGADHARAN,M,64
BJP,2006,Mahe,V. BALAN,M,63
ADMK,2006,Palloor,SADGAMAYIL K.,M,63
AINRC,2011,Mangalam,P. ANANDABASKARAN,M,63
INC,2011,Kadirgamam,V. PETHAPERUMAL,M,63
IND,2011,Nellithope,VIJAYAN @ POORVATHANAN,M,63
ADMK,2011,Manavely,P.PURUSHOTHAMAN,M,63
CPM,2011,Lawspet,CH. BALAMOHANAN,M,62
AINRC,2011,Nedungadu,M.CHANDHRAKASU,M,62
BJP,2011,Mahe,RAJEENDRAN.N.K.,M,62
IND,2006,Mudaliarpet,V. SABAPATHY @,M,61
IND,2006,Yanam,RAKSHA SURYANARAYANA,M,61
AINRC,2011,Villianur,NADARAJAN .K,M,61
AINRC,2011,Kadirgamam,N. RANGASAMY,M,61
AINRC,2011,Indira Nagar,N. RANGASAMY,M,61
IND,2011,Ariankuppam,G.C. CHANDRAN,M,61
BJP,2006,Ozhukarai,DR.N. DHARMARAJ,M,60
IND,2006,Couchery,KALIAPERUMAL.S,M,60
IND,2006,Neravy-Grand Aldee,M. SELVARAJ,M,60
MDMK,2006,Nedungadu,K.M.KALIYAPERUMAL,M,60
INC,2006,Palloor,A.V.SREEDHARAN,M,60
INC,2011,Thirubuvanai,K. JAYARAJ,M,60
INC,2011,Kamaraj Nagar,V. VAITHILINGAM,M,60
IND,2011,Neravy T.R. Pattinam,V.M.C. SIVAKKUMAR,M,60
